"Pessoa autorizada a dispor","Tipo de depósito","Posição no depósito","Produto","Descrição produto","Lote","Documento","Data EM","Qtd.entr.UMAlt.","Qtd.saída UMA","Qtd.disponível UMA","Qtd.UMA","Unidade med.altern.","Qtd.disponível UMB","Quantidade","UM básica","Tipo de estoque","Denom.tipo estoque","Moeda","Valor total","Número de UCs","Hr.entr.mercadorias","Nº de quantos","Corr.pos.dep.","Col.posição depósito","Nível pos.dep.","Subdiv.pos.dep.","Bloq.saída depós.","Bloq.entr.depósito","Inv.fís.ativo","Unidade de transporte",
"1012","AEL","HID160101A","89540220","CAIXA SIFONADA QUAD BR 100X100X50MM KRON","","","2026-01-02","0","0","36","36","UN","36","36","UN","0L","MM 0020, vendas, livre","BRL","258.84","0","15:15:07","1","16","01","01","A","","","","",
"1012","AEL","HID160101A","89540255","SIFAO EXT UNIVERSAL DUPLO BR KRONA","","","2026-01-02","0","0","84","84","UN","84","84","UN","0L","MM 0020, vendas, livre","BRL","868.56","0","15:15:07","1","16","01","01","A","","","","",
"1012","AEL","HID160101A","89046713","SIFAO COPO EXT UNIVERSAL BR ASTRA","","","2026-01-28","0","0","60","60","UN","60","60","UN","0L","MM 0020, vendas, livre","BRL","500.40","0","08:40:46","1","16","01","01","A","","","","",
"1012","AEL","HID160101A","89046720","SIFAO COPO EXT UNIVERSAL CR ASTRA","","","2025-12-01","0","0","30","30","UN","30","30","UN","0L","MM 0020, vendas, livre","BRL","646.50","0","16:33:06","1","16","01","01","A","","","","",
"1012","AEL","HID160102A","89540241","SIFAO EXT UNIVERSAL LONGO BR 1,5M KRONA","","","2026-01-07","0","0","210","210","UN","210","210","UN","0L","MM 0020, vendas, livre","BRL","1707.30","0","11:26:30","1","16","01","02","A","","","","",
"1012","AEL","HID160103A","89840324","TE MACHO GÁS 20MMX3/4 PRENSAR EMMETI","","","2025-10-24","0","0","1","1","UN","1","1","UN","0L","MM 0020, vendas, livre","BRL","21.90","0","14:38:21","1","16","01","03","A","","","","",
"1012","AEL","HID160201A","89873721","TORNEIRA BOIA NEO 3/4"" E 1/2" BLUKIT","","","2025-06-05","0","0","502","502","UN","502","502","UN","0L","MM 0020, vendas, livre","BRL","3212.80","0","09:13:57","1","16","02","01","A","","","","",
"1012","AEL","HID160301A","89629365","SIFAO COPO EXT UNIVERSAL PT ASTRA","","","2026-01-28","0","0","40","40","UN","40","40","UN","0L","MM 0020, vendas, livre","BRL","428.40","0","08:40:46","1","16","03","01","A","","","","",
"1012","AEL","HID160301A","89470493","VALV LAV MET CB BD TP PLA 1(7/8) BOGNAR","","","2025-11-28","0","0","120","120","UN","120","120","UN","0L","MM 0020, vendas, livre","BRL","1688.40","0","16:35:40","1","16","03","01","A","","","","",
"1012","AEL","HID160301A","89611284","PARAFUSO VASO E BIDE B10 80MM INOX BOGNA","","","2025-11-28","0","0","480","480","UN","480","480","UN","0L","MM 0020, vendas, livre","BRL","2486.40","0","16:35:43","1","16","03","01","A","","","","",
"1012","AEL","HID160302A","89745166","BOLSA LIGACAO VASO EXCENT PT ASTRA","","","2025-12-01","0","0","39","39","UN","39","39","UN","0L","MM 0020, vendas, livre","BRL","433.68","0","16:33:06","1","16","03","02","A","","","","",
"1012","AEL","HID160302A","89273205","SIFAO COPO EXT UNIVERSAL BR TIGRE","","","2026-01-29","0","0","100","100","UN","100","100","UN","0L","MM 0020, vendas, livre","BRL","1388.00","0","11:28:21","1","16","03","02","A","","","","",
"1012","AEL","HID160303B","89824413","TE ESPIGÃO 1/2"" TRAMONTINA","","","2025-12-29","0","0","2","2","UN","2","2","UN","0L","MM 0020, vendas, livre","BRL","2.84","0","09:08:48","1","16","03","03","B","","","","",
"1012","AEL","HID160401A","89873546","KIT ACIO DUPLO P/CAIXA ACOPLADA BLUKIT","","","2025-06-05","0","0","144","144","UN","144","144","UN","0L","MM 0020, vendas, livre","BRL","14510.88","0","09:14:02","1","16","04","01","A","","","","",
"1012","AEL","HID160401B","89567373","CAIXA SIFONADA QUAD BR 150X150X50MM KRON","","","2026-01-02","0","0","72","72","UN","72","72","UN","0L","MM 0020, vendas, livre","BRL","1663.20","0","15:15:18","1","16","04","01","B","","","","",
"1012","AEL","HID160401B","89567380","CAIXA SIFONADA RED BR 150X150X50MM KRONA","","","2026-01-02","0","0","18","18","UN","18","18","UN","0L","MM 0020, vendas, livre","BRL","435.96","0","15:15:18","1","16","04","01","B","","","","",
"1012","AEL","HID160401B","89567394","CAIXA SIFONADA QUAD BR 150X185X75MM KRON","","","2026-01-02","0","0","12","12","UN","12","12","UN","0L","MM 0020, vendas, livre","BRL","319.80","0","15:15:18","1","16","04","01","B","","","","",
"1012","AEL","HID160501A","89273205","SIFAO COPO EXT UNIVERSAL BR TIGRE","","","2026-01-20","0","0","70","70","UN","70","70","UN","0L","MM 0020, vendas, livre","BRL","971.60","0","11:20:07","1","16","05","01","A","","","","",
"1012","AEL","HID160501A","89273114","VALV TANQUE PLAST TAMPA PLAS BR 1.1/4","","","2026-01-06","0","0","60","60","UN","60","60","UN","0L","MM 0020, vendas, livre","BRL","541.80","0","13:44:31","1","16","05","01","A","","","","",
"1012","AEL","HID160501A","89183304","VALV PIA AMERICANA PLAST CR 3.1/2 OVERTI","","","2026-01-30","0","0","50","50","UN","50","50","UN","0L","MM 0020, vendas, livre","BRL","261.50","0","08:21:36","1","16","05","01","A","","","","",
"1012","AEL","HID160501A","89104155","VALV PIA AMERICANA METAL 3.1/2 DECA","","","2024-11-12","0","0","21","21","UN","21","21","UN","0L","MM 0020, vendas, livre","BRL","1739.43","0","10:47:46","1","16","05","01","A","","","","",
"1012","AEL","HID160501A","89046713","SIFAO COPO EXT UNIVERSAL BR ASTRA","","","2025-12-12","0","0","10","10","UN","10","10","UN","0L","MM 0020, vendas, livre","BRL","83.40","0","09:00:01","1","16","05","01","A","","","","",
"1012","AEL","HID160501A","89700401","SIFAO EXT UNIVERSAL LONGO BR 2M CENSI","","","2026-01-29","0","0","20","20","UN","20","20","UN","0L","MM 0020, vendas, livre","BRL","233.40","0","10:44:33","1","16","05","01","A","","","","",
"1012","AEL","HID160501A","89688620","VALV PIA AMERICANA INOX 3.1/2 TRAMONTINA","","","2025-11-30","0","0","50","50","UN","50","50","UN","0L","MM 0020, vendas, livre","BRL","999.00","0","14:25:23","1","16","05","01","A","","","","",
"1012","AEL","HID160501A","89540255","SIFAO EXT UNIVERSAL DUPLO BR KRONA","","","2026-01-14","0","0","12","12","UN","12","12","UN","0L","MM 0020, vendas, livre","BRL","124.08","0","12:48:44","1","16","05","01","A","","","","",
"1012","AEL","HID160501A","89540220","CAIXA SIFONADA QUAD BR 100X100X50MM KRON","","","2026-01-02","0","0","36","36","UN","36","36","UN","0L","MM 0020, vendas, livre","BRL","258.84","0","15:15:07","1","16","05","01","A","","","","",
"1012","AEL","HID160502A","89273163","SIFAO EXT UNIVERSAL BR TIGRE","","","2025-10-23","0","0","200","200","UN","200","200","UN","0L","MM 0020, vendas, livre","BRL","834.00","0","15:53:40","1","16","05","02","A","","","","",
"1012","AEL","HID160502A","89233865","ANEL VED VASO C/ GUIA PULVITEC","","","2025-11-09","0","0","72","72","UN","72","72","UN","0L","MM 0020, vendas, livre","BRL","196.56","0","13:41:04","1","16","05","02","A","","","","",
"1012","AEL","HID160502A","89183304","VALV PIA AMERICANA PLAST CR 3.1/2 OVERTI","","","2025-09-19","0","0","150","150","UN","150","150","UN","0L","MM 0020, vendas, livre","BRL","784.50","0","07:47:42","1","16","05","02","A","","","","",
"1012","AEL","HID160502A","89183276","RALO JAPONES LAV E TANQUE INOX 7/8","","","2026-01-30","0","0","240","240","UN","240","240","UN","0L","MM 0020, vendas, livre","BRL","444.00","0","08:21:36","1","16","05","02","A","","","","",
"1012","AEL","HID160502A","89183255","RALO JAPONES PIA VALV AME INOX 3.1/2","","","2025-06-20","0","0","200","200","UN","200","200","UN","0L","MM 0020, vendas, livre","BRL","432.00","0","16:36:59","1","16","05","02","A","","","","",
"1012","AEL","HID160502A","89745166","BOLSA LIGACAO VASO EXCENT PT ASTRA","","","2026-01-28","0","0","19","19","UN","19","19","UN","0L","MM 0020, vendas, livre","BRL","211.28","0","08:40:50","1","16","05","02","A","","","","",
"1012","AEL","HID160502A","89783190","GRELHA FEC AUT MAX QUAD ABS CR DN100 EST","","","2024-09-09","0","0","100","100","UN","100","100","UN","0L","MM 0020, vendas, livre","BRL","1042.00","0","09:40:13","1","16","05","02","A","","","","",
"1012","AEL","HID160503A","89540262","SIFAO EXT UNIVERSAL BR KRONA","","","2025-09-19","0","0","432","432","UN","432","432","UN","0L","MM 0020, vendas, livre","BRL","1637.28","0","07:47:42","1","16","05","03","A","","","","",
"1012","AEL","HID160503A","89572014","GRELHA ABRE FEC QUAD INOX DN100 BOGNAR","","","2025-11-28","0","0","90","90","UN","90","90","UN","0L","MM 0020, vendas, livre","BRL","403.20","0","16:35:48","1","16","05","03","A","","","","",
"1012","AEL","HID160503A","89042233","CORPO CAIXA SIFONADA 100X100X50MM TIGRE","","","2025-10-23","0","0","84","84","UN","84","84","UN","0L","MM 0020, vendas, livre","BRL","1166.76","0","15:53:41","1","16","05","03","A","","","","",
"1012","AEL","HID160504A","89109524","ANEL VED VASO C/ GUIA CENSI","","","2025-12-04","0","0","120","120","UN","120","120","UN","0L","MM 0020, vendas, livre","BRL","674.40","0","13:59:00","1","16","05","04","A","","","","",
"1012","AEL","HID160505A","89289424","JOELHO 90 ESG SN PVC DN50 FORTLEV","","","2025-10-31","0","0","175","175","UN","175","175","UN","0L","MM 0020, vendas, livre","BRL","255.50","0","15:16:58","1","16","05","05","A","","","","",
"1012","AEL","HID160601A","89290173","CURVA 90 CURTA ESG SN PVC DN100 FORTLEV","","","2025-10-13","0","0","80","80","UN","80","80","UN","0L","MM 0020, vendas, livre","BRL","1000.00","0","12:49:03","1","16","06","01","A","","","","",
"1012","AEL","HID160701A","89540220","CAIXA SIFONADA QUAD BR 100X100X50MM KRON","","","2026-01-08","0","0","142","142","UN","142","142","UN","0L","MM 0020, vendas, livre","BRL","1020.98","0","20:22:36","1","16","07","01","A","","","","",
"1012","AEL","HID160701A","89040084","JOELHO 45 ESG SN PVC DN75 TIGRE","","","2025-11-04","0","0","45","45","UN","45","45","UN","0L","MM 0020, vendas, livre","BRL","235.80","0","12:46:21","1","16","07","01","A","","","","",
"1012","AEL","HID160701A","89290173","CURVA 90 CURTA ESG SN PVC DN100 FORTLEV","","","2025-12-11","0","0","30","30","UN","30","30","UN","0L","MM 0020, vendas, livre","BRL","375.00","0","17:32:26","1","16","07","01","A","","","","",
"1012","AEL","HID160701A","89289326","TE RED ESG SN PVC DN100X50 FORTLEV","","","2026-01-12","0","0","30","30","UN","30","30","UN","0L","MM 0020, vendas, livre","BRL","234.90","0","16:44:33","1","16","07","01","A","","","","",
"1012","AEL","HID160702A","89289305","TE ESG SN PVC DN50 FORTLEV","","","2026-01-09","0","0","400","400","UN","400","400","UN","0L","MM 0020, vendas, livre","BRL","1380.00","0","09:48:41","1","16","07","02","A","","","","",
"1012","AEL","HID160702A","89289585","LUVA SIMPLES ESG SN PVC DN75 FORTLEV","","","2026-01-09","0","0","140","140","UN","140","140","UN","0L","MM 0020, vendas, livre","BRL","435.40","0","09:48:30","1","16","07","02","A","","","","",
"1012","AEL","HID160703A","89572056","GRELHA AF CAIX QUAD INOX DN100 BOGNAR","","","2025-11-28","0","0","12","12","UN","12","12","UN","0L","MM 0020, vendas, livre","BRL","98.76","0","16:35:43","1","16","07","03","A","","","","",
"1012","AEL","HID160801B","89289410","JOELHO 90 ESG SN PVC DN100 FORTLEV","","","2025-10-13","0","0","300","300","UN","300","300","UN","0L","MM 0020, vendas, livre","BRL","1044.00","0","12:49:02","1","16","08","01","B","","","","",
"1012","AEL","HID160901A","89800480","RALO LINEAR GRELHA BR 70CM","","","2026-01-09","0","0","20","20","UN","20","20","UN","0L","MM 0020, vendas, livre","BRL","1211.80","0","09:53:59","1","16","09","01","A","","","","",
"1012","AEL","HID160901A","89466853","TE RED LIGAFACIL ESG SN DN100X50 ESTRELA","","","2025-08-30","0","0","31","31","UN","31","31","UN","0L","MM 0020, vendas, livre","BRL","874.20","0","09:39:00","1","16","09","01","A","","","","",
"1012","AEL","HID160901A","89042261","CORPO CAIXA SIFONADA 150X150X50MM TIGRE","","","2025-05-15","0","0","12","12","UN","12","12","UN","0L","MM 0020, vendas, livre","BRL","374.88","0","16:06:11","1","16","09","01","A","","","","",
"1012","AEL","HID160901A","89042415","CAIXA SIFONADA RED BR 250X230X75MM TIGRE","","","2026-01-06","0","0","3","3","UN","3","3","UN","0L","MM 0020, vendas, livre","BRL","282.90","0","13:44:30","1","16","09","01","A","","","","",
"1012","AEL","HID160902A","89040763","VALV RETENCAO MEIO ESG SN DN150 TIGRE","","","2025-03-15","0","0","4","4","UN","4","4","UN","0L","MM 0020, vendas, livre","BRL","813.28","0","09:59:46","1","16","09","02","A","","","","",
"1012","AEL","HID160902A","89042940","RALO LINEAR GRELHA CZ 90CM TIGRE","","","2025-10-23","0","0","20","20","UN","20","20","UN","0L","MM 0020, vendas, livre","BRL","2466.40","0","15:53:41","1","16","09","02","A","","","","",
"1012","AEL","HID160902A","89311341","PORTA GRELHA QD/GR RED CR DN100 LUCONI","","","2024-12-11","0","0","158","158","UN","158","158","UN","0L","MM 0020, vendas, livre","BRL","483.48","0","15:26:22","1","16","09","02","A","","","","",
"1012","AEL","HID161001A","89040161","JOELHO 90 ESG SN PVC DN100 TIGRE","","","2025-12-16","0","0","400","400","UN","400","400","UN","0L","MM 0020, vendas, livre","BRL","2164.00","0","18:51:36","1","16","10","01","A","","","","",
"1012","AEL","HID161101A","89497884","RALO PISO CLICK QUAD CR 15X15CM BOGNAR","","","2025-12-12","0","0","12","12","UN","12","12","UN","0L","MM 0020, vendas, livre","BRL","291.48","0","10:25:44","1","16","11","01","A","","","","",
"1012","AEL","HID161101A","89699764","CAIXA SIFONADA QUAD BR 250X200MM ASTRA","","","2025-03-10","0","0","4","4","UN","4","4","UN","0L","MM 0020, vendas, livre","BRL","322.68","0","12:42:37","1","16","11","01","A","","","","",
"1012","AEL","HID161101A","89699771","CAIXA SIFONADA QUAD BR 250X200MM ASTRA","","","2025-06-16","0","0","4","4","UN","4","4","UN","0L","MM 0020, vendas, livre","BRL","336.76","0","08:48:40","1","16","11","01","A","","","","",
"1012","AEL","HID161101A","89040385","LUVA SIMPLES ESG SN PVC DN100 TIGRE","","","2025-12-16","0","0","60","60","UN","60","60","UN","0L","MM 0020, vendas, livre","BRL","260.40","0","18:51:38","1","16","11","01","A","","","","",
"1012","AEL","HID161101A","89042401","CAIXA SIFONADA RED BR 250X172X50MM TIGRE","","","2025-12-16","0","0","16","16","UN","16","16","UN","0L","MM 0020, vendas, livre","BRL","1149.28","0","18:51:39","1","16","11","01","A","","","","",
"1012","AEL","HID161101A","89207811","CURVA 90 LONGA ESG SN PVC DN100 FORTLEV","","","2025-12-19","0","0","16","16","UN","16","16","UN","0L","MM 0020, vendas, livre","BRL","428.16","0","09:57:12","1","16","11","01","A","","","","",
"1012","AEL","HID161101A","89288115","TE LIGAFACIL ESG SN DN100 ESTRELA","","","2025-12-15","0","0","11","11","UN","11","11","UN","0L","MM 0020, vendas, livre","BRL","347.38","0","13:40:16","1","16","11","01","A","","","","",
"1012","AEL","HID161101A","89290173","CURVA 90 CURTA ESG SN PVC DN100 FORTLEV","","","2025-12-11","0","0","10","10","UN","10","10","UN","0L","MM 0020, vendas, livre","BRL","125.00","0","17:32:26","1","16","11","01","A","","","","",
"1012","AEL","HID161102A","89042415","CAIXA SIFONADA RED BR 250X230X75MM TIGRE","","","2025-10-09","0","0","6","6","UN","6","6","UN","0L","MM 0020, vendas, livre","BRL","565.80","0","16:22:49","1","16","11","02","A","","","","",
"1012","AEL","HID161102A","89040756","VALV RETENCAO MEIO ESG SN DN100 TIGRE","","","2025-10-09","0","0","15","15","UN","15","15","UN","0L","MM 0020, vendas, livre","BRL","1344.60","0","16:22:47","1","16","11","02","A","","","","",
"1012","AEL","HID161102A","89540220","CAIXA SIFONADA QUAD BR 100X100X50MM KRON","","","2025-12-09","0","0","28","28","UN","28","28","UN","0L","MM 0020, vendas, livre","BRL","201.32","0","14:11:47","1","16","11","02","A","","","","",
"1012","AEL","HID161102A","89789091","GRELHA ABRE FEC RED PVC PT DN150 ESTRELA","","","2025-01-29","0","0","160","160","UN","160","160","UN","0L","MM 0020, vendas, livre","BRL","1172.80","0","10:48:53","1","16","11","02","A","","","","",
"1012","AEL","HID161201A","89045306","CX DESCARGA BR 6/9L ASTRA","","","2025-09-19","0","0","50","50","UN","50","50","UN","0L","MM 0020, vendas, livre","BRL","1396.00","0","07:47:42","1","16","12","01","A","","","","",
"1012","AEL","HID161301A","89039972","CURVA 90 CURTA ESG SN PVC DN100 TIGRE","","","2025-10-14","0","0","20","20","UN","20","20","UN","0L","MM 0020, vendas, livre","BRL","303.60","0","11:11:33","1","16","13","01","A","","","","",
"1012","AEL","HID161301A","89040105","JOELHO 45 ESG SN PVC DN150 TIGRE","","","2026-01-29","0","0","20","20","UN","20","20","UN","0L","MM 0020, vendas, livre","BRL","851.60","0","11:28:18","1","16","13","01","A","","","","",
"1012","AEL","HID161301A","89040280","JUNCAO RED ESG SN PVC DN150X100 TIGRE","","","2025-10-07","0","0","10","10","UN","10","10","UN","0L","MM 0020, vendas, livre","BRL","536.80","0","17:02:47","1","16","13","01","A","","","","",
"1012","AEL","HID161301A","89040483","REDUCAO EXC ESG SN PVC DN150X100 TIGRE","","","2026-01-29","0","0","33","33","UN","33","33","UN","0L","MM 0020, vendas, livre","BRL","671.55","0","11:28:15","1","16","13","01","A","","","","",
"1012","AEL","HID161301A","89207615","LUVA CORRER ESG SN PVC DN100 FORTLEV","","","2025-09-12","0","0","20","20","UN","20","20","UN","0L","MM 0020, vendas, livre","BRL","217.20","0","11:39:52","1","16","13","01","A","","","","",
"1012","AEL","HID161301A","89289690","REDUCAO EXC ESG SN PVC DN100X75 FORTLEV","","","2025-12-11","0","0","60","60","UN","60","60","UN","0L","MM 0020, vendas, livre","BRL","365.40","0","17:27:24","1","16","13","01","A","","","","",
"1012","AEL","HID161301A","89290152","CURVA 90 CURTA ESG SN PVC DN50 FORTLEV","","","2025-12-11","0","0","120","120","UN","120","120","UN","0L","MM 0020, vendas, livre","BRL","717.60","0","17:32:29","1","16","13","01","A","","","","",
"1012","AEL","HID161301A","89290250","JUNCAO RED ESG SN PVC DN100X75 FORTLEV","","","2026-01-16","0","0","50","50","UN","50","50","UN","0L","MM 0020, vendas, livre","BRL","905.00","0","14:57:35","1","16","13","01","A","","","","",
"1012","AEL","HID161302A","89289326","TE RED ESG SN PVC DN100X50 FORTLEV","","","2025-12-11","0","0","30","30","UN","30","30","UN","0L","MM 0020, vendas, livre","BRL","234.90","0","17:27:32","1","16","13","02","A","","","","",
"1012","AEL","HID161302A","89290180","JOELHO 45 ESG SN PVC DN75 FORTLEV","","","2025-12-11","0","0","330","330","UN","330","330","UN","0L","MM 0020, vendas, livre","BRL","1630.20","0","17:32:31","1","16","13","02","A","","","","",
"1012","AEL","HID161302A","89289585","LUVA SIMPLES ESG SN PVC DN75 FORTLEV","","","2026-01-09","0","0","140","140","UN","140","140","UN","0L","MM 0020, vendas, livre","BRL","435.40","0","09:48:33","1","16","13","02","A","","","","",
"1012","AEL","HID161302A","89040070","JOELHO 45 ESG SN PVC DN50 TIGRE","","","2025-08-21","0","0","135","135","UN","135","135","UN","0L","MM 0020, vendas, livre","BRL","324.00","0","11:38:33","1","16","13","02","A","","","","",
"1012","AEL","HID161303A","89800354","LUVA ESG SN DN 200 FORTLEV","","","2026-01-09","0","0","27","27","UN","27","27","UN","0L","MM 0020, vendas, livre","BRL","844.83","0","09:48:40","1","16","13","03","A","","","","",
"1012","AEL","HID161303A","89207615","LUVA CORRER ESG SN PVC DN100 FORTLEV","","","2026-01-09","0","0","140","140","UN","140","140","UN","0L","MM 0020, vendas, livre","BRL","1520.40","0","09:48:48","1","16","13","03","A","","","","",
"1012","AEL","HID161401A","89240571","TUBO ESG SN PVC 1M DN100 AMBARTECH-TIGRE","","","2024-10-02","0","0","56","56","UN","56","56","UN","0L","MM 0020, vendas, livre","BRL","1206.24","0","08:55:37","1","16","14","01","A","","","","",
"1012","AEL","HID161401B","89290222","JUNCAO SIMPLES ESG SN PVC DN100 FORTLEV","","","2025-10-17","0","0","100","100","UN","100","100","UN","0L","MM 0020, vendas, livre","BRL","1094.00","0","13:11:24","1","16","14","01","B","","","","",
"1012","AEL","HID161401B","89290236","JUNCAO RED ESG SN PVC DN100X50 FORTLEV","","","2025-10-13","0","0","40","40","UN","40","40","UN","0L","MM 0020, vendas, livre","BRL","436.00","0","12:49:02","1","16","14","01","B","","","","",
"1012","AEL","HID161501A","89289361","REDUCAO EXC ESG SN PVC DN100X50 FORTLEV","","","2025-11-19","0","0","60","60","UN","60","60","UN","0L","MM 0020, vendas, livre","BRL","272.40","0","10:21:51","1","16","15","01","A","","","","",
"1012","AEL","HID161501A","89289326","TE RED ESG SN PVC DN100X50 FORTLEV","","","2026-01-12","0","0","10","10","UN","10","10","UN","0L","MM 0020, vendas, livre","BRL","78.30","0","16:44:33","1","16","15","01","A","","","","",
"1012","AEL","HID161501A","89290222","JUNCAO SIMPLES ESG SN PVC DN100 FORTLEV","","","2025-12-13","0","0","20","20","UN","20","20","UN","0L","MM 0020, vendas, livre","BRL","218.80","0","11:16:36","1","16","15","01","A","","","","",
"1012","AEL","HID161501A","89290215","JUNCAO SIMPLES ESG SN PVC DN75 FORTLEV","","","2025-11-21","0","0","10","10","UN","10","10","UN","0L","MM 0020, vendas, livre","BRL","105.60","0","16:20:54","1","16","15","01","A","","","","",
"1012","AEL","HID161501A","89290201","JUNCAO SIMPLES ESG SN PVC DN50 FORTLEV","","","2025-10-17","0","0","50","50","UN","50","50","UN","0L","MM 0020, vendas, livre","BRL","284.00","0","13:11:21","1","16","15","01","A","","","","",
"1012","AEL","HID161501A","89290180","JOELHO 45 ESG SN PVC DN75 FORTLEV","","","2025-12-09","0","0","70","70","UN","70","70","UN","0L","MM 0020, vendas, livre","BRL","345.80","0","15:25:30","1","16","15","01","A","","","","",
"1012","AEL","HID161501A","89417363","PROLONG CX SIFONADA 20CM DN100 FORTLEV","","","2025-08-27","0","0","38","38","UN","38","38","UN","0L","MM 0020, vendas, livre","BRL","189.62","0","20:54:11","1","16","15","01","A","","","","",
"1012","AEL","HID161501A","89417370","PROLONG CX SIFONADA 20CM DN150 FORTLEV","","","2025-08-08","0","0","9","9","UN","9","9","UN","0L","MM 0020, vendas, livre","BRL","84.51","0","11:47:07","1","16","15","01","A","","","","",
"1012","AEL","HID161501A","89634125","RALO LINEAR INVISIVEL BR 90CM ESTRELA","","","2025-10-10","0","0","19","19","UN","19","19","UN","0L","MM 0020, vendas, livre","BRL","1634.00","0","09:13:40","1","16","15","01","A","","","","",
"1012","AEL","HID161502A","89634083","RALO LINEAR INVISIVEL BR 50CM ESTRELA","","","2025-12-15","0","0","20","20","UN","20","20","UN","0L","MM 0020, vendas, livre","BRL","980.40","0","13:00:47","1","16","15","02","A","","","","",
"1012","AEL","HID161502A","89634104","RALO LINEAR INVISIVEL BR 70CM ESTRELA","","","2025-11-14","0","0","8","8","UN","8","8","UN","0L","MM 0020, vendas, livre","BRL","519.12","0","17:35:44","1","16","15","02","A","","","","",
"1012","AEL","HID161502A","89783253","GRELHA FEC AUT MAX RED ABS CR DN100 EST","","","2025-12-15","0","0","1","1","UN","1","1","UN","0L","MM 0020, vendas, livre","BRL","9.60","0","13:40:16","1","16","15","02","A","","","","",
"1012","AEL","HID161502A","89466902","RALO LINEAR GRELHA CEGA INOX 70CM ESTR","","","2025-11-14","0","0","32","32","UN","32","32","UN","0L","MM 0020, vendas, livre","BRL","4033.28","0","17:35:44","1","16","15","02","A","","","","",
"1012","AEL","HID161502A","89522615","RALO LINEAR INVISIVEL PREMIUM LAT 70CM","","","2025-02-07","0","0","4","4","UN","4","4","UN","0L","MM 0020, vendas, livre","BRL","560.36","0","15:59:55","1","16","15","02","A","","","","",
"1012","AEL","HID161502A","89405470","RALO LINEAR GRELHA INOX 70CM ESTRELA","","","2024-09-09","0","0","2","2","UN","2","2","UN","0L","MM 0020, vendas, livre","BRL","212.14","0","09:40:13","1","16","15","02","A","","","","",
"1012","AEL","HID161502A","89427611","RALO LINEAR INVISIVEL BR 70CM TIGRE","","","2025-12-16","0","0","11","11","UN","11","11","UN","0L","MM 0020, vendas, livre","BRL","1403.82","0","18:51:25","1","16","15","02","A","","","","",
"1012","AEL","HID161502A","89042933","RALO LINEAR GRELHA BR 90CM TIGRE","","","2025-11-24","0","0","4","4","UN","4","4","UN","0L","MM 0020, vendas, livre","BRL","338.56","0","07:09:43","1","16","15","02","A","","","","",
"1012","AEL","HID161503A","89039972","CURVA 90 CURTA ESG SN PVC DN100 TIGRE","","","2025-12-16","0","0","30","30","UN","30","30","UN","0L","MM 0020, vendas, livre","BRL","455.40","0","18:51:33","1","16","15","03","A","","","","",
"1012","AEL","HID161503A","89040070","JOELHO 45 ESG SN PVC DN50 TIGRE","","","2025-12-16","0","0","135","135","UN","135","135","UN","0L","MM 0020, vendas, livre","BRL","324.00","0","18:51:35","1","16","15","03","A","","","","",
"1012","AEL","HID161503A","89040112","JOELHO 90 VISITA ESG SN DN100X50 TIGRE","","","2025-12-16","0","0","20","20","UN","20","20","UN","0L","MM 0020, vendas, livre","BRL","381.20","0","18:51:17","1","16","15","03","A","","","","",
"1012","AEL","HID161503A","89040392","LUVA SIMPLES ESG SN PVC DN150 TIGRE","","","2025-12-16","0","0","14","14","UN","14","14","UN","0L","MM 0020, vendas, livre","BRL","302.40","0","18:51:40","1","16","15","03","A","","","","",
"1012","AEL","HID161503A","89289802","REDUCAO EXC ESG SN PVC DN75X50 FORTLEV","","","2026-01-30","0","0","120","120","UN","120","120","UN","0L","MM 0020, vendas, livre","BRL","472.80","0","10:54:13","1","16","15","03","A","","","","",
"1012","AEL","HID161504A","89040553","TE RED ESG SN PVC DN100X50 TIGRE","","","2026-01-06","0","0","50","50","UN","50","50","UN","0L","MM 0020, vendas, livre","BRL","519.50","0","13:43:58","1","16","15","04","A","","","","",
"1012","AEL","HID161504A","89040392","LUVA SIMPLES ESG SN PVC DN150 TIGRE","","","2026-01-06","0","0","15","15","UN","15","15","UN","0L","MM 0020, vendas, livre","BRL","324.00","0","13:44:00","1","16","15","04","A","","","","",
"1012","AEL","HID161504A","89440911","TE ESG SR PVC DN75 AMANCO","","","2025-06-06","0","0","16","16","UN","16","16","UN","0L","MM 0020, vendas, livre","BRL","294.24","0","11:47:46","1","16","15","04","A","","","","",
"1012","AEL","HID161504A","89440834","CAP ESG SR PVC DN150 AMANCO","","","2025-06-06","0","0","24","24","UN","24","24","UN","0L","MM 0020, vendas, livre","BRL","1047.12","0","11:47:46","1","16","15","04","A","","","","",
"1012","AEL","HID161504A","89440750","JUNCAO SIMPLES ESG SR PVC DN50 AMANCO","","","2025-06-06","0","0","40","40","UN","40","40","UN","0L","MM 0020, vendas, livre","BRL","510.80","0","11:47:46","1","16","15","04","A","","","","",
"1012","AEL","HID161504A","89440736","JUNCAO SIMPLES ESG SR PVC DN100 AMANCO","","","2025-05-16","0","0","9","9","UN","9","9","UN","0L","MM 0020, vendas, livre","BRL","277.02","0","13:37:29","1","16","15","04","A","","","","",
"1012","AEL","HID161504A","89440701","JUNCAO RED ESG SR PVC DN100X50 AMANCO","","","2025-02-07","0","0","40","40","UN","40","40","UN","0L","MM 0020, vendas, livre","BRL","845.60","0","10:45:39","1","16","15","04","A","","","","",
"1012","AEL","HID161505A","89289445","LUVA SIMPLES ESG SN PVC DN50 FORTLEV","","","2025-10-02","0","0","900","900","UN","900","900","UN","0L","MM 0020, vendas, livre","BRL","1314.00","0","09:06:42","1","16","15","05","A","","","","",
"1012","AEL","HID161601B","89289403","JOELHO 90 ESG SN PVC DN75 FORTLEV","","","2025-11-21","0","0","420","420","UN","420","420","UN","0L","MM 0020, vendas, livre","BRL","1218.00","0","16:20:53","1","16","16","01","B","","","","",
"1012","AEL","HID180101A","89720232","BASE REG PRESS MVS 3/4 1416 PERTUTTI DOC","","","2025-10-02","0","0","30","30","UN","30","30","UN","0L","MM 0020, vendas, livre","BRL","2052.60","0","06:49:26","1","18","01","01","A","","","","",
"1012","AEL","HID180101A","89720260","BASE MONO P/ DUCHA HIG BP/AP 1/2 3/4 DOC","","","2025-06-17","0","0","2","2","UN","2","2","UN","0L","MM 0020, vendas, livre","BRL","719.60","0","08:49:45","1","18","01","01","A","","","","",
"1012","AEL","HID180101A","89103952","ACAB VALV DESCARGA BR HYDRA MAX","","","2024-11-12","0","0","17","17","UN","17","17","UN","0L","MM 0020, vendas, livre","BRL","741.88","0","10:47:46","1","18","01","01","A","","","","",
"1012","AEL","HID180101A","89111183","FERRAMENTA CX ACOPLADA UNIV CENSI","","","2025-12-04","0","0","5","5","UN","5","5","UN","0L","MM 0020, vendas, livre","BRL","220.75","0","13:58:57","1","18","01","01","A","","","","",
"1012","AEL","HID180101A","89111512","MECAN ENTRA UNIV CX ACOP MASTERFLUX 9000","","","2025-12-04","0","0","140","140","UN","140","140","UN","0L","MM 0020, vendas, livre","BRL","5261.20","0","13:58:57","1","18","01","01","A","","","","",
"1012","AEL","HID180101A","89300043","FITA VEDA ROSCA 18MMX10M FIRLON","","","2025-09-12","0","0","120","120","UN","120","120","UN","0L","MM 0020, vendas, livre","BRL","154.80","0","08:38:03","1","18","01","01","A","","","","",
"1012","AEL","HID180101A","89300064","FITA VEDA ROSCA 18MMX50M FIRLON","","","2026-01-30","0","0","840","840","UN","840","840","UN","0L","MM 0020, vendas, livre","BRL","3586.80","0","10:39:12","1","18","01","01","A","","","","",
"1012","AEL","HID180102A","89290061","TE SOLD BUCHA LT AZ 25MMX1/2 FORTLEV","","","2026-01-30","0","0","450","450","UN","450","450","UN","0L","MM 0020, vendas, livre","BRL","1962.00","0","10:54:02","1","18","01","02","A","","","","",
"1012","AEL","HID180102A","89289921","TE SOLD 32MM FORTLEV","","","2026-01-09","0","0","90","90","UN","90","90","UN","0L","MM 0020, vendas, livre","BRL","243.00","0","09:48:39","1","18","01","02","A","","","","",
"1012","AEL","HID180102A","89289816","LUVA SOLD 25MM FORTLEV","","","2025-12-19","0","0","1800","1800","UN","1800","1800","UN","0L","MM 0020, vendas, livre","BRL","774.00","0","09:57:09","1","18","01","02","A","","","","",
"1012","AEL","HID180102A","89289795","LUVA SOLD 20MM FORTLEV","","","2025-11-07","0","0","1150","1150","UN","1150","1150","UN","0L","MM 0020, vendas, livre","BRL","322.00","0","12:16:16","1","18","01","02","A","","","","",
"1012","AEL","HID180102A","89289746","JOELHO 90 SOLD 40MM FORTLEV","","","2025-10-17","0","0","100","100","UN","100","100","UN","0L","MM 0020, vendas, livre","BRL","245.00","0","13:11:20","1","18","01","02","A","","","","",
"1012","AEL","HID180102A","89289732","JOELHO 90 SOLD 32MM FORTLEV","","","2026-01-09","0","0","350","350","UN","350","350","UN","0L","MM 0020, vendas, livre","BRL","448.00","0","09:48:43","1","18","01","02","A","","","","",
"1012","AEL","HID180102A","89289606","CURVA 90 SOLD 20MM FORTLEV","","","2026-01-09","0","0","460","460","UN","460","460","UN","0L","MM 0020, vendas, livre","BRL","745.20","0","09:48:39","1","18","01","02","A","","","","",
"1012","AEL","HID180102A","89610745","REG ESF SOLD C/ ANEL PVC 25MM FORTLEV","","","2026-01-09","0","0","30","30","UN","30","30","UN","0L","MM 0020, vendas, livre","BRL","339.30","0","09:48:39","1","18","01","02","A","","","","",
"1012","AEL","HID180102A","89567576","REG ESF SOLD COMP PVC 25MM KRONA","","","2026-01-02","0","0","153","153","UN","153","153","UN","0L","MM 0020, vendas, livre","BRL","527.85","0","15:15:13","1","18","01","02","A","","","","",
"1012","AEL","HID180103A","89056212","JOELHO 90 SOLD 20MM TIGRE","","","2025-12-16","0","0","450","450","UN","450","450","UN","0L","MM 0020, vendas, livre","BRL","207.00","0","18:51:32","1","18","01","03","A","","","","",
"1012","AEL","HID180103A","89289711","JOELHO 90 SOLD 20MM FORTLEV","","","2025-12-11","0","0","1100","1100","UN","1100","1100","UN","0L","MM 0020, vendas, livre","BRL","308.00","0","17:32:32","1","18","01","03","A","","","","",
"1012","AEL","HID180103A","89289893","TE SOLD 20MM FORTLEV","","","2025-12-11","0","0","350","350","UN","350","350","UN","0L","MM 0020, vendas, livre","BRL","175.00","0","17:32:32","1","18","01","03","A","","","","",
"1012","AEL","HID180103A","89290040","LUVA SOLD BUCHA LT AZ 25MMX3/4 FORTLEV","","","2025-07-21","0","0","200","200","UN","200","200","UN","0L","MM 0020, vendas, livre","BRL","616.00","0","14:46:11","1","18","01","03","A","","","","",
"1012","AEL","HID180103A","89290061","TE SOLD BUCHA LT AZ 25MMX1/2 FORTLEV","","","2025-10-31","0","0","120","120","UN","120","120","UN","0L","MM 0020, vendas, livre","BRL","523.20","0","15:16:57","1","18","01","03","A","","","","",
"1012","AEL","HID180103A","89289270","LUVA SOLD LR 25MMX3/4 FORTLEV","","","2025-12-19","0","0","420","420","UN","420","420","UN","0L","MM 0020, vendas, livre","BRL","457.80","0","09:57:13","1","18","01","03","A","","","","",
"1012","AEL","HID180104A","89878173","ADESIVO PLAST PVC FRASCO 175G TEKBOND","","","2025-11-28","0","0","308","308","UN","308","308","UN","0L","MM 0020, vendas, livre","BRL","1632.40","0","11:52:56","1","18","01","04","A","","","","",
"1012","AEL","HID180104A","89878180","ADESIVO PLAST PVC FRASCO 850G TEKBOND","","","2025-11-19","0","0","6","6","UN","6","6","UN","0L","MM 0020, vendas, livre","BRL","100.02","0","10:49:15","1","18","01","04","A","","","","",
"1012","AEL","HID180104A","89233935","SOLUCAO LIMPADORA FRASCO 800ML PULVITEC","","","2025-07-28","0","0","60","60","UN","60","60","UN","0L","MM 0020, vendas, livre","BRL","1323.60","0","10:25:16","1","18","01","04","A","","","","",
"1012","AEL","HID180105A","89289760","JOELHO 90 SOLD LR 20MMX1/2 FORTLEV","","","2025-12-11","0","0","70","70","UN","70","70","UN","0L","MM 0020, vendas, livre","BRL","70.70","0","17:27:32","1","18","01","05","A","","","","",
"1012","AEL","HID180105B","89289865","LUVA SOLD LR 20MMX1/2 FORTLEV","","","2025-09-22","0","0","250","250","UN","250","250","UN","0L","MM 0020, vendas, livre","BRL","185.00","0","15:02:14","1","18","01","05","B","","","","",
"1012","AEL","HID180301A","89311572","TUBO LIG EXT AJUST VASO BR 1.1/2 LUCONI","","","2025-05-07","0","0","100","100","UN","100","100","UN","0L","MM 0020, vendas, livre","BRL","532.00","0","12:13:37","1","18","03","01","A","","","","",
"1012","AEL","HID180301A","89300050","FITA VEDA ROSCA 18MMX25M FIRLON","","","2025-11-06","0","0","530","530","UN","530","530","UN","0L","MM 0020, vendas, livre","BRL","1335.60","0","09:37:33","1","18","03","01","A","","","","",
"1012","AEL","HID180301A","89292595","CONVERS REG PRESS GAV DOCOL P/ DECA BLUK","","","2025-06-30","0","0","60","60","UN","60","60","UN","0L","MM 0020, vendas, livre","BRL","517.80","0","13:04:12","1","18","03","01","A","","","","",
"1012","AEL","HID180301A","89288283","ENGATE FLEX METAL MF 60CM 1/2 WOG","","","2026-01-07","0","0","140","140","UN","140","140","UN","0L","MM 0020, vendas, livre","BRL","2087.40","0","14:26:31","1","18","03","01","A","","","","",
"1012","AEL","HID180301A","89106073","BASE REG GAV BRUTO 4509 3/4 FORUSI","","","2025-11-22","0","0","216","216","UN","216","216","UN","0L","MM 0020, vendas, livre","BRL","3481.92","0","18:30:07","1","18","03","01","A","","","","",
"1012","AEL","HID180301A","89047210","MECAN COMPL CX ACOP SIMPL SUP MU/S","","","2026-01-28","0","0","24","24","UN","24","24","UN","0L","MM 0020, vendas, livre","BRL","2038.80","0","08:40:50","1","18","03","01","A","","","","",
"1012","AEL","HID180301A","89720190","BASE REG GAV BRUTO 4509 3/4 DOCOL","","","2025-12-12","0","0","192","192","UN","192","192","UN","0L","MM 0020, vendas, livre","BRL","5318.40","0","12:44:31","1","18","03","01","A","","","","",
"1012","AEL","HID180301A","89565350","BUCHA RED ROSC 1X3/4 KRONA","","","2025-06-23","0","0","16","16","UN","16","16","UN","0L","MM 0020, vendas, livre","BRL","25.76","0","12:50:44","1","18","03","01","A","","","","",
"1012","AEL","HID180301A","89443522","PROLONG REG DOCOL LATAO 10MM BLUKIT","","","2025-06-30","0","0","205","205","UN","205","205","UN","0L","MM 0020, vendas, livre","BRL","1486.25","0","13:04:12","1","18","03","01","A","","","","",
"1012","AEL","HID180302A","89207524","ADAPT ANEL SOLD CX DAGUA 32MM FORTLEV","","","2025-10-31","0","0","178","178","UN","178","178","UN","0L","MM 0020, vendas, livre","BRL","1769.32","0","15:16:50","1","18","03","02","A","","","","",
"1012","AEL","HID180302A","89289900","TE SOLD 25MM FORTLEV","","","2026-01-16","0","0","2800","2800","UN","2800","2800","UN","0L","MM 0020, vendas, livre","BRL","1708.00","0","14:57:31","1","18","03","02","A","","","","",
"1012","AEL","HID180302A","89289984","JOELHO 90 SOLD BC LT AZ 20MMX1/2 FORTLEV","","","2026-01-16","0","0","780","780","UN","780","780","UN","0L","MM 0020, vendas, livre","BRL","2090.40","0","14:57:34","1","18","03","02","A","","","","",
"1012","AEL","HID180302A","89289340","ADAPT SOLD CURTO 25MMX3/4 FORTLEV","","","2026-01-16","0","0","2800","2800","UN","2800","2800","UN","0L","MM 0020, vendas, livre","BRL","1148.00","0","14:57:33","1","18","03","02","A","","","","",
"1012","AEL","HID180303A","89289340","ADAPT SOLD CURTO 25MMX3/4 FORTLEV","","","2026-01-14","0","0","1862","1862","UN","1862","1862","UN","0L","MM 0020, vendas, livre","BRL","763.42","0","15:48:44","1","18","03","03","A","","","","",
"1012","AEL","HID180303A","89289942","TE SOLD 50MM FORTLEV","","","2025-12-11","0","0","120","120","UN","120","120","UN","0L","MM 0020, vendas, livre","BRL","588.00","0","17:32:31","1","18","03","03","A","","","","",
"1012","AEL","HID180303A","89289704","JOELHO 45 SOLD 50MM FORTLEV","","","2025-12-19","0","0","190","190","UN","190","190","UN","0L","MM 0020, vendas, livre","BRL","986.10","0","09:57:12","1","18","03","03","A","","","","",
"1012","AEL","HID180303A","89289620","CURVA 90 SOLD 32MM FORTLEV","","","2025-12-11","0","0","230","230","UN","230","230","UN","0L","MM 0020, vendas, livre","BRL","991.30","0","17:27:27","1","18","03","03","A","","","","",
"1012","AEL","HID180303A","89207741","ADAPT ANEL SOLD CX DAGUA 50MM FORTLEV","","","2025-10-31","0","0","40","40","UN","40","40","UN","0L","MM 0020, vendas, livre","BRL","509.20","0","15:16:50","1","18","03","03","A","","","","",
"1012","AEL","HID180303A","89565350","BUCHA RED ROSC 1X3/4 KRONA","","","2025-06-23","0","0","10","10","UN","10","10","UN","0L","MM 0020, vendas, livre","BRL","16.10","0","12:50:44","1","18","03","03","A","","","","",
"1012","AEL","HID180304A","89878180","ADESIVO PLAST PVC FRASCO 850G TEKBOND","","","2025-12-16","0","0","78","78","UN","78","78","UN","0L","MM 0020, vendas, livre","BRL","1300.26","0","12:17:39","1","18","03","04","A","","","","",
"1012","AEL","HID180304A","89042086","ADESIVO PLAST PVC BISNAGA 75G TIGRE","","","2025-10-28","0","0","200","200","UN","200","200","UN","0L","MM 0020, vendas, livre","BRL","838.00","0","10:34:26","1","18","03","04","A","","","","",
"1012","AEL","HID180304A","89042100","ADESIVO PLAST PVC FRASCO 850G TIGRE","","","2025-11-25","0","0","162","162","UN","162","162","UN","0L","MM 0020, vendas, livre","BRL","5457.78","0","13:25:24","1","18","03","04","A","","","","",
"1012","AEL","HID180304A","89042170","SOLUCAO LIMPADORA FRASCO 200ML TIGRE","","","2025-10-09","0","0","20","20","UN","20","20","UN","0L","MM 0020, vendas, livre","BRL","178.00","0","16:22:48","1","18","03","04","A","","","","",
"1012","AEL","HID180305A","89289823","LUVA SOLD 32MM FORTLEV","","","2025-12-11","0","0","175","175","UN","175","175","UN","0L","MM 0020, vendas, livre","BRL","225.75","0","17:27:32","1","18","03","05","A","","","","",
"1012","AEL","HID180401A","89765963","GAB COZ KAUS 144CM MDF CZ","","","2025-12-16","0","0","3","3","UN","3","3","UN","0L","MM 0020, vendas, livre","BRL","787.26","0","07:55:39","1","18","04","01","A","","","","",
"1012","AEL","HID180501A","89104036","REPARO VALV DESCARGA HYDRA MAX","","","2024-11-12","0","0","80","80","UN","80","80","UN","0L","MM 0020, vendas, livre","BRL","4218.40","0","10:47:44","1","18","05","01","A","","","","",
"1012","AEL","HID180501A","89103203","BASE REG GAV BRUTO 4509 3/4 DECA","","","2025-10-06","0","0","314","314","UN","314","314","UN","0L","MM 0020, vendas, livre","BRL","9473.38","0","13:31:21","1","18","05","01","A","","","","",
"1012","AEL","HID180501A","89103154","BASE REG PRESS MVS 3/4 4416 DECA","","","2025-10-06","0","0","276","276","UN","276","276","UN","0L","MM 0020, vendas, livre","BRL","10057.44","0","13:31:16","1","18","05","01","A","","","","",
"1012","AEL","HID180501A","89047154","ESPUDE PLAST VASO SANIT 1.1/2 ASTRA","","","2025-12-01","0","0","90","90","UN","90","90","UN","0L","MM 0020, vendas, livre","BRL","279.00","0","16:33:08","1","18","05","01","A","","","","",
"1012","AEL","HID180501A","89042170","SOLUCAO LIMPADORA FRASCO 200ML TIGRE","","","2025-12-16","0","0","40","40","UN","40","40","UN","0L","MM 0020, vendas, livre","BRL","356.00","0","18:51:41","1","18","05","01","A","","","","",
"1012","AEL","HID180501A","89042093","ADESIVO PLAST PVC FRASCO 175G TIGRE","","","2026-01-06","0","0","960","960","UN","960","960","UN","0L","MM 0020, vendas, livre","BRL","8822.40","0","13:44:34","1","18","05","01","A","","","","",
"1012","AEL","HID180501A","89959184","ADESIVO PLAST PVC BISNAGA 75G TEKBOND","","","2026-01-27","0","0","240","240","UN","240","240","UN","0L","MM 0020, vendas, livre","BRL","384.00","0","09:49:03","1","18","05","01","A","","","","",
"1012","AEL","HID180501A","89878173","ADESIVO PLAST PVC FRASCO 175G TEKBOND","","","2025-12-16","0","0","108","108","UN","108","108","UN","0L","MM 0020, vendas, livre","BRL","572.40","0","12:17:39","1","18","05","01","A","","","","",
"1012","AEL","HID180502A","89720232","BASE REG PRESS MVS 3/4 1416 PERTUTTI DOC","","","2025-06-30","0","0","10","10","UN","10","10","UN","0L","MM 0020, vendas, livre","BRL","684.20","0","10:56:42","1","18","05","02","A","","","","",
"1012","AEL","HID180502A","89720295","BASE REG GAV 3/4 4509 METAL PERTUTTI DOC","","","2025-09-19","0","0","20","20","UN","20","20","UN","0L","MM 0020, vendas, livre","BRL","1128.60","0","11:54:41","1","18","05","02","A","","","","",
"1012","AEL","HID180502A","89041673","REG ESF SOLD COMP PVC 60MM TIGRE","","","2025-12-16","0","0","10","10","UN","10","10","UN","0L","MM 0020, vendas, livre","BRL","287.90","0","18:51:43","1","18","05","02","A","","","","",
"1012","AEL","HID180502A","89053174","TUBO LIG EXT AJUST VASO BR 1.1/2 BLUKIT","","","2026-01-07","0","0","24","24","UN","24","24","UN","0L","MM 0020, vendas, livre","BRL","214.56","0","09:44:08","1","18","05","02","A","","","","",
"1012","AEL","HID180502A","89111400","MECAN SAIDA UNIV CX ACOP DUAL 9555 CENSI","","","2024-11-08","0","0","20","20","UN","20","20","UN","0L","MM 0020, vendas, livre","BRL","1939.40","0","15:43:11","1","18","05","02","A","","","","",
"1012","AEL","HID180503A","89207412","ADAPT ANEL SOLD CX DAGUA 25MM FORTLEV","","","2025-11-21","0","0","450","450","UN","450","450","UN","0L","MM 0020, vendas, livre","BRL","2781.00","0","16:20:46","1","18","05","03","A","","","","",
"1012","AEL","HID180503A","89289991","JOELHO 90 SOLD BC LT AZ 25MMX1/2 FORTLEV","","","2025-11-21","0","0","1720","1720","UN","1720","1720","UN","0L","MM 0020, vendas, livre","BRL","4712.80","0","16:20:46","1","18","05","03","A","","","","",
"1012","AEL","HID180504A","89289480","ADAPT SOLD CURTO 50MMX1.1/2 FORTLEV","","","2025-12-11","0","0","200","200","UN","200","200","UN","0L","MM 0020, vendas, livre","BRL","598.00","0","17:27:24","1","18","05","04","A","","","","",
"1012","AEL","HID180504A","89289641","CURVA 90 SOLD 50MM FORTLEV","","","2025-12-11","0","0","110","110","UN","110","110","UN","0L","MM 0020, vendas, livre","BRL","968.00","0","17:32:31","1","18","05","04","A","","","","",
"1012","AEL","HID180504A","89289662","JOELHO 45 SOLD 25MM FORTLEV","","","2025-10-21","0","0","720","720","UN","720","720","UN","0L","MM 0020, vendas, livre","BRL","748.80","0","15:43:48","1","18","05","04","A","","","","",
"1012","AEL","HID180504A","89289753","JOELHO 90 SOLD 50MM FORTLEV","","","2025-10-21","0","0","480","480","UN","480","480","UN","0L","MM 0020, vendas, livre","BRL","1075.20","0","15:43:50","1","18","05","04","A","","","","",
"1012","AEL","HID180505A","89289522","BUCHA RED SOLD LONGA 40X25MM FORTLEV","","","2025-09-22","0","0","210","210","UN","210","210","UN","0L","MM 0020, vendas, livre","BRL","344.40","0","15:02:14","1","18","05","05","A","","","","",
"1012","AEL","HID180701A","89311586","TUBO LIG EXT AJUST VASO CR 1.1/2 LUCONI","","","2024-09-11","0","0","25","25","UN","25","25","UN","0L","MM 0020, vendas, livre","BRL","231.50","0","12:53:09","1","18","07","01","A","","","","",
"1012","AEL","HID180701A","89311222","ENGATE FLEX PLAST AF FF 30CM 1/2 LUCON","","","2025-09-17","0","0","74","74","UN","74","74","UN","0L","MM 0020, vendas, livre","BRL","192.40","0","06:14:27","1","18","07","01","A","","","","",
"1012","AEL","HID180701A","89288346","ENGATE FLEX METAL MF 40CM 1/2 WOG","","","2025-09-26","0","0","175","175","UN","175","175","UN","0L","MM 0020, vendas, livre","BRL","1989.75","0","11:22:59","1","18","07","01","A","","","","",
"1012","AEL","HID180701A","89103350","REG GAV BRUTO 1502 1.1/2 DECA","","","2025-10-06","0","0","36","36","UN","36","36","UN","0L","MM 0020, vendas, livre","BRL","2755.08","0","13:31:16","1","18","07","01","A","","","","",
"1012","AEL","HID180701A","89073236","ENGATE FLEX METAL MF 40CM 1/2 DECA","","","2025-11-14","0","0","72","72","UN","72","72","UN","0L","MM 0020, vendas, livre","BRL","1368.00","0","11:06:30","1","18","07","01","A","","","","",
"1012","AEL","HID180701A","89043136","ENGATE FLEX PLAST AF FF 60CM 1/2 TIGRE","","","2025-12-16","0","0","270","270","UN","270","270","UN","0L","MM 0020, vendas, livre","BRL","1139.40","0","18:51:45","1","18","07","01","A","","","","",
"1012","AEL","HID180701A","89043122","ENGATE FLEX PLAST AF FF 50CM 1/2 TIGRE","","","2025-12-03","0","0","370","370","UN","370","370","UN","0L","MM 0020, vendas, livre","BRL","1272.80","0","17:36:24","1","18","07","01","A","","","","",
"1012","AEL","HID180701A","89911836","REG DE PRESSAO 1/2 ACABAMENTO NOVA GYRO","","","2026-02-02","0","0","30","30","UN","30","30","UN","0L","MM 0020, vendas, livre","BRL","1578.60","0","08:21:20","1","18","07","01","A","","","","",
"1012","AEL","HID180702A","89568010","REG ESF SOLD COMP PVC 60MM KRONA","","","2025-10-06","0","0","8","8","UN","8","8","UN","0L","MM 0020, vendas, livre","BRL","177.84","0","15:32:04","1","18","07","02","A","","","","",
"1012","AEL","HID180702A","89647586","MANG SAIDA TANQUINHO 1,30M COFLEX","","","2024-09-26","0","0","50","50","UN","50","50","UN","0L","MM 0020, vendas, livre","BRL","395.50","0","17:32:58","1","18","07","02","A","","","","",
"1012","AEL","HID180702A","89715794","MANG SAIDA MAQ LAV RETO 1,40M PLASBOHN","","","2025-06-24","0","0","64","64","UN","64","64","UN","0L","MM 0020, vendas, livre","BRL","224.64","0","15:45:38","1","18","07","02","A","","","","",
"1012","AEL","HID180702A","89041785","REG ESF SOLD C/ ANEL PVC 25MM TIGRE","","","2026-01-06","0","0","160","160","UN","160","160","UN","0L","MM 0020, vendas, livre","BRL","1662.40","0","13:44:31","1","18","07","02","A","","","","",
"1012","AEL","HID180703A","89288346","ENGATE FLEX METAL MF 40CM 1/2 WOG","","","2025-09-10","0","0","400","400","UN","400","400","UN","0L","MM 0020, vendas, livre","BRL","4548.00","0","08:07:10","1","18","07","03","A","","","","",
"1012","AEL","HID180703A","89103392","REG GAV RES/PRED 1510 3/4 DECA","","","2025-06-02","0","0","132","132","UN","132","132","UN","0L","MM 0020, vendas, livre","BRL","3702.60","0","14:51:20","1","18","07","03","A","","","","",
"1012","AEL","HID180703A","89715794","MANG SAIDA MAQ LAV RETO 1,40M PLASBOHN","","","2025-10-08","0","0","144","144","UN","144","144","UN","0L","MM 0020, vendas, livre","BRL","505.44","0","13:03:24","1","18","07","03","A","","","","",
"1012","AEL","HID180703A","89715752","MANG ENTRADA MAQ LAVAR 1,8M CRISTAL PLAS","","","2025-10-08","0","0","24","24","UN","24","24","UN","0L","MM 0020, vendas, livre","BRL","168.24","0","13:03:24","1","18","07","03","A","","","","",
"1012","AEL","HID180703A","89715745","MANG ENTRADA MAQ LAVAR 1,4M CRISTAL PLAS","","","2025-10-08","0","0","96","96","UN","96","96","UN","0L","MM 0020, vendas, livre","BRL","551.04","0","13:03:24","1","18","07","03","A","","","","",
"1012","AEL","HID180704A","89273135","TUBO VALV DESCARGA TIGRE","","","2026-01-06","0","0","160","160","UN","160","160","UN","0L","MM 0020, vendas, livre","BRL","937.60","0","13:44:38","1","18","07","04","A","","","","",
"1012","AEL","HID180704A","89043136","ENGATE FLEX PLAST AF FF 60CM 1/2 TIGRE","","","2026-01-06","0","0","540","540","UN","540","540","UN","0L","MM 0020, vendas, livre","BRL","2278.80","0","13:44:35","1","18","07","04","A","","","","",
"1012","AEL","HID180704A","89042170","SOLUCAO LIMPADORA FRASCO 200ML TIGRE","","","2025-12-16","0","0","60","60","UN","60","60","UN","0L","MM 0020, vendas, livre","BRL","534.00","0","18:51:43","1","18","07","04","A","","","","",
"1012","AEL","HID180704A","89042086","ADESIVO PLAST PVC BISNAGA 75G TIGRE","","","2025-12-16","0","0","110","110","UN","110","110","UN","0L","MM 0020, vendas, livre","BRL","460.90","0","18:51:25","1","18","07","04","A","","","","",
"1012","AEL","HID180704A","89048050","TORN BOIA PLAST AZ 3/4 TIGRE","","","2025-02-20","0","0","50","50","UN","50","50","UN","0L","MM 0020, vendas, livre","BRL","930.00","0","13:17:29","1","18","07","04","A","","","","",
"1012","AEL","HID180704A","89565616","TE ROSC 1 KRONA","","","2025-05-05","0","0","80","80","UN","80","80","UN","0L","MM 0020, vendas, livre","BRL","440.00","0","13:10:07","1","18","07","04","A","","","","",
"1012","AEL","HID180801B","89800326","CURVA 90 LONGA ESG SN PVC DN200 FORTLEV","","","2025-09-01","0","0","10","10","UN","10","10","UN","0L","MM 0020, vendas, livre","BRL","1199.00","0","12:21:10","1","18","08","01","B","","","","",
"1012","AEL","HID180901A","89104120","BASE VALV DESC 1.1/2 HYDRA MAX","","","2025-11-21","0","0","28","28","UN","28","28","UN","0L","MM 0020, vendas, livre","BRL","4093.60","0","09:51:18","1","18","09","01","A","","","","",
"1012","AEL","HID180901A","89104036","REPARO VALV DESCARGA HYDRA MAX","","","2024-09-05","0","0","93","93","UN","93","93","UN","0L","MM 0020, vendas, livre","BRL","4903.89","0","15:04:00","1","18","09","01","A","","","","",
"1012","AEL","HID180901A","89197724","JOELHO 90 SOLD BC LT AZ 25MMX1/2 TIGRE","","","2025-12-16","0","0","1100","1100","UN","1100","1100","UN","0L","MM 0020, vendas, livre","BRL","4917.00","0","18:51:33","1","18","09","01","A","","","","",
"1012","AEL","HID180901A","89268991","BASE VALV DESC 1.1/4 DOCOL","","","2025-07-17","0","0","25","25","UN","25","25","UN","0L","MM 0020, vendas, livre","BRL","2764.50","0","10:43:38","1","18","09","01","A","","","","",
"1012","AEL","HID180901A","89056261","JOELHO 90 SOLD 40MM TIGRE","","","2025-10-23","0","0","120","120","UN","120","120","UN","0L","MM 0020, vendas, livre","BRL","556.80","0","15:53:53","1","18","09","01","A","","","","",
"1012","AEL","HID180901A","89056212","JOELHO 90 SOLD 20MM TIGRE","","","2025-12-02","0","0","450","450","UN","450","450","UN","0L","MM 0020, vendas, livre","BRL","207.00","0","12:38:41","1","18","09","01","A","","","","",
"1012","AEL","HID180901A","89056044","CURVA 90 SOLD 25MM TIGRE","","","2025-10-07","0","0","225","225","UN","225","225","UN","0L","MM 0020, vendas, livre","BRL","519.75","0","17:02:54","1","18","09","01","A","","","","",
"1012","AEL","HID180901A","89055582","ADAPT SOLD CURTO 32MMX1 TIGRE","","","2025-12-16","0","0","128","128","UN","128","128","UN","0L","MM 0020, vendas, livre","BRL","236.80","0","18:51:46","1","18","09","01","A","","","","",
"1012","AEL","HID180901A","89043122","ENGATE FLEX PLAST AF FF 50CM 1/2 TIGRE","","","2025-12-16","0","0","320","320","UN","320","320","UN","0L","MM 0020, vendas, livre","BRL","1100.80","0","18:51:35","1","18","09","01","A","","","","",
"1012","AEL","HID180902A","89041631","REG ESF SOLD COMP PVC 25MM TIGRE","","","2025-11-04","0","0","240","240","UN","240","240","UN","0L","MM 0020, vendas, livre","BRL","1828.80","0","12:46:25","1","18","09","02","A","","","","",
"1012","AEL","HID180902A","89043080","FITA VEDA ROSCA 18MMX50M TIGRE","","","2025-12-16","0","0","560","560","UN","560","560","UN","0L","MM 0020, vendas, livre","BRL","5784.80","0","18:51:42","1","18","09","02","A","","","","",
"1012","AEL","HID180902A","89056030","CURVA 90 SOLD 20MM TIGRE","","","2025-10-07","0","0","160","160","UN","160","160","UN","0L","MM 0020, vendas, livre","BRL","352.00","0","17:02:49","1","18","09","02","A","","","","",
"1012","AEL","HID180902A","89103952","ACAB VALV DESCARGA BR HYDRA MAX","","","2024-11-12","0","0","16","16","UN","16","16","UN","0L","MM 0020, vendas, livre","BRL","698.24","0","10:47:46","1","18","09","02","A","","","","",
"1012","AEL","HID180902A","89104120","BASE VALV DESC 1.1/2 HYDRA MAX","","","2024-09-05","0","0","16","16","UN","16","16","UN","0L","MM 0020, vendas, livre","BRL","2339.20","0","15:04:00","1","18","09","02","A","","","","",
"1012","AEL","HID180902A","89847086","ADAPT SOLD CURTO 75MMX2.1/2 AMANCO","","","2025-10-03","0","0","38","38","UN","38","38","UN","0L","MM 0020, vendas, livre","BRL","716.68","0","11:47:46","1","18","09","02","A","","","","",
"1012","AEL","HID180902A","89847156","BUCHA RED SOLD CURTA PVC 85X75MM AMANCO","","","2025-12-19","0","0","15","15","UN","15","15","UN","0L","MM 0020, vendas, livre","BRL","157.80","0","10:15:06","1","18","09","02","A","","","","",
"1012","AEL","HID180902A","89847163","BUCHA RED SOLD CURTA 110X85MM AMANCO","","","2025-12-05","0","0","9","9","UN","9","9","UN","0L","MM 0020, vendas, livre","BRL","487.71","0","09:23:10","1","18","09","02","A","","","","",
"1012","AEL","HID180902A","89847212","BUCHA RED SOLD LONGA PVC 85X60MM AMANCO","","","2025-12-19","0","0","29","29","UN","29","29","UN","0L","MM 0020, vendas, livre","BRL","472.12","0","10:15:06","1","18","09","02","A","","","","",
"1012","AEL","HID180902A","89847345","CURVA 90 SOLD 75MM AMANCO","","","2025-10-03","0","0","12","12","UN","12","12","UN","0L","MM 0020, vendas, livre","BRL","566.88","0","11:47:46","1","18","09","02","A","","","","",
"1012","AEL","HID180902A","89847436","JOELHO 90 SOLD PVC 85MM AMANCO","","","2025-12-19","0","0","20","20","UN","20","20","UN","0L","MM 0020, vendas, livre","BRL","1561.40","0","10:15:06","1","18","09","02","A","","","","",
"1012","AEL","HID180902A","89847513","LUVA SOLD 75MM AMANCO","","","2025-10-03","0","0","18","18","UN","18","18","UN","0L","MM 0020, vendas, livre","BRL","301.50","0","11:47:46","1","18","09","02","A","","","","",
"1012","AEL","HID180902A","89847541","LUVA SOLD PVC 110MM AMANCO","","","2025-10-03","0","0","10","10","UN","10","10","UN","0L","MM 0020, vendas, livre","BRL","578.20","0","11:47:46","1","18","09","02","A","","","","",
"1012","AEL","HID180902A","89847681","TE SOLD 75MM AMANCO","","","2025-10-03","0","0","20","20","UN","20","20","UN","0L","MM 0020, vendas, livre","BRL","784.60","0","11:47:46","1","18","09","02","A","","","","",
"1012","AEL","HID180902A","89847695","TE 90 SOLD PVC 85MM AMANCO","","","2025-12-19","0","0","21","21","UN","21","21","UN","0L","MM 0020, vendas, livre","BRL","1458.66","0","10:15:06","1","18","09","02","A","","","","",
"1012","AEL","HID180902A","89847744","UNIAO SOLD 75MM AMANCO","","","2025-11-10","0","0","5","5","UN","5","5","UN","0L","MM 0020, vendas, livre","BRL","520.65","0","14:38:25","1","18","09","02","A","","","","",
"1012","AEL","HID180903A","89055491","ADAPT ANEL SOLD CX DAGUA 25MM TIGRE","","","2025-10-09","0","0","168","168","UN","168","168","UN","0L","MM 0020, vendas, livre","BRL","1663.20","0","16:22:44","1","18","09","03","A","","","","",
"1012","AEL","HID180903A","89045306","CX DESCARGA BR 6/9L ASTRA","","","2025-11-06","0","0","40","40","UN","40","40","UN","0L","MM 0020, vendas, livre","BRL","1116.80","0","12:39:53","1","18","09","03","A","","","","",
"1012","AEL","HID180903B","89873511","KIT ACIO P/ CAIXA ACOPLADA CASTELO BRA","","","2025-11-02","0","0","35","35","UN","35","35","UN","0L","MM 0020, vendas, livre","BRL","1913.45","0","14:43:03","1","18","09","3","B","","","","",
"1012","AEL","HID180903B","89873721","TORNEIRA BOIA NEO 3/4"" E 1/2" BLUKIT","","","2025-07-08","0","0","250","250","UN","250","250","UN","0L","MM 0020, vendas, livre","BRL","1600.00","0","12:04:53","1","18","09","3","B","","","","",
"1012","AEL","HID181001A","89127780","BOMBA AUTOASP AP-3C MONO 1CV BIV DANCOR","","","2025-11-10","0","0","44","44","UN","44","44","UN","0L","MM 0020, vendas, livre","BRL","29463.72","0","14:01:15","1","18","10","01","A","","","","",
"1012","AEL","HID181001B","89540283","BOMBA AUTOASP ULTRA DA-2 MONO 1/2CV 127V","","","2025-11-10","0","0","98","98","UN","98","98","UN","0L","MM 0020, vendas, livre","BRL","33292.56","0","14:01:28","1","18","10","01","B","","","","",
"1012","AEL","HID181101A","89056716","TE SOLD 50MM TIGRE","","","2026-01-06","0","0","289","289","UN","289","289","UN","0L","MM 0020, vendas, livre","BRL","2187.73","0","13:44:38","1","18","11","01","A","","","","",
"1012","AEL","HID181101A","89104134","BASE VALV DESC 1.1/4 HYDRA MAX","","","2025-01-14","0","0","32","32","UN","32","32","UN","0L","MM 0020, vendas, livre","BRL","4053.12","0","12:06:09","1","18","11","01","A","","","","",
"1012","AEL","HID181101A","89207412","ADAPT ANEL SOLD CX DAGUA 25MM FORTLEV","","","2026-01-26","0","0","500","500","UN","500","500","UN","0L","MM 0020, vendas, livre","BRL","3090.00","0","12:38:27","1","18","11","01","A","","","","",
"1012","AEL","HID181101A","89207636","ADAPT ANEL SOLD CX DAGUA 40MM FORTLEV","","","2026-01-26","0","0","108","108","UN","108","108","UN","0L","MM 0020, vendas, livre","BRL","1395.36","0","12:38:25","1","18","11","01","A","","","","",
"1012","AEL","HID181101A","89289641","CURVA 90 SOLD 50MM FORTLEV","","","2026-01-26","0","0","180","180","UN","180","180","UN","0L","MM 0020, vendas, livre","BRL","1584.00","0","12:38:25","1","18","11","01","A","","","","",
"1012","AEL","HID181102A","89039783","UNIAO SOLD 50MM TIGRE","","","2025-12-16","0","0","50","50","UN","50","50","UN","0L","MM 0020, vendas, livre","BRL","1085.00","0","18:51:24","1","18","11","02","A","","","","",
"1012","AEL","HID181102A","89055533","ADAPT ANEL SOLD CX DAGUA 50MM TIGRE","","","2025-12-16","0","0","26","26","UN","26","26","UN","0L","MM 0020, vendas, livre","BRL","579.54","0","18:51:24","1","18","11","02","A","","","","",
"1012","AEL","HID181102A","89055575","ADAPT SOLD CURTO 25MMX3/4 TIGRE","","","2025-11-13","0","0","1200","1200","UN","1200","1200","UN","0L","MM 0020, vendas, livre","BRL","852.00","0","10:25:15","1","18","11","02","A","","","","",
"1012","AEL","HID181102A","89055610","ADAPT SOLD CURTO 50MMX1.1/2 TIGRE","","","2025-10-28","0","0","200","200","UN","200","200","UN","0L","MM 0020, vendas, livre","BRL","680.00","0","10:34:23","1","18","11","02","A","","","","",
"1012","AEL","HID181102A","89056044","CURVA 90 SOLD 25MM TIGRE","","","2026-01-06","0","0","750","750","UN","750","750","UN","0L","MM 0020, vendas, livre","BRL","1732.50","0","13:44:37","1","18","11","02","A","","","","",
"1012","AEL","HID181102A","89056156","JOELHO 45 SOLD 25MM TIGRE","","","2026-01-06","0","0","680","680","UN","680","680","UN","0L","MM 0020, vendas, livre","BRL","782.00","0","13:44:37","1","18","11","02","A","","","","",
"1012","AEL","HID181102A","89056282","JOELHO 90 SOLD 60MM TIGRE","","","2025-10-09","0","0","153","153","UN","153","153","UN","0L","MM 0020, vendas, livre","BRL","3372.12","0","16:22:51","1","18","11","02","A","","","","",
"1012","AEL","HID181103B","89045306","CX DESCARGA BR 6/9L ASTRA","","","2025-11-06","0","0","40","40","UN","40","40","UN","0L","MM 0020, vendas, livre","BRL","1116.80","0","12:39:53","1","18","11","3","B","","","","",
"1012","AEL","HID181201A","89402866","BOMBA PISCINA PF-17 MONO 1CV 127/220V","","","2026-01-09","0","0","11","11","UN","11","11","UN","0L","MM 0020, vendas, livre","BRL","9332.62","0","11:41:52","1","18","12","01","A","","","","",
"1012","AEL","HID181201B","89289725","JOELHO 90 SOLD 25MM FORTLEV","","","2025-10-02","0","0","4200","4200","UN","4200","4200","UN","0L","MM 0020, vendas, livre","BRL","1428.00","0","09:06:40","1","18","12","01","B","","","","",
"1012","AEL","HID181301A","89111106","FILTRO P/ BEBED CARV ATIV BR 9.3/4","","","2025-11-28","0","0","13","13","UN","13","13","UN","0L","MM 0020, vendas, livre","BRL","768.82","0","08:41:42","1","18","13","01","A","","","","",
"1012","AEL","HID181301A","89111085","FILTRO ENTRADA BIG10 COND 4200L/H HIDROF","","","2025-04-11","0","0","3","3","UN","3","3","UN","0L","MM 0020, vendas, livre","BRL","613.59","0","11:57:39","1","18","13","01","A","","","","",
"1012","AEL","HID181301A","89047231","ACAB VALV DESCARGA UNIV BR ASTRA","","","2026-01-22","0","0","14","14","UN","14","14","UN","0L","MM 0020, vendas, livre","BRL","331.10","0","11:37:53","1","18","13","01","A","","","","",
"1012","AEL","HID181302A","89873721","TORNEIRA BOIA NEO 3/4"" E 1/2" BLUKIT","","","2025-07-08","0","0","96","96","UN","96","96","UN","0L","MM 0020, vendas, livre","BRL","614.40","0","12:04:53","1","18","13","02","A","","","","",
"1012","AEL","HID181303A","89820234","CAIXA DESCARGA BR 6,8/9L TIGRE","","","2026-01-29","0","0","12","12","UN","12","12","UN","0L","MM 0020, vendas, livre","BRL","427.20","0","11:28:21","1","18","13","03","A","","","","",
"1012","AEL","HID181303A","89041785","REG ESF SOLD C/ ANEL PVC 25MM TIGRE","","","2025-11-13","0","0","160","160","UN","160","160","UN","0L","MM 0020, vendas, livre","BRL","1662.40","0","10:25:16","1","18","13","03","A","","","","",
"1012","AEL","HID181303A","89043080","FITA VEDA ROSCA 18MMX50M TIGRE","","","2026-01-06","0","0","1064","1064","UN","1064","1064","UN","0L","MM 0020, vendas, livre","BRL","10991.12","0","13:44:30","1","18","13","03","A","","","","",
"1012","AEL","HID181303A","89111134","FILTRO POU C/ TORN CARVAO ATIV BR 5POL","","","2025-01-17","0","0","5","5","UN","5","5","UN","0L","MM 0020, vendas, livre","BRL","395.80","0","10:59:00","1","18","13","03","A","","","","",
"1012","AEL","HID181303A","89209813","TORN BOIA BALAO PLAST VZ TOT 1/2 AZ GARD","","","2025-01-10","0","0","12","12","UN","12","12","UN","0L","MM 0020, vendas, livre","BRL","519.24","0","16:30:11","1","18","13","03","A","","","","",
"1012","AEL","HID181303A","89209834","TORN BOIA BALAO PLAST VZ TOT 1 AZ GARDEN","","","2025-01-17","0","0","36","36","UN","36","36","UN","0L","MM 0020, vendas, livre","BRL","1574.64","0","16:08:55","1","18","13","03","A","","","","",
"1012","AEL","HID181304A","89056051","CURVA 90 SOLD 32MM TIGRE","","","2025-12-02","0","0","180","180","UN","180","180","UN","0L","MM 0020, vendas, livre","BRL","851.40","0","12:38:41","1","18","13","04","A","","","","",
"1012","AEL","HID181304A","89056184","JOELHO 45 SOLD 50MM TIGRE","","","2025-11-04","0","0","150","150","UN","150","150","UN","0L","MM 0020, vendas, livre","BRL","832.50","0","12:46:19","1","18","13","04","A","","","","",
"1012","AEL","HID181304A","89056555","LUVA SOLD 50MM TIGRE","","","2025-11-04","0","0","192","192","UN","192","192","UN","0L","MM 0020, vendas, livre","BRL","658.56","0","12:46:19","1","18","13","04","A","","","","",
"1012","AEL","HID181304A","89056863","TE RED SOLD 50X25MM TIGRE","","","2025-12-02","0","0","172","172","UN","172","172","UN","0L","MM 0020, vendas, livre","BRL","1374.28","0","12:38:41","1","18","13","04","A","","","","",
"1012","AEL","HID181304A","89102951","VALV ALTERNADORA PRESSAO CX DAGUA CENSI","","","2024-11-22","0","0","60","60","UN","60","60","UN","0L","MM 0020, vendas, livre","BRL","5060.40","0","11:47:23","1","18","13","04","A","","","","",
"1012","AEL","HID181305A","89289634","CURVA 90 SOLD 40MM FORTLEV","","","2025-12-11","0","0","20","20","UN","20","20","UN","0L","MM 0020, vendas, livre","BRL","150.00","0","17:27:32","1","18","13","05","A","","","","",
"1012","AEL","HID181305A","89289760","JOELHO 90 SOLD LR 20MMX1/2 FORTLEV","","","2025-12-11","0","0","20","20","UN","20","20","UN","0L","MM 0020, vendas, livre","BRL","20.20","0","17:27:32","1","18","13","05","A","","","","",
"1012","AEL","HID181305B","89250784","CAIXA PROTECAO PASSEIO PP 1/2 E 3/4 DOAL","","","2025-07-24","0","0","36","36","UN","36","36","UN","0L","MM 0020, vendas, livre","BRL","1477.44","0","11:02:17","1","18","13","05","B","","","","",
"1012","AEL","HID181401A","89647572","MANG POLIETILENO PONTA AZUL 1 COFLEX","","","2026-01-07","0","0","700","700","M","700","700","M","0L","MM 0020, vendas, livre","BRL","2520.00","0","07:57:07","1","18","14","01","A","","","","",
"1012","AEL","HID181401B","89824434","MANG JARDIM ANTITORC 1/2"" 25M TRAMONTINA","","","2025-12-15","0","0","48","48","UN","48","48","UN","0L","MM 0020, vendas, livre","BRL","5489.76","0","11:19:09","1","18","14","01","B","","","","",
"1012","AEL","HID181501A","89847156","BUCHA RED SOLD CURTA PVC 85X75MM AMANCO","","","2025-11-03","0","0","1","1","UN","1","1","UN","0L","MM 0020, vendas, livre","BRL","10.52","0","15:48:58","1","18","15","01","A","","","","",
"1012","AEL","HID181501A","89041834","REG ESF SOLD C/ ANEL PVC 50MM TIGRE","","","2026-01-17","0","0","10","10","UN","10","10","UN","0L","MM 0020, vendas, livre","BRL","203.60","0","10:16:16","1","18","15","01","A","","","","",
"1012","AEL","HID181501A","89568010","REG ESF SOLD COMP PVC 60MM KRONA","","","2025-10-14","0","0","32","32","UN","32","32","UN","0L","MM 0020, vendas, livre","BRL","711.36","0","10:16:05","1","18","15","01","A","","","","",
"1012","AEL","HID181501A","89564342","HIDROMETRO MULTJ 10M3/H QN5,0 1 260 MET","","","2026-01-19","0","0","2","2","UN","2","2","UN","0L","MM 0020, vendas, livre","BRL","541.46","0","15:18:48","1","18","15","01","A","","","","",
"1012","AEL","HID181501A","89564104","HIDROMETRO MULTJ 20M3/H QN10 1.1/2 MET","","","2026-01-19","0","0","3","3","UN","3","3","UN","0L","MM 0020, vendas, livre","BRL","1779.33","0","15:18:48","1","18","15","01","A","","","","",
"1012","AEL","HID181501A","89440456","TUBO DESCARGA SOBREPOR 40MMX1,60M AMANCO","","","2025-07-28","0","0","20","20","UN","20","20","UN","0L","MM 0020, vendas, livre","BRL","232.60","0","10:50:11","1","18","15","01","A","","","","",
"1012","AEL","HID181502A","89466895","RALO LINEAR GRELHA CEGA INOX 50CM ESTR","","","2025-12-15","0","0","5","5","UN","5","5","UN","0L","MM 0020, vendas, livre","BRL","454.60","0","13:40:14","1","18","15","02","A","","","","",
"1012","AEL","HID181502A","89497940","CAIXA PROTECAO CEDAE N-02 DOAL","","","2025-04-08","0","0","6","6","UN","6","6","UN","0L","MM 0020, vendas, livre","BRL","506.16","0","09:39:49","1","18","15","02","A","","","","",
"1012","AEL","HID181502A","89715556","EXTINTOR CO2 CLASSE B 6KG MOCELIN","","","2025-01-22","0","0","3","3","UN","3","3","UN","0L","MM 0020, vendas, livre","BRL","1558.59","0","08:17:59","1","18","15","02","A","","","","",
"1012","AEL","HID181502A","89041645","REG ESF SOLD COMP PVC 32MM TIGRE","","","2025-12-16","0","0","40","40","UN","40","40","UN","0L","MM 0020, vendas, livre","BRL","577.20","0","18:51:41","1","18","15","02","A","","","","",
"1012","AEL","HID181502A","89041666","REG ESF SOLD COMP PVC 50MM TIGRE","","","2025-12-16","0","0","125","125","UN","125","125","UN","0L","MM 0020, vendas, livre","BRL","2492.50","0","18:51:43","1","18","15","02","A","","","","",
"1012","AEL","HID181502A","89183024","PROLONG CURTO MF ZAMAC CR 1/2 GARDEN","","","2025-05-29","0","0","100","100","UN","100","100","UN","0L","MM 0020, vendas, livre","BRL","408.00","0","14:36:26","1","18","15","02","A","","","","",
"1012","AEL","HID181502A","89301205","TUBETE OITAVADO CURTO PP 3/4 DOAL","","","2025-09-17","0","0","120","120","UN","120","120","UN","0L","MM 0020, vendas, livre","BRL","91.20","0","06:14:27","1","18","15","02","A","","","","",
"1012","AEL","HID181503A","89301142","PORCA PP SEXTAVADA 1 DOAL","","","2025-07-24","0","0","200","200","UN","200","200","UN","0L","MM 0020, vendas, livre","BRL","302.00","0","11:02:15","1","18","15","03","A","","","","",
"1012","AEL","HID181503A","89301205","TUBETE OITAVADO CURTO PP 3/4 DOAL","","","2025-07-24","0","0","140","140","UN","140","140","UN","0L","MM 0020, vendas, livre","BRL","106.40","0","11:02:15","1","18","15","03","A","","","","",
"1012","AEL","HID181503A","89055631","ADAPT SOLD CURTO 60MMX2 TIGRE","","","2026-01-17","0","0","192","192","UN","192","192","UN","0L","MM 0020, vendas, livre","BRL","2236.80","0","10:38:47","1","18","15","03","A","","","","",
"1012","AEL","HID181503A","89041666","REG ESF SOLD COMP PVC 50MM TIGRE","","","2026-01-06","0","0","75","75","UN","75","75","UN","0L","MM 0020, vendas, livre","BRL","1495.50","0","13:44:32","1","18","15","03","A","","","","",
"1012","AEL","HID181503A","89039783","UNIAO SOLD 50MM TIGRE","","","2025-11-25","0","0","60","60","UN","60","60","UN","0L","MM 0020, vendas, livre","BRL","1302.00","0","13:25:30","1","18","15","03","A","","","","",
"1012","AEL","HID181503A","89808271","REG ESF SOLD COMP PVC 75MM KRONA","","","2025-08-25","0","0","60","60","UN","60","60","UN","0L","MM 0020, vendas, livre","BRL","4136.40","0","11:13:38","1","18","15","03","A","","","","",
"1012","AEL","HID181504A","89250581","KIT CAVALETE EXTERNO HIDR BR 3/4 DOAL","","","2024-09-25","0","0","7","7","UN","7","7","UN","0L","MM 0020, vendas, livre","BRL","487.20","0","11:21:53","1","18","15","04","A","","","","",
"1012","AEL","HID181504A","89056870","TE RED SOLD 50X32MM TIGRE","","","2026-01-06","0","0","24","24","UN","24","24","UN","0L","MM 0020, vendas, livre","BRL","372.72","0","13:43:56","1","18","15","04","A","","","","",
"1012","AEL","HID181504A","89056723","TE SOLD 60MM TIGRE","","","2026-01-06","0","0","100","100","UN","100","100","UN","0L","MM 0020, vendas, livre","BRL","2428.00","0","13:44:38","1","18","15","04","A","","","","",
"1012","AEL","HID181504A","89056576","LUVA SOLD 60MM TIGRE","","","2026-01-06","0","0","60","60","UN","60","60","UN","0L","MM 0020, vendas, livre","BRL","824.40","0","13:43:46","1","18","15","04","A","","","","",
"1012","AEL","HID181504A","89056555","LUVA SOLD 50MM TIGRE","","","2026-01-06","0","0","60","60","UN","60","60","UN","0L","MM 0020, vendas, livre","BRL","205.80","0","13:44:38","1","18","15","04","A","","","","",
"1012","AEL","HID181504A","89056275","JOELHO 90 SOLD 50MM TIGRE","","","2025-09-09","0","0","75","75","UN","75","75","UN","0L","MM 0020, vendas, livre","BRL","294.00","0","14:59:42","1","18","15","04","A","","","","",
"1012","AEL","HID181504A","89056086","CURVA 90 SOLD 60MM TIGRE","","","2025-12-16","0","0","24","24","UN","24","24","UN","0L","MM 0020, vendas, livre","BRL","632.16","0","18:51:25","1","18","15","04","A","","","","",
"1012","AEL","HID181504A","89056072","CURVA 90 SOLD 50MM TIGRE","","","2026-01-29","0","0","250","250","UN","250","250","UN","0L","MM 0020, vendas, livre","BRL","2422.50","0","11:28:18","1","18","15","04","A","","","","",
"1012","AEL","HID181504A","89056030","CURVA 90 SOLD 20MM TIGRE","","","2025-12-16","0","0","120","120","UN","120","120","UN","0L","MM 0020, vendas, livre","BRL","264.00","0","18:51:46","1","18","15","04","A","","","","",
"1012","AEL","HID181504A","89055722","BUCHA RED SOLD CURTA 60X50MM TIGRE","","","2025-12-16","0","0","125","125","UN","125","125","UN","0L","MM 0020, vendas, livre","BRL","893.75","0","18:51:33","1","18","15","04","A","","","","",
"1012","AEL","HID181504A","89055715","BUCHA RED SOLD CURTA 50X40MM TIGRE","","","2025-12-16","0","0","60","60","UN","60","60","UN","0L","MM 0020, vendas, livre","BRL","228.00","0","18:51:46","1","18","15","04","A","","","","",
"1012","AEL","HID181504A","89055631","ADAPT SOLD CURTO 60MMX2 TIGRE","","","2026-01-06","0","0","84","84","UN","84","84","UN","0L","MM 0020, vendas, livre","BRL","978.60","0","13:43:46","1","18","15","04","A","","","","",
"1012","AEL","HID181504A","89055610","ADAPT SOLD CURTO 50MMX1.1/2 TIGRE","","","2025-12-16","0","0","190","190","UN","190","190","UN","0L","MM 0020, vendas, livre","BRL","646.00","0","18:51:26","1","18","15","04","A","","","","",
"1012","AEL","HID181504A","89055540","ADAPT ANEL SOLD CX DAGUA 60MM TIGRE","","","2025-12-16","0","0","12","12","UN","12","12","UN","0L","MM 0020, vendas, livre","BRL","595.20","0","18:51:46","1","18","15","04","A","","","","",
"1012","AEL","HID181504A","89055533","ADAPT ANEL SOLD CX DAGUA 50MM TIGRE","","","2025-09-02","0","0","46","46","UN","46","46","UN","0L","MM 0020, vendas, livre","BRL","1025.34","0","14:58:50","1","18","15","04","A","","","","",
"1012","AEL","HID181504A","89610794","REG ESF SOLD C/ ANEL PVC 60MM FORTLEV","","","2025-09-17","0","0","10","10","UN","10","10","UN","0L","MM 0020, vendas, livre","BRL","626.10","0","06:14:27","1","18","15","04","A","","","","",
"1012","AEL","HID181505A","89250784","CAIXA PROTECAO PASSEIO PP 1/2 E 3/4 DOAL","","","2025-08-14","0","0","42","42","UN","42","42","UN","0L","MM 0020, vendas, livre","BRL","1723.68","0","12:24:10","1","18","15","05","A","","","","",
"1012","AEL","HID181505B","89042093","ADESIVO PLAST PVC FRASCO 175G TIGRE","","","2025-12-16","0","0","900","900","UN","900","900","UN","0L","MM 0020, vendas, livre","BRL","8271.00","0","18:51:45","1","18","15","05","B","","","","",
"1012","AEL","HID181601A","89424195","LUVA CORRER SOLD 75MM PBA TIGRE","","","2025-03-27","0","0","190","190","UN","190","190","UN","0L","MM 0020, vendas, livre","BRL","9446.80","0","12:56:57","1","18","16","01","A","","","","",
"1012","AEL","HID181601B","89056275","JOELHO 90 SOLD 50MM TIGRE","","","2025-12-02","0","0","960","960","UN","960","960","UN","0L","MM 0020, vendas, livre","BRL","3763.20","0","12:38:41","1","18","16","01","B","","","","",
"1012","AEL","HID200101A","89276705","BOMBA SUB 700L 70MCA 127V 1 ANAU900 5G","","","2026-01-15","0","0","11","11","UN","11","11","UN","0L","MM 0020, vendas, livre","BRL","3864.30","0","11:28:00","1","20","01","01","A","","","","",
"1012","AEL","HID200101A","89047644","CURVA 90 CPVC DN22 TIGRE","","","2025-12-16","0","0","240","240","UN","240","240","UN","0L","MM 0020, vendas, livre","BRL","1080.00","0","18:51:45","1","20","01","01","A","","","","",
"1012","AEL","HID200101A","89047595","TE CPVC DN22 TIGRE","","","2025-09-09","0","0","240","240","UN","240","240","UN","0L","MM 0020, vendas, livre","BRL","756.00","0","14:59:42","1","20","01","01","A","","","","",
"1012","AEL","HID200101A","89044592","BOIA DE NIVEL AUTOMATICA 15A 1,5M ANAUGE","","","2025-12-16","0","0","132","132","UN","132","132","UN","0L","MM 0020, vendas, livre","BRL","3037.32","0","09:45:11","1","20","01","01","A","","","","",
"1012","AEL","HID200101A","89643743","BOMBA SUBMERSIV AGUA DS-5 1/2CV 127V","","","2025-11-10","0","0","3","3","UN","3","3","UN","0L","MM 0020, vendas, livre","BRL","935.46","0","14:01:25","1","20","01","01","A","","","","",
"1012","AEL","HID200101A","89524225","CONECTOR TRANS FM CPVC DN35X1.1/4 TIGRE","","","2025-08-07","0","0","40","40","UN","40","40","UN","0L","MM 0020, vendas, livre","BRL","1149.60","0","12:43:25","1","20","01","01","A","","","","",
"1012","AEL","HID200101A","89524085","BUCHA RED CPVC DN54X28 TIGRE","","","2025-08-21","0","0","10","10","UN","10","10","UN","0L","MM 0020, vendas, livre","BRL","393.80","0","11:38:33","1","20","01","01","A","","","","",
"1012","AEL","HID200101A","89523735","JOELHO 45 CPVC DN54 TIGRE","","","2025-08-12","0","0","20","20","UN","20","20","UN","0L","MM 0020, vendas, livre","BRL","681.40","0","10:48:07","1","20","01","01","A","","","","",
"1012","AEL","HID200101A","89523693","CURVA TRANSPOSICAO CPVC DN22 TIGRE","","","2025-11-13","0","0","50","50","UN","50","50","UN","0L","MM 0020, vendas, livre","BRL","352.50","0","10:25:14","1","20","01","01","A","","","","",
"1012","AEL","HID200101A","89540304","BOMBA CENTRI CP-4R MONO 1/2CV 127/220V","","","2025-12-16","0","0","6","6","UN","6","6","UN","0L","MM 0020, vendas, livre","BRL","2275.68","0","10:13:49","1","20","01","01","A","","","","",
"1012","AEL","HID200102A","89044123","ADESIVO PLAST CPVC FRASCO 175G TIGRE","","","2025-10-09","0","0","80","80","UN","80","80","UN","0L","MM 0020, vendas, livre","BRL","1879.20","0","16:22:51","1","20","01","02","A","","","","",
"1012","AEL","HID200102A","89867155","BOMBA AUTOASPIRA WMA75H 3/4CV 127V CLAW","","","2026-01-09","0","0","9","9","UN","9","9","UN","0L","MM 0020, vendas, livre","BRL","2835.54","0","10:21:26","1","20","01","02","A","","","","",
"1012","AEL","HID200102A","89470332","BOMBA SUB 400L 50MCA 127V 3/4 BLUMA 5.0","","","2026-01-13","0","0","34","34","UN","34","34","UN","0L","MM 0020, vendas, livre","BRL","5265.92","0","09:50:02","1","20","01","02","A","","","","",
"1012","AEL","HID200102A","89540311","BOMBA CENTRI ULTRA DC-4 MONO 1/2CV 127V","","","2025-03-24","0","0","4","4","UN","4","4","UN","0L","MM 0020, vendas, livre","BRL","1139.40","0","10:35:55","1","20","01","02","A","","","","",
"1012","AEL","HID200102A","89822824","BOMBA AUTOASP WMPA37H 1/2CV 127V CLAW","","","2025-04-24","0","0","6","6","UN","6","6","UN","0L","MM 0020, vendas, livre","BRL","1129.20","0","08:39:53","1","20","01","02","A","","","","",
"1012","AEL","HID200102A","89821445","BOMBA CENTRI WMCM 158H 127V CLAW","","","2025-12-11","0","0","6","6","UN","6","6","UN","0L","MM 0020, vendas, livre","BRL","1770.24","0","09:36:53","1","20","01","02","A","","","","",
"1012","AEL","HID200102A","89821410","BOMBA CENTRI WMCM130H 127V CLAW","","","2025-11-19","0","0","7","7","UN","7","7","UN","0L","MM 0020, vendas, livre","BRL","1491.35","0","09:56:50","1","20","01","02","A","","","","",
"1012","AEL","HID200102A","89821172","BOMBA AUTOASP WMA150H 127V CLAW","","","2026-01-09","0","0","10","10","UN","10","10","UN","0L","MM 0020, vendas, livre","BRL","4041.10","0","10:21:08","1","20","01","02","A","","","","",
"1012","AEL","HID200102A","89821123","BOMBA AUTOASP WMA50H 127V CLAW","","","2026-01-09","0","0","2","2","UN","2","2","UN","0L","MM 0020, vendas, livre","BRL","540.42","0","10:21:25","1","20","01","02","A","","","","",
"1012","AEL","HID200201A","89821186","BOMBA AUTOASP WMA200H 127V CLAW","","410000515699","2026-02-02","8","0","0","0","UN","0","0","UN","0L","MM 0020, vendas, livre","BRL","0","0","10:06:46","0","20","02","01","A","","","","",
"1012","AEL","HID200301A","89821172","BOMBA AUTOASP WMA150H 127V CLAW","","","2026-01-09","0","0","19","19","UN","19","19","UN","0L","MM 0020, vendas, livre","BRL","7678.09","0","10:21:21","1","20","03","01","A","","","","",
"1012","AEL","HID200301A","89821186","BOMBA AUTOASP WMA200H 127V CLAW","","","2026-01-09","0","0","6","6","UN","6","6","UN","0L","MM 0020, vendas, livre","BRL","3952.68","0","10:21:25","1","20","03","01","A","","","","",
"1012","AEL","HID200301A","89896912","REG BOIA NIV 15A CB-2001 1,5M MARGIRIUS","","","2025-12-11","0","0","40","40","UN","40","40","UN","0L","MM 0020, vendas, livre","BRL","787.20","0","11:27:32","1","20","03","01","A","","","","",
"1012","AEL","HID200301A","89127794","BOMBA AUTOASP AP-3C 2CV BIVOLT DANCOR","","","2026-01-09","0","0","2","2","UN","2","2","UN","0L","MM 0020, vendas, livre","BRL","2068.56","0","11:41:56","1","20","03","01","A","","","","",
"1012","AEL","HID200302A","89821305","BOMBA SUBMERSIV AGUA WMSAT1.5-16H CLAW","","","2025-11-19","0","0","2","2","UN","2","2","UN","0L","MM 0020, vendas, livre","BRL","629.26","0","09:56:51","1","20","03","02","A","","","","",
"1012","AEL","HID200302A","89821354","BOMBA SUBMERSIV DREN WMSE-550H 127V CLAW","","","2026-01-12","0","0","8","8","UN","8","8","UN","0L","MM 0020, vendas, livre","BRL","4760.96","0","09:34:25","1","20","03","02","A","","","","",
"1012","AEL","HID200302A","89643785","CONTROLADOR PRES JET PRESSURE BIV 60HZ","","","2024-12-16","0","0","4","4","UN","4","4","UN","0L","MM 0020, vendas, livre","BRL","566.00","0","13:05:40","1","20","03","02","A","","","","",
"1012","AEL","HID200401A","89795811","PASTILHA CLORO 3X1 200G HTH","","","2026-01-26","0","0","480","480","UN","480","480","UN","0L","MM 0020, vendas, livre","BRL","2414.40","0","16:31:15","1","20","04","01","A","","","","",
"1012","AEL","HID200401B","89127794","BOMBA AUTOASP AP-3C 2CV BIVOLT DANCOR","","","2025-11-10","0","0","15","15","UN","15","15","UN","0L","MM 0020, vendas, livre","BRL","15514.20","0","14:01:18","1","20","04","01","B","","","","",
"1012","AEL","HID200501A","89292672","FILTRO PISC DFR19 S/AREIA S/BOMBA DANCOR","","","2025-12-16","0","0","1","1","UN","1","1","UN","0L","MM 0020, vendas, livre","BRL","555.62","0","10:13:51","1","20","05","01","A","","","","",
"1012","AEL","HID200501A","89127913","BOMBA PISCINA PF-17 MONO 1/2CV 127/220V","","","2026-01-09","0","0","7","7","UN","7","7","UN","0L","MM 0020, vendas, livre","BRL","4225.69","0","11:41:57","1","20","05","01","A","","","","",
"1012","AEL","HID200501A","89791380","BOMBA SUBMERSIV AGUA XKS 450P 1/2CV 127V","","","2025-10-02","0","0","14","14","UN","14","14","UN","0L","MM 0020, vendas, livre","BRL","4300.94","0","06:49:13","1","20","05","01","A","","","","",
"1012","AEL","HID200502A","89402894","BOMBA HIDROM CHS17 MONO BIV 1/2CV","","","2024-12-16","0","0","15","15","UN","15","15","UN","0L","MM 0020, vendas, livre","BRL","7621.80","0","13:05:42","1","20","05","02","A","","","","",
"1012","AEL","HID200502A","89128004","BOMBA PISCINA PF-17 MONO 1/3CV 127/220V","","","2026-01-09","0","0","3","3","UN","3","3","UN","0L","MM 0020, vendas, livre","BRL","1901.76","0","11:41:58","1","20","05","02","A","","","","",
"1012","AEL","HID200502A","89265295","BOMBA PISCINA PF-17 MONO 1/4CV 127/220V","","","2026-01-09","0","0","13","13","UN","13","13","UN","0L","MM 0020, vendas, livre","BRL","6708.00","0","11:41:58","1","20","05","02","A","","","","",
"1012","AEL","HID200503A","89437656","RESERVATORIO TERMICO KORT INOX 200L BP","","","2025-08-08","0","0","1","1","UN","1","1","UN","0L","MM 0020, vendas, livre","BRL","1425.38","0","12:22:35","1","20","05","03","A","","","","",
"1012","AEL","HID200503B","89437656","RESERVATORIO TERMICO KORT INOX 200L BP","","","2025-08-08","0","0","1","1","UN","1","1","UN","0L","MM 0020, vendas, livre","BRL","1425.38","0","12:22:32","1","20","05","03","B","","","","",
"1012","AEL","HID200601A","89047413","JOELHO 90 CPVC DN22 TIGRE","","","2025-10-07","0","0","880","880","UN","880","880","UN","0L","MM 0020, vendas, livre","BRL","2455.20","0","17:02:31","1","20","06","01","A","","","","",
"1012","AEL","HID200601A","89046356","TE RED MET PEX 16X20X16MM ASTRA","","","2025-12-08","0","0","1","1","UN","1","1","UN","0L","MM 0020, vendas, livre","BRL","21.89","0","10:26:11","1","20","06","01","A","","","","",
"1012","AEL","HID200601A","89046314","TE MET M PEX 20MMX1/2 ASTRA","","","2025-12-08","0","0","1","1","UN","1","1","UN","0L","MM 0020, vendas, livre","BRL","23.47","0","10:26:11","1","20","06","01","A","","","","",
"1012","AEL","HID200601A","89046265","CONECTOR MOVEL MET F PEX 25MMX3/4 ASTRA","","","2025-12-08","0","0","1","1","UN","1","1","UN","0L","MM 0020, vendas, livre","BRL","16.64","0","10:26:11","1","20","06","01","A","","","","",
"1012","AEL","HID200601A","89046216","CONECTOR MOVEL MET F PEX 16MMX3/4 ASTRA","","","2025-12-08","0","0","1","1","UN","1","1","UN","0L","MM 0020, vendas, livre","BRL","15.05","0","10:26:11","1","20","06","01","A","","","","",
"1012","AEL","HID200601A","89045082","ANEL VED PEX 25MM 1 10PC ASTRA","","","2025-12-08","0","0","1","1","UN","1","1","UN","0L","MM 0020, vendas, livre","BRL","13.98","0","10:26:11","1","20","06","01","A","","","","",
"1012","AEL","HID200601A","89044123","ADESIVO PLAST CPVC FRASCO 175G TIGRE","","","2025-12-16","0","0","100","100","UN","100","100","UN","0L","MM 0020, vendas, livre","BRL","2349.00","0","18:51:47","1","20","06","01","A","","","","",
"1012","AEL","HID200601A","89412232","CANOPLA PEX 16MM ASTRA","","","2024-09-02","0","0","15","15","UN","15","15","UN","0L","MM 0020, vendas, livre","BRL","77.10","0","15:29:49","1","20","06","01","A","","","","",
"1012","AEL","HID200601A","89647544","PRENSA PEX 16 A 25MM ASTRA","","","2024-10-23","0","0","11","11","UN","11","11","UN","0L","MM 0020, vendas, livre","BRL","5997.53","0","10:38:15","1","20","06","01","A","","","","",
"1012","AEL","HID200601A","89795811","PASTILHA CLORO 3X1 200G HTH","","","2026-01-26","0","0","400","400","UN","400","400","UN","0L","MM 0020, vendas, livre","BRL","2012.00","0","16:31:10","1","20","06","01","A","","","","",
"1012","AEL","HID200602A","89795846","REDUTOR ALCALINIDADE PH 1L HTH","","","2025-11-28","0","0","48","48","UN","48","48","UN","0L","MM 0020, vendas, livre","BRL","812.16","0","09:51:13","1","20","06","02","A","","","","",
"1012","AEL","HID200602A","89240403","KIT CHUV PEX C/REG PRESS GAV Q MET 0,9M","","","2024-10-02","0","0","5","5","UN","5","5","UN","0L","MM 0020, vendas, livre","BRL","2448.70","0","08:55:34","1","20","06","02","A","","","","",
"1012","AEL","HID200603A","89127864","TUBO PEX AGUA QUENTE 25MM ASTRA","","","2025-12-08","0","0","100","100","M","100","100","M","0L","MM 0020, vendas, livre","BRL","772.00","0","10:26:11","1","20","06","03","A","","","","",
"1012","AEL","HID200603A","89292672","FILTRO PISC DFR19 S/AREIA S/BOMBA DANCOR","","","2025-11-10","0","0","4","4","UN","4","4","UN","0L","MM 0020, vendas, livre","BRL","2222.48","0","14:01:27","1","20","06","03","A","","","","",
"1012","AEL","HID200701A","89795881","ALGICIDA MANUTENCAO 1L HTH","","","2026-01-26","0","0","32","32","UN","32","32","UN","0L","MM 0020, vendas, livre","BRL","451.84","0","16:31:11","1","20","07","01","A","","","","",
"1012","AEL","HID200701A","89795853","ELEVADOR ALCALINIDADE 2KG HTH","","","2026-01-26","0","0","90","90","UN","90","90","UN","0L","MM 0020, vendas, livre","BRL","1917.00","0","16:31:11","1","20","07","01","A","","","","",
"1012","AEL","HID200701A","89821550","CLORO FLUTUADOR 500G HTH","","","2024-11-19","0","0","14","14","UN","14","14","UN","0L","MM 0020, vendas, livre","BRL","716.66","0","11:42:59","1","20","07","01","A","","","","",
"1012","AEL","HID200701A","89821522","ELIMINADOR DE OLEOSIDADE 1L HTH","","","2026-01-26","0","0","48","48","UN","48","48","UN","0L","MM 0020, vendas, livre","BRL","827.52","0","16:31:10","1","20","07","01","A","","","","",
"1012","AEL","HID200701A","89821515","ELEVADOR DE PH PARA PISCINA 1,5 KG HTH","","","2026-01-26","0","0","24","24","UN","24","24","UN","0L","MM 0020, vendas, livre","BRL","383.28","0","16:31:11","1","20","07","01","A","","","","",
"1012","AEL","HID200702A","89795755","ALGICIDA CHOQUE 1L HTH","","","2026-01-26","0","0","128","128","UN","128","128","UN","0L","MM 0020, vendas, livre","BRL","2384.64","0","16:31:10","1","20","07","02","A","","","","",
"1012","AEL","HID200702A","89795902","LIMPA BORDAS PISC 1L HTH","","","2026-01-26","0","0","89","89","UN","89","89","UN","0L","MM 0020, vendas, livre","BRL","1690.11","0","16:31:10","1","20","07","02","A","","","","",
"1012","AEL","HID200702A","89795916","ALGICIDA ULTRA-CLEAR 1L HTH","","","2026-01-26","0","0","54","54","UN","54","54","UN","0L","MM 0020, vendas, livre","BRL","1037.34","0","16:31:10","1","20","07","02","A","","","","",
"1012","AEL","HID200702A","89647670","DEGRAU PLAST C/ VARAO DE LATAO BRUSTEC","","","2025-03-27","0","0","20","20","UN","20","20","UN","0L","MM 0020, vendas, livre","BRL","786.00","0","10:34:44","1","20","07","02","A","","","","",
"1012","AEL","HID200703A","89402866","BOMBA PISCINA PF-17 MONO 1CV 127/220V","","","2025-01-17","0","0","4","4","UN","4","4","UN","0L","MM 0020, vendas, livre","BRL","3393.68","0","10:51:57","1","20","07","03","A","","","","",
"1012","AEL","HID200703B","89437656","RESERVATORIO TERMICO KORT INOX 200L BP","","","2025-08-08","0","0","1","1","UN","1","1","UN","0L","MM 0020, vendas, livre","BRL","1425.38","0","12:25:00","1","20","07","03","B","","","","",
"1012","AEL","HID200801A","89540283","BOMBA AUTOASP ULTRA DA-2 MONO 1/2CV 127V","","","2025-11-10","0","0","35","35","UN","35","35","UN","0L","MM 0020, vendas, livre","BRL","11890.20","0","14:01:31","1","20","08","01","A","","","","",
"1012","AEL","HID200801B","89540283","BOMBA AUTOASP ULTRA DA-2 MONO 1/2CV 127V","","","2025-11-10","0","0","40","40","UN","40","40","UN","0L","MM 0020, vendas, livre","BRL","13588.80","0","14:01:31","1","20","08","01","B","","","","",
"1012","AEL","HID200901A","89795881","ALGICIDA MANUTENCAO 1L HTH","","","2026-01-29","0","0","32","32","UN","32","32","UN","0L","MM 0020, vendas, livre","BRL","451.84","0","08:51:31","1","20","09","01","A","","","","",
"1012","AEL","HID200901A","89795874","REFIL CLARIFICANTE AUX FILTRACAO 900ML","","","2026-01-26","0","0","16","16","UN","16","16","UN","0L","MM 0020, vendas, livre","BRL","122.08","0","16:31:10","1","20","09","01","A","","","","",
"1012","AEL","HID200901A","89795776","CLARIFICANTE AUX FILTRACAO 5L HTH","","","2026-01-29","0","0","20","20","UN","20","20","UN","0L","MM 0020, vendas, livre","BRL","847.00","0","08:51:31","1","20","09","01","A","","","","",
"1012","AEL","HID200901A","89795762","REFIL ALGICIDA CHOQUE 900ML HTH","","","2026-01-29","0","0","47","47","UN","47","47","UN","0L","MM 0020, vendas, livre","BRL","629.33","0","08:51:31","1","20","09","01","A","","","","",
"1012","AEL","HID200901A","89821515","ELEVADOR DE PH PARA PISCINA 1,5 KG HTH","","","2026-01-29","0","0","24","24","UN","24","24","UN","0L","MM 0020, vendas, livre","BRL","383.28","0","08:51:31","1","20","09","01","A","","","","",
"1012","AEL","HID200902A","89728296","MANG FLUTUANTE PISCINA 1.1/2 12M VEICO","","","2025-10-17","0","0","25","25","UN","25","25","UN","0L","MM 0020, vendas, livre","BRL","3748.00","0","15:43:15","1","20","09","02","A","","","","",
"1012","AEL","HID200903A","89821396","BOMBA SUB CONTROL W2.5SDIM2/11 127V CLAW","","*","","24","0","63","63","UN","63","63","UN","0L","MM 0020, vendas, livre","BRL","19869.57","0","00:00:00","1","20","09","03","A","","","","",
"1012","AEL","HID201001A","89540283","BOMBA AUTOASP ULTRA DA-2 MONO 1/2CV 127V","","","2025-10-15","0","0","60","60","UN","60","60","UN","0L","MM 0020, vendas, livre","BRL","20383.20","0","10:49:34","1","20","10","01","A","","","","",
"1012","AEL","HID201101A","89044753","ALGICIDA CHOQUE 1L GENCO","","","2026-01-23","0","0","12","12","UN","12","12","UN","0L","MM 0020, vendas, livre","BRL","237.24","0","10:29:25","1","20","11","01","A","","","","",
"1012","AEL","HID201101A","89044746","ALGICIDA MANUTENCAO 1L GENCO","","","2026-01-23","0","0","85","85","UN","85","85","UN","0L","MM 0020, vendas, livre","BRL","969.00","0","10:29:22","1","20","11","01","A","","","","",
"1012","AEL","HID201101A","89044725","CLARIFICANTE AUX FILTRACAO 1L GENCO","","","2026-01-23","0","0","46","46","UN","46","46","UN","0L","MM 0020, vendas, livre","BRL","491.28","0","10:29:27","1","20","11","01","A","","","","",
"1012","AEL","HID201101A","89795916","ALGICIDA ULTRA-CLEAR 1L HTH","","","2026-01-26","0","0","3","3","UN","3","3","UN","0L","MM 0020, vendas, livre","BRL","57.63","0","16:31:10","1","20","11","01","A","","","","",
"1012","AEL","HID201101A","89795895","REFIL ALGICIDA MANUTENCAO 900ML HTH","","","2025-11-28","0","0","10","10","UN","10","10","UN","0L","MM 0020, vendas, livre","BRL","101.70","0","09:51:12","1","20","11","01","A","","","","",
"1012","AEL","HID201101A","89795881","ALGICIDA MANUTENCAO 1L HTH","","","2026-01-26","0","0","3","3","UN","3","3","UN","0L","MM 0020, vendas, livre","BRL","42.36","0","16:31:11","1","20","11","01","A","","","","",
"1012","AEL","HID201101A","89795846","REDUTOR ALCALINIDADE PH 1L HTH","","","2025-11-28","0","0","1","1","UN","1","1","UN","0L","MM 0020, vendas, livre","BRL","16.92","0","09:51:13","1","20","11","01","A","","","","",
"1012","AEL","HID201101A","89795804","CLORO FLUTUADOR 830G HTH","","","2025-11-28","0","0","10","10","UN","10","10","UN","0L","MM 0020, vendas, livre","BRL","431.50","0","09:51:12","1","20","11","01","A","","","","",
"1012","AEL","HID201101A","89795776","CLARIFICANTE AUX FILTRACAO 5L HTH","","","2026-01-29","0","0","1","1","UN","1","1","UN","0L","MM 0020, vendas, livre","BRL","42.35","0","08:51:31","1","20","11","01","A","","","","",
"1012","AEL","HID201101A","89795755","ALGICIDA CHOQUE 1L HTH","","","2026-01-26","0","0","32","32","UN","32","32","UN","0L","MM 0020, vendas, livre","BRL","596.16","0","16:31:10","1","20","11","01","A","","","","",
"1012","AEL","HID201101A","89795741","SOLUCAO AGUA TURVA 1L HTH","","","2026-01-26","0","0","4","4","UN","4","4","UN","0L","MM 0020, vendas, livre","BRL","54.56","0","16:31:08","1","20","11","01","A","","","","",
"1012","AEL","HID201101A","89795734","SOLUCAO AGUA DE POCO 1L HTH","","","2026-01-26","0","0","32","32","UN","32","32","UN","0L","MM 0020, vendas, livre","BRL","1090.56","0","16:31:10","1","20","11","01","A","","","","",
"1012","AEL","HID201101A","89795720","ELEVADOR PH LIQUIDO 1L HTH","","","2026-01-26","0","0","3","3","UN","3","3","UN","0L","MM 0020, vendas, livre","BRL","28.89","0","16:31:08","1","20","11","01","A","","","","",
"1012","AEL","HID201102A","89795790","ALGICIDA CHOQUE 5L HTH","","","2025-11-28","0","0","3","3","UN","3","3","UN","0L","MM 0020, vendas, livre","BRL","223.20","0","09:51:10","1","20","11","02","A","","","","",
"1012","AEL","HID201102A","89683720","MANG LISA PVC 5/16 CRI NIVEL E1,0 TAIVI","","","2025-03-07","0","0","200","200","M","200","200","M","0L","MM 0020, vendas, livre","BRL","148.00","0","09:56:32","1","20","11","02","A","","","","",
"1012","AEL","HID201102A","89183101","PROLONG MEDIO MF ZAMAC AM 1/2 GARDEN","","","2025-05-29","0","0","200","200","UN","200","200","UN","0L","MM 0020, vendas, livre","BRL","560.00","0","14:36:26","1","20","11","02","A","","","","",
"1012","AEL","HID201102A","89196856","FILTRO PISC DFR15 S/AREIA S/BOMBA DANCOR","","","2026-01-09","0","0","4","4","UN","4","4","UN","0L","MM 0020, vendas, livre","BRL","1894.56","0","11:41:55","1","20","11","02","A","","","","",
"1012","AEL","HID201103A","89795783","ALGICIDA MANUTENCAO 5L HTH","","","2025-02-03","0","0","24","24","UN","24","24","UN","0L","MM 0020, vendas, livre","BRL","1354.80","0","10:12:01","1","20","11","03","A","","","","",
"1012","AEL","HID201103A","89735534","MANG REF PVC 3/4 VD E2,3 TAIVI","","","2026-01-26","0","0","250","250","M","250","250","M","0L","MM 0020, vendas, livre","BRL","1187.50","0","08:39:38","1","20","11","03","A","","","","",
"1012","AEL","HID201104A","89795783","ALGICIDA MANUTENCAO 5L HTH","","","2025-10-21","0","0","7","7","UN","7","7","UN","0L","MM 0020, vendas, livre","BRL","395.15","0","15:09:55","1","20","11","04","A","","","","",
"1012","AEL","HID201104A","89795790","ALGICIDA CHOQUE 5L HTH","","","2025-10-21","0","0","1","1","UN","1","1","UN","0L","MM 0020, vendas, livre","BRL","74.40","0","15:09:55","1","20","11","04","A","","","","",
"1012","AEL","HID201104A","89728282","MANG FLUTUANTE PISCINA 1.1/2 8M VEICO","","","2025-11-28","0","0","13","13","UN","13","13","UN","0L","MM 0020, vendas, livre","BRL","1484.08","0","12:03:25","1","20","11","04","A","","","","",
"1012","AEL","HID201104A","89728296","MANG FLUTUANTE PISCINA 1.1/2 12M VEICO","","","2025-10-17","0","0","7","7","UN","7","7","UN","0L","MM 0020, vendas, livre","BRL","1049.44","0","15:43:15","1","20","11","04","A","","","","",
"1012","AEL","HID201105A","89127920","BOMBA PISCINA PF-17 MONO 3/4CV 127/220V","","","2025-01-17","0","0","10","10","UN","10","10","UN","0L","MM 0020, vendas, livre","BRL","9121.60","0","10:51:55","1","20","11","05","A","","","","",
"1012","AEL","HID201201A","89871194","FILTRO PISCINA BP32000 C/ VALV BLUEPOOL","","","2025-06-03","0","0","3","3","UN","3","3","UN","0L","MM 0020, vendas, livre","BRL","527.07","0","09:32:40","1","20","12","01","A","","","","",
"1012","AEL","HID201201A","89728296","MANG FLUTUANTE PISCINA 1.1/2 12M VEICO","","","2025-10-17","0","0","5","5","UN","5","5","UN","0L","MM 0020, vendas, livre","BRL","749.60","0","15:43:15","1","20","12","01","A","","","","",
"1012","AEL","HID201202A","89802776","MANG LISA PVC 3/4 LAR SUPERFLEX TAIVI","","","2025-12-30","0","0","250","250","M","250","250","M","0L","MM 0020, vendas, livre","BRL","902.50","0","07:57:32","1","20","12","02","A","","","","",
"1012","AEL","HID201202A","89647551","MANG POLIETILENO PONTA AZUL 1/2 COFLEX","","","2026-01-07","0","0","400","400","M","400","400","M","0L","MM 0020, vendas, livre","BRL","684.00","0","07:57:04","1","20","12","02","A","","","","",
"1012","AEL","HID201202A","89647565","MANG POLIETILENO PONTA AZUL 3/4 COFLEX","","","2026-01-07","0","0","100","100","M","100","100","M","0L","MM 0020, vendas, livre","BRL","243.00","0","07:57:04","1","20","12","02","A","","","","",
"1012","AEL","HID201202A","89913145","TUBO PEX GAS AMARELO DN20 EMMETI","","","2026-01-16","0","0","100","100","M","100","100","M","0L","MM 0020, vendas, livre","BRL","866.00","0","16:11:15","1","20","12","02","A","","","","",
"1012","AEL","HID201203B","89196933","FILTRO PISC DFR11 S/AREIA S/BOMBA DANCOR","","","2026-01-09","0","0","8","8","UN","8","8","UN","0L","MM 0020, vendas, livre","BRL","2652.64","0","11:41:50","1","20","12","03","B","","","","",
"1012","AEL","HID201301A","89181813","ENROLADOR MANG FIXO GIRAT MET 30M OVERT","","","2025-09-12","0","0","3","3","UN","3","3","UN","0L","MM 0020, vendas, livre","BRL","83.25","0","16:48:31","1","20","13","01","A","","","","",
"1012","AEL","HID201301A","89044592","BOIA DE NIVEL AUTOMATICA 15A 1,5M ANAUGE","","","2025-12-16","0","0","6","6","UN","6","6","UN","0L","MM 0020, vendas, livre","BRL","138.06","0","09:45:11","1","20","13","01","A","","","","",
"1012","AEL","HID201301A","89598460","UNIAO ESPIGAO PT 1 TAIVI","","","2026-01-26","0","0","300","300","UN","300","300","UN","0L","MM 0020, vendas, livre","BRL","654.00","0","08:39:33","1","20","13","01","A","","","","",
"1012","AEL","HID201301A","89598453","UNIAO ESPIGAO PT 3/4 TAIVI","","","2025-11-24","0","0","150","150","UN","150","150","UN","0L","MM 0020, vendas, livre","BRL","142.50","0","11:49:05","1","20","13","01","A","","","","",
"1012","AEL","HID201301A","89598446","UNIAO ESPIGAO PT 1/2 TAIVI","","","2026-01-26","0","0","100","100","UN","100","100","UN","0L","MM 0020, vendas, livre","BRL","79.00","0","08:39:33","1","20","13","01","A","","","","",
"1012","AEL","HID201301A","89598425","TE ESPIGAO PT 1/2 TAIVI","","","2025-11-24","0","0","38","38","UN","38","38","UN","0L","MM 0020, vendas, livre","BRL","62.32","0","11:49:06","1","20","13","01","A","","","","",
"1012","AEL","HID201301A","89598320","ADAPT INT RED M ESPIG PT 1X3/4 TAIVI","","","2026-01-26","0","0","342","342","UN","342","342","UN","0L","MM 0020, vendas, livre","BRL","653.22","0","08:39:33","1","20","13","01","A","","","","",
"1012","AEL","HID201301A","89598313","ADAPT INT RED M ESPIG PT 3/4X1/2 TAIVI","","","2026-01-26","0","0","150","150","UN","150","150","UN","0L","MM 0020, vendas, livre","BRL","187.50","0","08:39:33","1","20","13","01","A","","","","",
"1012","AEL","HID201301A","89598306","ADAPT INT M ESPIG PT 1 TAIVI","","","2026-01-26","0","0","50","50","UN","50","50","UN","0L","MM 0020, vendas, livre","BRL","116.00","0","08:39:33","1","20","13","01","A","","","","",
"1012","AEL","HID201301A","89598292","ADAPT INT M ESPIG PT 3/4 TAIVI","","","2026-01-26","0","0","100","100","UN","100","100","UN","0L","MM 0020, vendas, livre","BRL","128.00","0","08:39:33","1","20","13","01","A","","","","",
"1012","AEL","HID201301A","89598285","ADAPT INT M ESPIG PT 1/2 TAIVI","","","2025-12-30","0","0","150","150","UN","150","150","UN","0L","MM 0020, vendas, livre","BRL","151.50","0","07:57:30","1","20","13","01","A","","","","",
"1012","AEL","HID201301A","89443186","ASPERSOR 3 SAIDAS C/ BASE ER 1/2 TRAMONT","","","2025-12-29","0","0","7","7","UN","7","7","UN","0L","MM 0020, vendas, livre","BRL","97.16","0","09:08:48","1","20","13","01","A","","","","",
"1012","AEL","HID201301A","89443081","ESGUICHO PLAST RETO ER 1/2 TRAMONT","","","2025-12-29","0","0","72","72","UN","72","72","UN","0L","MM 0020, vendas, livre","BRL","189.36","0","09:08:48","1","20","13","01","A","","","","",
"1012","AEL","HID201301A","89443074","ESGUICHO PLAST RETO ROSCA 1/2 TRAM","","","2024-11-29","0","0","200","200","UN","200","200","UN","0L","MM 0020, vendas, livre","BRL","508.00","0","12:56:41","1","20","13","01","A","","","","",
"1012","AEL","HID201301A","89443053","UNIAO MANGUEIRA ROSCA 1/2 TRAMONT","","","2025-11-25","0","0","120","120","UN","120","120","UN","0L","MM 0020, vendas, livre","BRL","204.00","0","11:48:54","1","20","13","01","A","","","","",
"1012","AEL","HID201301A","89443046","CONECTOR MANG C/ BLOQ ER 1/2 TRAMONT","","","2025-12-29","0","0","359","359","UN","359","359","UN","0L","MM 0020, vendas, livre","BRL","836.47","0","09:08:48","1","20","13","01","A","","","","",
"1012","AEL","HID201301A","89442990","ADAPT P/ TORNEIRA F ER 1/2 E 3/4 TRAM","","","2024-12-16","0","0","352","352","UN","352","352","UN","0L","MM 0020, vendas, livre","BRL","535.04","0","17:21:28","1","20","13","01","A","","","","",
"1012","AEL","HID201301A","89824490","ADAPT ROSCA EXTERNA 3/4"" TRAMONTINA","","","2025-10-30","0","0","60","60","UN","60","60","UN","0L","MM 0020, vendas, livre","BRL","72.00","0","10:34:52","1","20","13","01","A","","","","",
"1012","AEL","HID201301A","89824476","TE ESPIGÃO 3/4"" TRAMONTINA","","","2025-10-30","0","0","60","60","UN","60","60","UN","0L","MM 0020, vendas, livre","BRL","111.00","0","10:34:52","1","20","13","01","A","","","","",
"1012","AEL","HID201301A","89824413","TE ESPIGÃO 1/2"" TRAMONTINA","","","2025-12-29","0","0","48","48","UN","48","48","UN","0L","MM 0020, vendas, livre","BRL","68.16","0","09:08:48","1","20","13","01","A","","","","",
"1012","AEL","HID201301A","89824203","ADAPT JARDIM FÊMEA AMERICANO TRAMONTINA","","","2025-10-30","0","0","60","60","UN","60","60","UN","0L","MM 0020, vendas, livre","BRL","91.80","0","10:34:52","1","20","13","01","A","","","","",
"1012","AEL","HID201301A","89824196","UNIÃO MANGUEIRA 1/2"" TRAMONTINA","","","2025-12-29","0","0","50","50","UN","50","50","UN","0L","MM 0020, vendas, livre","BRL","54.50","0","09:08:48","1","20","13","01","A","","","","",
"1012","AEL","HID201302A","89824315","MANG JARDIM FLEXÍVEL ENG 30M TRAMONTINA","","","2025-12-09","0","0","16","16","UN","16","16","UN","0L","MM 0020, vendas, livre","BRL","1084.00","0","09:33:18","1","20","13","02","A","","","","",
"1012","AEL","HID201302A","89735464","MANG LISA PVC 1/2 LAR SUPERFLEX 25M E2,0","","","2025-11-24","0","0","14","14","UN","14","14","UN","0L","MM 0020, vendas, livre","BRL","610.96","0","11:49:12","1","20","13","02","A","","","","",
"1012","AEL","HID201302A","89735576","KIT MANG REF 7/16 10M VD E1,5 TAIV","","","2026-01-26","0","0","24","24","UN","24","24","UN","0L","MM 0020, vendas, livre","BRL","420.24","0","08:39:36","1","20","13","02","A","","","","",
"1012","AEL","HID201302A","89735583","KIT MANG REF 7/16 15M VD E1,5 TAIV","","","2026-01-26","0","0","28","28","UN","28","28","UN","0L","MM 0020, vendas, livre","BRL","758.24","0","08:39:36","1","20","13","02","A","","","","",
"1012","AEL","HID201302A","89735590","KIT MANG REF 7/16 20M VD E1,5 TAIV","","","2026-01-26","0","0","15","15","UN","15","15","UN","0L","MM 0020, vendas, livre","BRL","534.15","0","08:39:37","1","20","13","02","A","","","","",
"1012","AEL","HID201302A","89735604","KIT MANG REF 7/16 30M VD E1,5 TAIV","","","2026-01-26","0","0","13","13","UN","13","13","UN","0L","MM 0020, vendas, livre","BRL","647.27","0","08:39:37","1","20","13","02","A","","","","",
"1012","AEL","HID201302A","89207860","ANEL VED TUBOS ESG DN100 FORTLEV","","","2025-11-21","0","0","1250","1250","UN","1250","1250","UN","0L","MM 0020, vendas, livre","BRL","1037.50","0","16:20:46","1","20","13","02","A","","","","",
"1012","AEL","HID201303A","89735604","KIT MANG REF 7/16 30M VD E1,5 TAIV","","","2026-01-26","0","0","21","21","UN","21","21","UN","0L","MM 0020, vendas, livre","BRL","1045.59","0","08:39:37","1","20","13","03","A","","","","",
"1012","AEL","HID201303A","89735534","MANG REF PVC 3/4 VD E2,3 TAIVI","","","2026-01-26","0","0","700","700","M","700","700","M","0L","MM 0020, vendas, livre","BRL","3325.00","0","08:39:39","1","20","13","03","A","","","","",
"1012","AEL","HID201303A","89443095","ESGUICHO PLAST 6 JATOS ER 1/2 TRAMONT","","","2025-11-05","0","0","22","22","UN","22","22","UN","0L","MM 0020, vendas, livre","BRL","466.84","0","11:08:55","1","20","13","03","A","","","","",
"1012","AEL","HID201303A","89795804","CLORO FLUTUADOR 830G HTH","","","2025-11-28","0","0","8","8","UN","8","8","UN","0L","MM 0020, vendas, livre","BRL","345.20","0","09:51:12","1","20","13","03","A","","","","",
"1012","AEL","HID201303A","89795790","ALGICIDA CHOQUE 5L HTH","","","2025-11-28","0","0","13","13","UN","13","13","UN","0L","MM 0020, vendas, livre","BRL","967.20","0","09:51:10","1","20","13","03","A","","","","",
"1012","AEL","HID201303A","89795783","ALGICIDA MANUTENCAO 5L HTH","","","2025-11-28","0","0","1","1","UN","1","1","UN","0L","MM 0020, vendas, livre","BRL","56.45","0","09:51:10","1","20","13","03","A","","","","",
"1012","AEL","HID201304A","89735345","MANG LISA PVC 1/2 CRI NIVEL 10M E1,5 TAI","","","2025-12-30","0","0","37","37","UN","37","37","UN","0L","MM 0020, vendas, livre","BRL","645.65","0","07:57:32","1","20","13","04","A","","","","",
"1012","AEL","HID201304A","89735534","MANG REF PVC 3/4 VD E2,3 TAIVI","","","2026-01-26","0","0","500","500","M","500","500","M","0L","MM 0020, vendas, livre","BRL","2375.00","0","08:39:39","1","20","13","04","A","","","","",
"1012","AEL","HID201304A","89735604","KIT MANG REF 7/16 30M VD E1,5 TAIV","","","2025-11-07","0","0","15","15","UN","15","15","UN","0L","MM 0020, vendas, livre","BRL","746.85","0","11:09:14","1","20","13","04","A","","","","",
"1012","AEL","HID201304A","89181813","ENROLADOR MANG FIXO GIRAT MET 30M OVERT","","","2026-01-30","0","0","18","18","UN","18","18","UN","0L","MM 0020, vendas, livre","BRL","499.50","0","08:21:36","1","20","13","04","A","","","","",
"1012","AEL","HID201304A","89181820","SUPORTE PLAST P/ MANG PT OVERTIME","","","2025-06-20","0","0","200","200","UN","200","200","UN","0L","MM 0020, vendas, livre","BRL","738.00","0","16:36:59","1","20","13","04","A","","","","",
"1012","AEL","HID201305B","89867155","BOMBA AUTOASPIRA WMA75H 3/4CV 127V CLAW","","","2025-12-11","0","0","9","9","UN","9","9","UN","0L","MM 0020, vendas, livre","BRL","2835.54","0","18:30:34","1","20","13","05","B","","","","",
"1012","AEL","HID201305B","89127920","BOMBA PISCINA PF-17 MONO 3/4CV 127/220V","","","2025-01-15","0","0","10","10","UN","10","10","UN","0L","MM 0020, vendas, livre","BRL","9121.60","0","11:10:40","1","20","13","05","B","","","","",
"1012","AEL","HID201401A","89470423","BOMBA SUB 650L 65MCA 127V 3/4 BLUMA 9.0","","","2026-01-13","0","0","4","4","UN","4","4","UN","0L","MM 0020, vendas, livre","BRL","844.52","0","09:50:02","1","20","14","01","A","","","","",
"1012","AEL","HID201401A","89470332","BOMBA SUB 400L 50MCA 127V 3/4 BLUMA 5.0","","","2025-12-09","0","0","4","4","UN","4","4","UN","0L","MM 0020, vendas, livre","BRL","619.52","0","10:32:18","1","20","14","01","A","","","","",
"1012","AEL","HID201401A","89821172","BOMBA AUTOASP WMA150H 127V CLAW","","","2026-01-09","0","0","7","7","UN","7","7","UN","0L","MM 0020, vendas, livre","BRL","2828.77","0","10:21:24","1","20","14","01","A","","","","",
"1012","AEL","HID201401A","89821123","BOMBA AUTOASP WMA50H 127V CLAW","","","2026-01-09","0","0","3","3","UN","3","3","UN","0L","MM 0020, vendas, livre","BRL","810.63","0","10:21:25","1","20","14","01","A","","","","",
"1012","AEL","HID201402A","89839344","COTOVELO MACHO GAS 26X3/4 PRENSAR MULTI","","","2025-07-09","0","0","10","10","UN","10","10","UN","0L","MM 0020, vendas, livre","BRL","182.20","0","17:36:54","1","20","14","02","A","","","","",
"1012","AEL","HID201402A","89839323","COTOVELO MACHO GAS 20X1/2 PRENSAR MULTI","","","2025-10-29","0","0","10","10","UN","10","10","UN","0L","MM 0020, vendas, livre","BRL","135.30","0","13:31:12","1","20","14","02","A","","","","",
"1012","AEL","HID201402A","89840541","CONECTOR FÊMEA MÓVEL GÁS 26MMX1 EMMETI","","","2025-09-09","0","0","1","1","UN","1","1","UN","0L","MM 0020, vendas, livre","BRL","27.83","0","12:45:02","1","20","14","02","A","","","","",
"1012","AEL","HID201402A","89840373","CONEC UNIÃO GÁS 26MMX26 PRENSAR EMMETI","","","2025-10-29","0","0","11","11","UN","11","11","UN","0L","MM 0020, vendas, livre","BRL","203.94","0","13:31:12","1","20","14","02","A","","","","",
"1012","AEL","HID201402A","89840366","CONEC UNIÃO GÁS 20MMX20 PRENSAR EMMETI","","","2025-10-29","0","0","12","12","UN","12","12","UN","0L","MM 0020, vendas, livre","BRL","127.32","0","13:31:12","1","20","14","02","A","","","","",
"1012","AEL","HID201402A","89840324","TE MACHO GÁS 20MMX3/4 PRENSAR EMMETI","","","2025-09-09","0","0","1","1","UN","1","1","UN","0L","MM 0020, vendas, livre","BRL","21.90","0","12:45:02","1","20","14","02","A","","","","",
"1012","AEL","HID201402A","89840114","TE INTERMEDIÁRIO RED GÁS 26X20X16 EMMETI","","","2025-09-11","0","0","20","20","UN","20","20","UN","0L","MM 0020, vendas, livre","BRL","493.80","0","05:53:02","1","20","14","02","A","","","","",
"1012","AEL","HID201402A","89840100","TE INTERMEDIÁRIO RED GÁS 26X16X26 EMMETI","","","2025-07-09","0","0","20","20","UN","20","20","UN","0L","MM 0020, vendas, livre","BRL","524.80","0","17:36:54","1","20","14","02","A","","","","",
"1012","AEL","HID201402A","89840093","TE INTERMEDIÁRIO RED GÁS 26X16X20 EMMETI","","","2025-07-09","0","0","13","13","UN","13","13","UN","0L","MM 0020, vendas, livre","BRL","323.70","0","17:36:54","1","20","14","02","A","","","","",
"1012","AEL","HID201402A","89840086","TE INTERMEDIÁRIO RED GÁS 20X26X20 EMMETI","","","2025-07-09","0","0","10","10","UN","10","10","UN","0L","MM 0020, vendas, livre","BRL","268.10","0","17:36:54","1","20","14","02","A","","","","",
"1012","AEL","HID201402A","89840072","TE INTERMEDIÁRIO RED GÁS 20X20X16 EMMETI","","","2025-09-11","0","0","20","20","UN","20","20","UN","0L","MM 0020, vendas, livre","BRL","400.80","0","05:53:02","1","20","14","02","A","","","","",
"1012","AEL","HID201402A","89840051","TE INTERMEDIÁRIO RED GÁS 20X16X16 EMMETI","","","2025-09-11","0","0","20","20","UN","20","20","UN","0L","MM 0020, vendas, livre","BRL","358.60","0","05:53:02","1","20","14","02","A","","","","",
"1012","AEL","HID201402A","89841045","COTOVELO FÊMEA GÁS 16MMX1/2 EMMETI","","","2025-10-29","0","0","15","15","UN","15","15","UN","0L","MM 0020, vendas, livre","BRL","212.85","0","13:31:12","1","20","14","02","A","","","","",
"1012","AEL","HID201402A","89276705","BOMBA SUB 700L 70MCA 127V 1 ANAU900 5G","","","2026-01-15","0","0","8","8","UN","8","8","UN","0L","MM 0020, vendas, livre","BRL","2810.40","0","11:28:00","1","20","14","02","A","","","","",
"1012","AEL","HID201402A","89412456","TE RED MET PEX 20X16X16MM ASTRA","","","2025-12-12","0","0","30","30","UN","30","30","UN","0L","MM 0020, vendas, livre","BRL","674.70","0","09:00:01","1","20","14","02","A","","","","",
"1012","AEL","HID201402A","89660823","ALICATE PRENSA GAS MATRIZ DN16-32 EMMETI","","","2026-01-16","0","0","5","5","UN","5","5","UN","0L","MM 0020, vendas, livre","BRL","6617.85","0","16:11:15","1","20","14","02","A","","","","",
"1012","AEL","HID201402A","89660816","ALICATE PRENSA GAS DN16-20 EMMETI","","","2026-01-08","0","0","4","4","UN","4","4","UN","0L","MM 0020, vendas, livre","BRL","3460.96","0","10:33:31","1","20","14","02","A","","","","",
"1012","AEL","HID201403A","89196856","FILTRO PISC DFR15 S/AREIA S/BOMBA DANCOR","","","2026-01-09","0","0","10","10","UN","10","10","UN","0L","MM 0020, vendas, livre","BRL","4736.40","0","11:41:55","1","20","14","03","A","","","","",
"1012","AEL","HID201404A","89683720","MANG LISA PVC 5/16 CRI NIVEL E1,0 TAIVI","","","2025-11-24","0","0","350","350","M","350","350","M","0L","MM 0020, vendas, livre","BRL","259.00","0","11:49:05","1","20","14","04","A","","","","",
"1012","AEL","HID201404A","89735534","MANG REF PVC 3/4 VD E2,3 TAIVI","","","2026-01-26","0","0","400","400","M","400","400","M","0L","MM 0020, vendas, livre","BRL","1900.00","0","08:39:38","1","20","14","04","A","","","","",
"1012","AEL","HID201404A","89735485","MANG LISA PVC 3/4 CRI NIVEL 10M E1,5 TAI","","","2025-08-26","0","0","12","12","UN","12","12","UN","0L","MM 0020, vendas, livre","BRL","235.32","0","10:09:59","1","20","14","04","A","","","","",
"1012","AEL","HID201404A","89802776","MANG LISA PVC 3/4 LAR SUPERFLEX TAIVI","","","2025-12-30","0","0","100","100","M","100","100","M","0L","MM 0020, vendas, livre","BRL","361.00","0","07:57:32","1","20","14","04","A","","","","",
"1012","AEL","HID201405A","89196835","FILTRO PISC DFR12 S/AREIA S/BOMBA DANCOR","","","2026-01-09","0","0","11","11","UN","11","11","UN","0L","MM 0020, vendas, livre","BRL","3994.10","0","11:41:50","1","20","14","05","A","","","","",
"1012","AEL","HID201601A","89292672","FILTRO PISC DFR19 S/AREIA S/BOMBA DANCOR","","","2025-09-01","0","0","1","1","UN","1","1","UN","0L","MM 0020, vendas, livre","BRL","555.62","0","11:47:45","1","20","16","01","A","","","","",
"1012","AEL","HID201601A","89196856","FILTRO PISC DFR15 S/AREIA S/BOMBA DANCOR","","","2026-01-09","0","0","2","2","UN","2","2","UN","0L","MM 0020, vendas, livre","BRL","947.28","0","11:41:55","1","20","16","01","A","","","","",
"1012","AEL","HID201601A","89196835","FILTRO PISC DFR12 S/AREIA S/BOMBA DANCOR","","","2026-01-09","0","0","3","3","UN","3","3","UN","0L","MM 0020, vendas, livre","BRL","1089.30","0","11:41:53","1","20","16","01","A","","","","",
"1012","AEL","HID201601A","89044746","ALGICIDA MANUTENCAO 1L GENCO","","","2026-01-23","0","0","24","24","UN","24","24","UN","0L","MM 0020, vendas, livre","BRL","273.60","0","10:29:22","1","20","16","01","A","","","","",
"1012","AEL","HID201601A","89196933","FILTRO PISC DFR11 S/AREIA S/BOMBA DANCOR","","","2026-01-09","0","0","3","3","UN","3","3","UN","0L","MM 0020, vendas, livre","BRL","994.74","0","11:41:50","1","20","16","01","A","","","","",
"1012","AEL","HID201602A","89123223","ENGATE FLEX METAL MF GAS 1,2M 1/2 HAENK","","","2025-10-03","0","0","25","25","UN","25","25","UN","0L","MM 0020, vendas, livre","BRL","2219.00","0","13:48:39","1","20","16","02","A","","","","",
"1012","AEL","HID201602A","89427506","RALO LINEAR INVISIVEL BR 50CM TIGRE","","","2025-12-22","0","0","11","11","UN","11","11","UN","0L","MM 0020, vendas, livre","BRL","983.18","0","14:15:12","1","20","16","02","A","","","","",
"1012","AEL","HID201602A","89181813","ENROLADOR MANG FIXO GIRAT MET 30M OVERT","","","2026-01-30","0","0","18","18","UN","18","18","UN","0L","MM 0020, vendas, livre","BRL","499.50","0","08:21:36","1","20","16","02","A","","","","",
"1012","AEL","HID201602A","89293323","REGUL GAS DOM 1KG/H C/ MANG 1,20M ALIANC","","","2025-11-26","0","0","20","20","UN","20","20","UN","0L","MM 0020, vendas, livre","BRL","658.00","0","09:06:36","1","20","16","02","A","","","","",
"1012","AEL","HID201602A","89393990","ENGATE FLEX METAL MF GAS 3M 1/2 HAENKE","","","2024-11-16","0","0","10","10","UN","10","10","UN","0L","MM 0020, vendas, livre","BRL","1804.90","0","12:01:12","1","20","16","02","A","","","","",
"1012","AEL","HID201602A","89735345","MANG LISA PVC 1/2 CRI NIVEL 10M E1,5 TAI","","","2025-11-24","0","0","54","54","UN","54","54","UN","0L","MM 0020, vendas, livre","BRL","942.30","0","11:49:02","1","20","16","02","A","","","","",
"1012","AEL","HID201602A","89896912","REG BOIA NIV 15A CB-2001 1,5M MARGIRIUS","","","2025-11-27","0","0","40","40","UN","40","40","UN","0L","MM 0020, vendas, livre","BRL","787.20","0","09:58:03","1","20","16","02","A","","","","",
"1012","AEL","HID201602A","89457466","ENROLADOR MANG CARRINHO 55M TRAMONT","","","2025-07-09","0","0","1","1","UN","1","1","UN","0L","MM 0020, vendas, livre","BRL","107.73","0","16:54:30","1","20","16","02","A","","","","",
"1012","AEL","HID201603A","89735366","MANG LISA PVC 1/2 CRI NIVEL 25M E1,5 TAI","","","2025-12-30","0","0","30","30","UN","30","30","UN","0L","MM 0020, vendas, livre","BRL","1387.50","0","07:57:30","1","20","16","03","A","","","","",
"1012","AEL","HID201603A","89423236","CLORADOR FLUTUANTE BRUSTEC","","","2025-12-08","0","0","184","184","UN","184","184","UN","0L","MM 0020, vendas, livre","BRL","1529.04","0","16:27:16","1","20","16","03","A","","","","",
"1012","AEL","HID201604A","89841094","TUBO PEX GAS BR-UV DN26 BRANCO EMMETI","","","2025-02-21","0","0","50","50","M","50","50","M","0L","MM 0020, vendas, livre","BRL","641.50","0","12:34:35","1","20","16","04","A","","","","",
"1012","AEL","HID201604A","89841080","TUBO PEX GAS AM DN26 EMMETI","","","2025-04-25","0","0","50","50","M","50","50","M","0L","MM 0020, vendas, livre","BRL","669.50","0","13:44:42","1","20","16","04","A","","","","",
"1012","AEL","HID201604A","89735415","MANG LISA PVC 1/2 LAR SUPERFLEX E2,0 TAI","","","2025-11-24","0","0","1800","1800","M","1800","1800","M","0L","MM 0020, vendas, livre","BRL","3168.00","0","11:49:10","1","20","16","04","A","","","","",
"1012","AEL","HID201604A","89913152","TUBO PEX GAS BR-UV DN20 BRANCO EMMETI","","","2026-01-16","0","0","200","200","M","200","200","M","0L","MM 0020, vendas, livre","BRL","1646.00","0","16:11:15","1","20","16","04","A","","","","",
"1012","AEL","HID201604A","89913145","TUBO PEX GAS AMARELO DN20 EMMETI","","","2026-01-16","0","0","100","100","M","100","100","M","0L","MM 0020, vendas, livre","BRL","866.00","0","16:11:15","1","20","16","04","A","","","","",
"1012","AEL","HID201604A","89913124","TUBO PEX GAS AMARELO DN16 EMMETI","","","2025-12-04","0","0","100","100","M","100","100","M","0L","MM 0020, vendas, livre","BRL","639.00","0","14:21:01","1","20","16","04","A","","","","",
"1012","AEL","HID201604A","89522594","TUBO PEX GAS BR-UV DN16 BRANCO EMMETI","","","2024-09-23","0","0","100","100","M","100","100","M","0L","MM 0020, vendas, livre","BRL","603.00","0","09:03:52","1","20","16","04","A","","","","",
"1012","AEL","HID201605A","89882583","KIT MANGUEIRA POP 20M VERDE BRFLEX","","","2025-06-09","0","0","44","44","UN","44","44","UN","0L","MM 0020, vendas, livre","BRL","1038.40","0","16:44:29","1","20","16","05","A","","","","",
"1012","AEL","HID201605B","89735464","MANG LISA PVC 1/2 LAR SUPERFLEX 25M E2,0","","","2025-11-07","0","0","20","20","UN","20","20","UN","0L","MM 0020, vendas, livre","BRL","872.80","0","11:09:14","1","20","16","05","B","","","","",
"1012","AEL","HID402101B","89289410","JOELHO 90 ESG SN PVC DN100 FORTLEV","","","2026-01-30","0","0","500","500","UN","500","500","UN","0L","MM 0020, vendas, livre","BRL","1740.00","0","10:54:13","1","40","21","01","B","","","","",
"1012","AEL","HID402301B","89289410","JOELHO 90 ESG SN PVC DN100 FORTLEV","","","2026-01-30","0","0","300","300","UN","300","300","UN","0L","MM 0020, vendas, livre","BRL","1044.00","0","10:54:11","1","40","23","01","B","","","","",
"1012","AEL","HID402501A","89824462","MANG JARDIM FLEX ENG SUP 20M TRAMONTINA","","","2025-12-29","0","0","96","96","UN","96","96","UN","0L","MM 0020, vendas, livre","BRL","4268.16","0","09:08:52","1","40","25","01","A","","","","",
"1012","AEL","HID402501B","89289424","JOELHO 90 ESG SN PVC DN50 FORTLEV","","","2025-10-31","0","0","350","350","UN","350","350","UN","0L","MM 0020, vendas, livre","BRL","511.00","0","15:17:01","1","40","25","01","B","","","","",
"1012","AEL","HID402701A","89497940","CAIXA PROTECAO CEDAE N-02 DOAL","","","2024-09-25","0","0","5","5","UN","5","5","UN","0L","MM 0020, vendas, livre","BRL","421.80","0","11:23:53","1","40","27","01","A","","","","",
"1012","AEL","HID402701A","89498031","CAIXA PROTECAO AGUASBR NTS303 DOAL","","","2025-06-30","0","0","24","24","UN","24","24","UN","0L","MM 0020, vendas, livre","BRL","2748.96","0","14:44:15","1","40","27","01","A","","","","",
"1012","AEL","HID402701A","89111372","TANQUE EXPANSAO AGUA ACO CARB 24L","","","2025-03-21","0","0","6","6","UN","6","6","UN","0L","MM 0020, vendas, livre","BRL","1710.12","0","08:52:07","1","40","27","01","A","","","","",
"1012","AEL","HID402702A","89048043","TORN BOIA PLAST AZ 1/2 TIGRE","","","2026-01-06","0","0","40","40","UN","40","40","UN","0L","MM 0020, vendas, livre","BRL","725.20","0","13:44:37","1","40","27","02","A","","","","",
"1012","AEL","HID402702A","89760034","PRESS SUP TP 825 G3 BIV 3 BANH 1/2CV KOM","","","2025-11-21","0","0","2","2","UN","2","2","UN","0L","MM 0020, vendas, livre","BRL","1541.92","0","13:57:29","1","40","27","02","A","","","","",
"1012","AEL","HID402702A","89760020","PRESS SUP TP 820 G3 BIV 2 BANH 3/4CV KOM","","","2025-11-21","0","0","6","6","UN","6","6","UN","0L","MM 0020, vendas, livre","BRL","4589.82","0","13:57:29","1","40","27","02","A","","","","",
"1012","AEL","HID402703A","89824462","MANG JARDIM FLEX ENG SUP 20M TRAMONTINA","","","2025-12-29","0","0","96","96","UN","96","96","UN","0L","MM 0020, vendas, livre","BRL","4268.16","0","09:08:51","1","40","27","03","A","","","","",
"1012","AEL","HID402703B","89289431","JOELHO 45 ESG SN PVC DN100 FORTLEV","","","2025-09-22","0","0","90","90","UN","90","90","UN","0L","MM 0020, vendas, livre","BRL","415.80","0","15:02:10","1","40","27","03","B","","","","",
"1012","AEL","HID402901A","89572763","ADAPT INCENDIO STORZ AL 2.1/2X1.1/2 SEGU","","","2024-09-16","0","0","7","7","UN","7","7","UN","0L","MM 0020, vendas, livre","BRL","96.53","0","12:43:48","1","40","29","01","A","","","","",
"1012","AEL","HID402901A","89572770","VALV GLOBO ANG 45 PN16 FPP 2.1/2 SEGURIM","","","2025-01-18","0","0","13","13","UN","13","13","UN","0L","MM 0020, vendas, livre","BRL","680.94","0","11:46:57","1","40","29","01","A","","","","",
"1012","AEL","HID402901A","89572973","ESGUICHO STORZ JATO REGUL AL 1.1/2 SEGUR","","","2024-09-16","0","0","16","16","UN","16","16","UN","0L","MM 0020, vendas, livre","BRL","764.16","0","12:43:48","1","40","29","01","A","","","","",
"1012","AEL","HID402901A","89573092","CHAVE INCENDIO STORZ AL 2.1/2X1.1/2 SEGU","","","2024-09-16","0","0","136","136","UN","136","136","UN","0L","MM 0020, vendas, livre","BRL","380.80","0","12:43:48","1","40","29","01","A","","","","",
"1012","AEL","HID402901A","89573204","ADAPT INCENDIO STORZ AL 2.1/2X2.1/2 SEGU","","","2025-01-18","0","0","25","25","UN","25","25","UN","0L","MM 0020, vendas, livre","BRL","485.75","0","11:46:57","1","40","29","01","A","","","","",
"1012","AEL","HID402901A","89573246","TAMPAO STORZ C/CORR AL 1.1/2 SEGURIMAX","","","2024-09-16","0","0","28","28","UN","28","28","UN","0L","MM 0020, vendas, livre","BRL","556.64","0","12:43:58","1","40","29","01","A","","","","",
"1012","AEL","HID402901A","89760020","PRESS SUP TP 820 G3 BIV 2 BANH 3/4CV KOM","","","2025-10-17","0","0","2","2","UN","2","2","UN","0L","MM 0020, vendas, livre","BRL","1529.94","0","09:07:52","1","40","29","01","A","","","","",
"1012","AEL","HID402902A","89873721","TORNEIRA BOIA NEO 3/4"" E 1/2" BLUKIT","","","2025-07-08","0","0","500","500","UN","500","500","UN","0L","MM 0020, vendas, livre","BRL","3200.00","0","12:04:53","1","40","29","02","A","","","","",
"1012","AEL","HID402902A","89412141","CHAPEU T ALUM 20CM 100MM DISTAK","","","2024-12-23","0","0","16","16","UN","16","16","UN","0L","MM 0020, vendas, livre","BRL","511.36","0","12:35:58","1","40","29","02","A","","","","",
"1012","AEL","HID402903A","89537420","TUBO SAIDA AR SANF ALUM 5M 130MM DISTAK","","","2024-09-03","0","0","6","6","UN","6","6","UN","0L","MM 0020, vendas, livre","BRL","1061.34","0","15:39:28","1","40","29","03","A","","","","",
"1012","AEL","HID402903A","89537434","TUBO SAIDA AR SANF ALUM 5M 137MM DISTAK","","","2024-09-03","0","0","1","1","UN","1","1","UN","0L","MM 0020, vendas, livre","BRL","184.06","0","15:39:28","1","40","29","03","A","","","","",
"1012","AEL","HID402903A","89412162","CHAPEU T ALUM 20CM 130MM DISTAK","","","2024-09-03","0","0","3","3","UN","3","3","UN","0L","MM 0020, vendas, livre","BRL","129.36","0","15:39:32","1","40","29","03","A","","","","",
"1012","AEL","HID402904A","89873546","KIT ACIO DUPLO P/CAIXA ACOPLADA BLUKIT","","","2025-07-08","0","0","55","55","UN","55","55","UN","0L","MM 0020, vendas, livre","BRL","5542.35","0","12:04:52","1","40","29","04","A","","","","",
"1012","AEL","HID403101A","89417475","ISOLAMENTO TERM POLIPEX PT 10X15MM 2M","","","2025-01-08","0","0","330","330","UN","330","330","UN","0L","MM 0020, vendas, livre","BRL","1412.40","0","09:01:57","1","40","31","01","A","","","","",
"1012","AEL","HID403101A","89412540","CHAPEU T ALUM 20CM 60MM DISTAK","","","2025-12-29","0","0","2","2","UN","2","2","UN","0L","MM 0020, vendas, livre","BRL","44.46","0","10:15:35","1","40","31","01","A","","","","",
"1012","AEL","HID403101A","89411693","TUBO SAIDA AR SANF ALUM 1,5M 100MM","","","2025-12-08","0","0","5","5","UN","5","5","UN","0L","MM 0020, vendas, livre","BRL","209.75","0","09:39:00","1","40","31","01","A","","","","",
"1012","AEL","HID403101A","89537434","TUBO SAIDA AR SANF ALUM 5M 137MM DISTAK","","","2024-09-03","0","0","4","4","UN","4","4","UN","0L","MM 0020, vendas, livre","BRL","736.24","0","15:39:28","1","40","31","01","A","","","","",
"1012","AEL","HID403102A","89715500","GAB INCENDIO SOBR HIDR 90X60X17CM SEGURI","","","2024-09-16","0","0","1","1","UN","1","1","UN","0L","MM 0020, vendas, livre","BRL","189.38","0","12:43:48","1","40","31","02","A","","","","",
"1012","AEL","HID403102A","89411693","TUBO SAIDA AR SANF ALUM 1,5M 100MM","","","2025-10-23","0","0","10","10","UN","10","10","UN","0L","MM 0020, vendas, livre","BRL","419.50","0","11:28:32","1","40","31","02","A","","","","",
"1012","AEL","HID403102A","89411700","TUBO SAIDA AR SANF ALUM 1,5M 120MM","","","2025-11-21","0","0","17","17","UN","17","17","UN","0L","MM 0020, vendas, livre","BRL","864.28","0","08:52:02","1","40","31","02","A","","","","",
"1012","AEL","HID403102A","89411924","AMPLIACAO ALUM 100X150MM DISTAK","","","2025-06-11","0","0","12","12","UN","12","12","UN","0L","MM 0020, vendas, livre","BRL","209.76","0","11:59:39","1","40","31","02","A","","","","",
"1012","AEL","HID403102A","89411931","AMPLIACAO ALUM 60X100MM DISTAK","","","2025-07-14","0","0","40","40","UN","40","40","UN","0L","MM 0020, vendas, livre","BRL","597.60","0","11:18:35","1","40","31","02","A","","","","",
"1012","AEL","HID403102A","89412176","CHAPEU T ALUM 20CM 150MM DISTAK","","","2024-09-03","0","0","5","5","UN","5","5","UN","0L","MM 0020, vendas, livre","BRL","297.20","0","15:39:31","1","40","31","02","A","","","","",
"1012","AEL","HID403103A","89443200","KIT MANG REF 1/2 20M VD E1,5 TRAMONTINA","","","2025-07-17","0","0","100","100","UN","100","100","UN","0L","MM 0020, vendas, livre","BRL","4317.00","0","09:47:02","1","40","31","03","A","","","","",
"1012","AEL","HID403301A","89537420","TUBO SAIDA AR SANF ALUM 5M 130MM DISTAK","","","2025-11-21","0","0","4","4","UN","4","4","UN","0L","MM 0020, vendas, livre","BRL","707.56","0","08:52:02","1","40","33","01","A","","","","",
"1012","AEL","HID403302A","89411714","TUBO SAIDA AR SANF ALUM 1,5M 150MM","","","2025-02-10","0","0","28","28","UN","28","28","UN","0L","MM 0020, vendas, livre","BRL","1910.16","0","19:54:54","1","40","33","02","A","","","","",
"1012","AEL","HID403303A","89824315","MANG JARDIM FLEXÍVEL ENG 30M TRAMONTINA","","","2025-12-09","0","0","60","60","UN","60","60","UN","0L","MM 0020, vendas, livre","BRL","4065.00","0","09:33:18","1","40","33","03","A","","","","",
"1012","AEL","HID403501A","89873315","AQUEC GAS M09 GLP MECANICO BR 9L RINNAI","","","2025-11-14","0","0","1","1","UN","1","1","UN","0L","MM 0020, vendas, livre","BRL","666.11","0","13:00:52","1","40","35","01","A","","","","",
"1012","AEL","HID403501A","89864712","AQUEC GAS E15 GLP DIG BIV CZ 15L","","","2025-03-21","0","0","2","2","UN","2","2","UN","0L","MM 0020, vendas, livre","BRL","2642.56","0","09:45:55","1","40","35","01","A","","","","",
"1012","AEL","HID403501A","89864705","AQUEC GAS E15 GLP DIG BIV BR 15L","","","2025-03-21","0","0","2","2","UN","2","2","UN","0L","MM 0020, vendas, livre","BRL","2516.74","0","09:45:55","1","40","35","01","A","","","","",
"1012","AEL","HID403501A","89518912","AQUEC GAS E15 GN DIG BIV BR 15L","","","2024-10-22","0","0","2","2","UN","2","2","UN","0L","MM 0020, vendas, livre","BRL","2432.84","0","12:11:14","1","40","35","01","A","","","","",
"1012","AEL","HID403501A","89807655","AQUEC GAS GLP HOME DIG BIV BR 26L","","","2026-01-08","0","0","1","1","UN","1","1","UN","0L","MM 0020, vendas, livre","BRL","1830.18","0","09:16:28","1","40","35","01","A","","","","",
"1012","AEL","HID403501A","89807641","AQUEC GAS GN HOME DIG BIV BR 26L","","","2024-09-18","0","0","1","1","UN","1","1","UN","0L","MM 0020, vendas, livre","BRL","1776.19","0","14:47:06","1","40","35","01","A","","","","",
"1012","AEL","HID403501A","89807550","AQUEC GAS GN HOME DIG BIV BR 16L","","","2025-05-30","0","0","1","1","UN","1","1","UN","0L","MM 0020, vendas, livre","BRL","1017.58","0","12:23:31","1","40","35","01","A","","","","",
"1012","AEL","HID403502A","89808243","AQUEC GAS GLP HOME DIG BIV BR 16L","","","2025-07-22","0","0","1","1","UN","1","1","UN","0L","MM 0020, vendas, livre","BRL","1016.49","0","14:09:31","1","40","35","02","A","","","","",
"1012","AEL","HID403502A","89873322","AQUEC GAS M09 GN MECANICO BR 9L RINNAI","","","2025-05-21","0","0","5","5","UN","5","5","UN","0L","MM 0020, vendas, livre","BRL","3318.75","0","13:04:21","1","40","35","02","A","","","","",
"1012","AEL","HID403503A","89443200","KIT MANG REF 1/2 20M VD E1,5 TRAMONTINA","","","2025-06-03","0","0","1","1","UN","1","1","UN","0L","MM 0020, vendas, livre","BRL","43.17","0","10:54:46","1","40","35","03","A","","","","",
"1012","AEL","HID403503B","89440701","JUNCAO RED ESG SR PVC DN100X50 AMANCO","","","2025-01-29","0","0","80","80","UN","80","80","UN","0L","MM 0020, vendas, livre","BRL","1691.20","0","11:55:00","1","40","35","03","B","","","","",
"1012","AEL","HID403503B","89440820","LUVA SIMPLES ESG SR PVC DN100 AMANCO","","","2025-01-29","0","0","132","132","UN","132","132","UN","0L","MM 0020, vendas, livre","BRL","1029.60","0","11:55:01","1","40","35","03","B","","","","",
"1012","LOG","LHI013500A","89040175","JOELHO 90 ESG SN PVC DN150 TIGRE","","","2026-01-06","0","0","40","40","UN","40","40","UN","0L","MM 0020, vendas, livre","BRL","1581.20","0","13:43:59","1","01","35","00","A","","","","",
"1012","LOG","LHI013500A","89040266","JUNCAO RED ESG SN PVC DN100X50 TIGRE","","","2026-01-06","0","0","60","60","UN","60","60","UN","0L","MM 0020, vendas, livre","BRL","688.80","0","13:43:52","1","01","35","00","A","","","","",
"1012","LOG","LHI013500A","89040350","LUVA SIMPLES ESG SN PVC DN50 TIGRE","","","2026-01-06","0","0","225","225","UN","225","225","UN","0L","MM 0020, vendas, livre","BRL","486.00","0","13:43:59","1","01","35","00","A","","","","",
"1012","LOG","LHI013500A","89040525","TE ESG SN PVC DN100 TIGRE","","","2026-01-06","0","0","40","40","UN","40","40","UN","0L","MM 0020, vendas, livre","BRL","428.40","0","13:43:58","1","01","35","00","A","","","","",
"1012","LOG","LHI013500B","89876745","CLORO PISCINA TRADICIONAL 10KG HTH","","","2026-01-26","0","0","17","17","UN","17","17","UN","0L","MM 0020, vendas, livre","BRL","3445.90","0","16:31:17","1","01","35","00","B","","","","",
"1012","LOG","LHI013501A","89044676","PASTILHA CLORO 3X1 200G GENCO","","","2026-01-23","0","0","2280","2280","UN","2280","2280","UN","0L","MM 0020, vendas, livre","BRL","12608.40","0","10:29:28","1","01","35","01","A","","","","",
"1012","LOG","LHI013501A","89820094","BOMBA AUTOASP DPA-40 MONO 1/2CV 127/220V","","","2026-01-09","0","0","67","67","UN","67","67","UN","0L","MM 0020, vendas, livre","BRL","10943.78","0","11:41:47","1","01","35","01","A","","","","",
"1012","LOG","LHI013501B","89127843","AREIA FILTRO PISCINA 15KG DANCOR","","","2026-01-09","0","0","50","50","UN","50","50","UN","0L","MM 0020, vendas, livre","BRL","1006.00","0","11:42:09","1","01","35","01","B","","","","",
"1012","LOG","LHI013502A","89800375","TE ESG SN PVC DN200 FORTLEV","","","2025-09-05","0","0","7","7","UN","7","7","UN","0L","MM 0020, vendas, livre","BRL","1070.65","0","14:53:19","1","01","35","02","A","","","","",
"1012","LOG","LHI013502A","89417370","PROLONG CX SIFONADA 20CM DN150 FORTLEV","","","2026-01-09","0","0","30","30","UN","30","30","UN","0L","MM 0020, vendas, livre","BRL","281.70","0","09:48:40","1","01","35","02","A","","","","",
"1012","LOG","LHI013502B","89571986","CLORO GRAN ESTAB 7,5KG SMART BLUEPO","","","2025-12-30","0","0","15","15","UN","15","15","UN","0L","MM 0020, vendas, livre","BRL","864.60","0","19:26:21","1","01","35","02","B","","","","",
"1012","LOG","LHI013503A","89311222","ENGATE FLEX PLAST AF FF 30CM 1/2 LUCON","","","2025-09-09","0","0","300","300","UN","300","300","UN","0L","MM 0020, vendas, livre","BRL","780.00","0","13:47:23","1","01","35","03","A","","","","",
"1012","LOG","LHI013503B","89041834","REG ESF SOLD C/ ANEL PVC 50MM TIGRE","","","2026-01-06","0","0","250","250","UN","250","250","UN","0L","MM 0020, vendas, livre","BRL","5090.00","0","13:44:33","1","01","35","03","B","","","","",
"1012","LOG","LHI013504A","89423236","CLORADOR FLUTUANTE BRUSTEC","","","2025-12-08","0","0","276","276","UN","276","276","UN","0L","MM 0020, vendas, livre","BRL","2293.56","0","16:27:16","1","01","35","04","A","","","","",
"1012","LOG","LHI013504B","89824315","MANG JARDIM FLEXÍVEL ENG 30M TRAMONTINA","","","2025-12-29","0","0","85","85","UN","85","85","UN","0L","MM 0020, vendas, livre","BRL","5758.75","0","09:08:50","1","01","35","04","B","","","","",
"1012","LOG","LHI013700A","89183304","VALV PIA AMERICANA PLAST CR 3.1/2 OVERTI","","","2025-09-19","0","0","1","1","UN","1","1","UN","0L","MM 0020, vendas, livre","BRL","5.23","0","07:47:42","1","01","37","00","A","","","","",
"1012","LOG","LHI013700A","89044795","SULFATO ALUMINIO 2KG GENCO","","","2026-01-23","0","0","290","290","UN","290","290","UN","0L","MM 0020, vendas, livre","BRL","2784.00","0","10:29:36","1","01","37","00","A","","","","",
"1012","LOG","LHI013700B","89800361","REDUCAO EXC ESG SN PVC DN200X150 FORTLEV","","","2025-05-28","0","0","3","3","UN","3","3","UN","0L","MM 0020, vendas, livre","BRL","105.66","0","10:28:56","1","01","37","00","B","","","","",
"1012","LOG","LHI013700B","89039972","CURVA 90 CURTA ESG SN PVC DN100 TIGRE","","","2026-01-06","0","0","40","40","UN","40","40","UN","0L","MM 0020, vendas, livre","BRL","607.20","0","13:43:55","1","01","37","00","B","","","","",
"1012","LOG","LHI013700B","89040105","JOELHO 45 ESG SN PVC DN150 TIGRE","","","2025-12-16","0","0","5","5","UN","5","5","UN","0L","MM 0020, vendas, livre","BRL","212.90","0","18:51:35","1","01","37","00","B","","","","",
"1012","LOG","LHI013700B","89040161","JOELHO 90 ESG SN PVC DN100 TIGRE","","","2026-01-06","0","0","125","125","UN","125","125","UN","0L","MM 0020, vendas, livre","BRL","676.25","0","13:43:54","1","01","37","00","B","","","","",
"1012","LOG","LHI013700B","89040392","LUVA SIMPLES ESG SN PVC DN150 TIGRE","","","2026-01-06","0","0","30","30","UN","30","30","UN","0L","MM 0020, vendas, livre","BRL","648.00","0","13:44:02","1","01","37","00","B","","","","",
"1012","LOG","LHI013700B","89040553","TE RED ESG SN PVC DN100X50 TIGRE","","","2026-01-06","0","0","8","8","UN","8","8","UN","0L","MM 0020, vendas, livre","BRL","83.12","0","13:43:58","1","01","37","00","B","","","","",
"1012","LOG","LHI013701A","89044725","CLARIFICANTE AUX FILTRACAO 1L GENCO","","","2026-01-23","0","0","408","408","UN","408","408","UN","0L","MM 0020, vendas, livre","BRL","4357.44","0","10:29:27","1","01","37","01","A","","","","",
"1012","LOG","LHI013701B","89540283","BOMBA AUTOASP ULTRA DA-2 MONO 1/2CV 127V","","","2025-12-16","0","0","75","75","UN","75","75","UN","0L","MM 0020, vendas, livre","BRL","25479.00","0","10:13:54","1","01","37","01","B","","","","",
"1012","LOG","LHI013702A","89289396","JOELHO 45 ESG SN PVC DN50 FORTLEV","","","2025-10-17","0","0","140","140","UN","140","140","UN","0L","MM 0020, vendas, livre","BRL","291.20","0","13:11:19","1","01","37","02","A","","","","",
"1012","LOG","LHI013702A","89289284","LUVA SIMPLES ESG SN PVC DN100 FORTLEV","","","2025-09-22","0","0","120","120","UN","120","120","UN","0L","MM 0020, vendas, livre","BRL","391.20","0","15:02:06","1","01","37","02","A","","","","",
"1012","LOG","LHI013702A","89289333","TE ESG SN PVC DN100 FORTLEV","","","2025-10-21","0","0","120","120","UN","120","120","UN","0L","MM 0020, vendas, livre","BRL","918.00","0","15:43:49","1","01","37","02","A","","","","",
"1012","LOG","LHI013702B","89795860","CLARIFICANTE AUX FILTRACAO 1L HTH","","","2026-01-26","0","0","416","416","UN","416","416","UN","0L","MM 0020, vendas, livre","BRL","4405.44","0","16:31:16","1","01","37","02","B","","","","",
"1012","LOG","LHI013703A","89128004","BOMBA PISCINA PF-17 MONO 1/3CV 127/220V","","","2025-12-16","0","0","4","4","UN","4","4","UN","0L","MM 0020, vendas, livre","BRL","2535.68","0","10:13:49","1","01","37","03","A","","","","",
"1012","LOG","LHI013703A","89127913","BOMBA PISCINA PF-17 MONO 1/2CV 127/220V","","","2025-12-16","0","0","13","13","UN","13","13","UN","0L","MM 0020, vendas, livre","BRL","7847.71","0","10:13:49","1","01","37","03","A","","","","",
"1012","LOG","LHI013703A","89127794","BOMBA AUTOASP AP-3C 2CV BIVOLT DANCOR","","","2025-12-16","0","0","9","9","UN","9","9","UN","0L","MM 0020, vendas, livre","BRL","9308.52","0","10:13:52","1","01","37","03","A","","","","",
"1012","LOG","LHI013703B","89040532","TE ESG SN PVC DN150 TIGRE","","","2025-11-04","0","0","1","1","UN","1","1","UN","0L","MM 0020, vendas, livre","BRL","46.04","0","12:46:21","1","01","37","03","B","","","","",
"1012","LOG","LHI013703B","89873546","KIT ACIO DUPLO P/CAIXA ACOPLADA BLUKIT","","","2025-07-28","0","0","132","132","UN","132","132","UN","0L","MM 0020, vendas, livre","BRL","13301.64","0","10:37:35","1","01","37","03","B","","","","",
"1012","LOG","LHI013704A","89820234","CAIXA DESCARGA BR 6,8/9L TIGRE","","","2026-01-29","0","0","42","42","UN","42","42","UN","0L","MM 0020, vendas, livre","BRL","1495.20","0","11:28:21","1","01","37","04","A","","","","",
"1012","LOG","LHI013704B","89040574","TE RED ESG SN PVC DN150X100 TIGRE","","","2025-12-16","0","0","20","20","UN","20","20","UN","0L","MM 0020, vendas, livre","BRL","1094.00","0","18:51:38","1","01","37","04","B","","","","",
"1012","LOG","LHI013704B","89040553","TE RED ESG SN PVC DN100X50 TIGRE","","","2025-12-16","0","0","40","40","UN","40","40","UN","0L","MM 0020, vendas, livre","BRL","415.60","0","18:51:38","1","01","37","04","B","","","","",
"1012","LOG","LHI013704B","89040525","TE ESG SN PVC DN100 TIGRE","","","2025-12-16","0","0","60","60","UN","60","60","UN","0L","MM 0020, vendas, livre","BRL","642.60","0","18:51:40","1","01","37","04","B","","","","",
"1012","LOG","LHI013704B","89040483","REDUCAO EXC ESG SN PVC DN150X100 TIGRE","","","2025-07-31","0","0","20","20","UN","20","20","UN","0L","MM 0020, vendas, livre","BRL","407.00","0","09:59:32","1","01","37","04","B","","","","",
"1012","LOG","LHI013704B","89040280","JUNCAO RED ESG SN PVC DN150X100 TIGRE","","","2025-12-16","0","0","15","15","UN","15","15","UN","0L","MM 0020, vendas, livre","BRL","805.20","0","18:51:38","1","01","37","04","B","","","","",
"1012","LOG","LHI013704B","89800361","REDUCAO EXC ESG SN PVC DN200X150 FORTLEV","","","2025-05-28","0","0","16","16","UN","16","16","UN","0L","MM 0020, vendas, livre","BRL","563.52","0","10:28:56","1","01","37","04","B","","","","",
"1012","LOG","LHI013704B","89289326","TE RED ESG SN PVC DN100X50 FORTLEV","","","2025-12-11","0","0","60","60","UN","60","60","UN","0L","MM 0020, vendas, livre","BRL","469.80","0","17:27:32","1","01","37","04","B","","","","",
"1012","LOG","LHI013900A","89417370","PROLONG CX SIFONADA 20CM DN150 FORTLEV","","","2026-01-09","0","0","10","10","UN","10","10","UN","0L","MM 0020, vendas, livre","BRL","93.90","0","09:48:40","1","01","39","00","A","","","","",
"1012","LOG","LHI013900A","89290222","JUNCAO SIMPLES ESG SN PVC DN100 FORTLEV","","","2025-12-13","0","0","30","30","UN","30","30","UN","0L","MM 0020, vendas, livre","BRL","328.20","0","11:16:36","1","01","39","00","A","","","","",
"1012","LOG","LHI013900A","89289410","JOELHO 90 ESG SN PVC DN100 FORTLEV","","","2026-01-30","0","0","220","220","UN","220","220","UN","0L","MM 0020, vendas, livre","BRL","765.60","0","10:54:11","1","01","39","00","A","","","","",
"1012","LOG","LHI013900A","89289326","TE RED ESG SN PVC DN100X50 FORTLEV","","","2025-12-11","0","0","10","10","UN","10","10","UN","0L","MM 0020, vendas, livre","BRL","78.30","0","17:27:32","1","01","39","00","A","","","","",
"1012","LOG","LHI013900B","89518863","ELEVADOR PH GRANULADO 2KG GENCO","","","2026-01-23","0","0","264","264","UN","264","264","UN","0L","MM 0020, vendas, livre","BRL","4931.52","0","10:29:35","1","01","39","00","B","","","","",
"1012","LOG","LHI013900B","89044753","ALGICIDA CHOQUE 1L GENCO","","","2026-01-23","0","0","24","24","UN","24","24","UN","0L","MM 0020, vendas, livre","BRL","474.48","0","10:29:25","1","01","39","00","B","","","","",
"1012","LOG","LHI013900B","89044823","ELEVADOR ALCALINIDADE 2KG GENCO","","","2026-01-23","0","0","58","58","UN","58","58","UN","0L","MM 0020, vendas, livre","BRL","1133.32","0","10:29:25","1","01","39","00","B","","","","",
"1012","LOG","LHI013900B","89795811","PASTILHA CLORO 3X1 200G HTH","","","2026-01-14","0","0","100","100","UN","100","100","UN","0L","MM 0020, vendas, livre","BRL","503.00","0","10:42:56","1","01","39","00","B","","","","",
"1012","LOG","LHI013901A","89821144","BOMBA AUTOASP WMA100H 127V CLAW","","","2026-01-23","0","0","30","30","UN","30","30","UN","0L","MM 0020, vendas, livre","BRL","11630.70","0","10:46:14","1","01","39","01","A","","","","",
"1012","LOG","LHI013901A","89127780","BOMBA AUTOASP AP-3C MONO 1CV BIV DANCOR","","","2025-12-16","0","0","13","13","UN","13","13","UN","0L","MM 0020, vendas, livre","BRL","8705.19","0","10:13:54","1","01","39","01","A","","","","",
"1012","LOG","LHI013901B","89127843","AREIA FILTRO PISCINA 15KG DANCOR","","","2026-01-09","0","0","50","50","UN","50","50","UN","0L","MM 0020, vendas, livre","BRL","1006.00","0","11:42:05","1","01","39","01","B","","","","",
"1012","LOG","LHI013902A","89800326","CURVA 90 LONGA ESG SN PVC DN200 FORTLEV","","","2025-08-22","0","0","10","10","UN","10","10","UN","0L","MM 0020, vendas, livre","BRL","1199.00","0","13:06:11","1","01","39","02","A","","","","",
"1012","LOG","LHI013902B","89821144","BOMBA AUTOASP WMA100H 127V CLAW","","","2025-10-22","0","0","9","9","UN","9","9","UN","0L","MM 0020, vendas, livre","BRL","3489.21","0","14:36:02","1","01","39","02","B","","","","",
"1012","LOG","LHI013902B","89821466","BOMBA AUTOASP WMPA75H 1CV BIVOLT CLAW","","","2025-09-20","0","0","13","13","UN","13","13","UN","0L","MM 0020, vendas, livre","BRL","4086.42","0","06:00:15","1","01","39","02","B","","","","",
"1012","LOG","LHI013903A","89735485","MANG LISA PVC 3/4 CRI NIVEL 10M E1,5 TAI","","","2025-11-24","0","0","66","66","UN","66","66","UN","0L","MM 0020, vendas, livre","BRL","1294.26","0","11:49:11","1","01","39","03","A","","","","",
"1012","LOG","LHI013903B","89289942","TE SOLD 50MM FORTLEV","","","2025-10-31","0","0","240","240","UN","240","240","UN","0L","MM 0020, vendas, livre","BRL","1176.00","0","15:17:01","1","01","39","03","B","","","","",
"1012","LOG","LHI013903B","89289900","TE SOLD 25MM FORTLEV","","","2025-10-31","0","0","1200","1200","UN","1200","1200","UN","0L","MM 0020, vendas, livre","BRL","732.00","0","15:17:02","1","01","39","03","B","","","","",
"1012","LOG","LHI013903B","89289725","JOELHO 90 SOLD 25MM FORTLEV","","","2026-01-09","0","0","2400","2400","UN","2400","2400","UN","0L","MM 0020, vendas, livre","BRL","816.00","0","09:48:40","1","01","39","03","B","","","","",
"1012","LOG","LHI013903B","89289613","CURVA 90 SOLD 25MM FORTLEV","","","2026-01-09","0","0","2080","2080","UN","2080","2080","UN","0L","MM 0020, vendas, livre","BRL","4076.80","0","09:48:40","1","01","39","03","B","","","","",
"1012","LOG","LHI013903B","89208763","UNIAO SOLD 25MM FORTLEV","","","2026-01-09","0","0","440","440","UN","440","440","UN","0L","MM 0020, vendas, livre","BRL","2266.00","0","09:48:40","1","01","39","03","B","","","","",
"1012","LOG","LHI013903B","89208770","UNIAO SOLD 32MM FORTLEV","","","2026-01-09","0","0","100","100","UN","100","100","UN","0L","MM 0020, vendas, livre","BRL","953.00","0","09:48:40","1","01","39","03","B","","","","",
"1012","LOG","LHI013904A","89824462","MANG JARDIM FLEX ENG SUP 20M TRAMONTINA","","","2025-12-29","0","0","64","64","UN","64","64","UN","0L","MM 0020, vendas, livre","BRL","2845.44","0","09:08:51","1","01","39","04","A","","","","",
"1012","LOG","LHI013904B","89821172","BOMBA AUTOASP WMA150H 127V CLAW","","","2026-01-09","0","0","46","46","UN","46","46","UN","0L","MM 0020, vendas, livre","BRL","18589.06","0","10:21:24","1","01","39","04","B","","","","",
"1012","LOG","LHI014101A","89821445","BOMBA CENTRI WMCM 158H 127V CLAW","","","2026-01-12","0","0","5","5","UN","5","5","UN","0L","MM 0020, vendas, livre","BRL","1475.20","0","09:34:17","1","01","41","01","A","","","","",
"1012","LOG","LHI014101A","89821410","BOMBA CENTRI WMCM130H 127V CLAW","","","2026-01-12","0","0","4","4","UN","4","4","UN","0L","MM 0020, vendas, livre","BRL","852.20","0","09:34:17","1","01","41","01","A","","","","",
"1012","LOG","LHI014101A","89821172","BOMBA AUTOASP WMA150H 127V CLAW","","","2026-01-12","0","0","11","11","UN","11","11","UN","0L","MM 0020, vendas, livre","BRL","4445.21","0","09:34:17","1","01","41","01","A","","","","",
"1012","LOG","LHI014101B","89795741","SOLUCAO AGUA TURVA 1L HTH","","","2026-01-26","0","0","188","188","UN","188","188","UN","0L","MM 0020, vendas, livre","BRL","2564.32","0","16:31:08","1","01","41","01","B","","","","",
"1012","LOG","LHI014101B","89795720","ELEVADOR PH LIQUIDO 1L HTH","","","2026-01-26","0","0","192","192","UN","192","192","UN","0L","MM 0020, vendas, livre","BRL","1848.96","0","16:31:08","1","01","41","01","B","","","","",
"1012","LOG","LHI014102A","89289410","JOELHO 90 ESG SN PVC DN100 FORTLEV","","","2026-01-30","0","0","560","560","UN","560","560","UN","0L","MM 0020, vendas, livre","BRL","1948.80","0","10:54:03","1","01","41","02","A","","","","",
"1012","LOG","LHI014200A","89207251","TUBO ESG SN PVC 3M DN75 FORTLEV","","","2026-01-14","0","0","20","20","UN","20","20","UN","0L","MM 0020, vendas, livre","BRL","518.40","0","11:39:09","1","01","42","00","A","","","","",
"1012","LOG","LHI014200A","89207230","TUBO ESG SN PVC 3M DN40 FORTLEV","","","2026-01-22","0","0","84","84","UN","84","84","UN","0L","MM 0020, vendas, livre","BRL","942.48","0","11:52:34","1","01","42","00","A","","","","",
"1012","LOG","LHI014200A","89207195","TUBO SOLD AF PVC 3M 50MM FORTLEV","","","2025-11-10","0","0","155","155","UN","155","155","UN","0L","MM 0020, vendas, livre","BRL","4730.60","0","12:48:27","1","01","42","00","A","","","","",
"1012","LOG","LHI014200A","89423201","CABO ALUMINIO TELESCOPICO 5M BRUSTEC","","","2025-06-09","0","0","11","11","UN","11","11","UN","0L","MM 0020, vendas, livre","BRL","603.46","0","15:56:54","1","01","42","00","A","","","","",
"1012","LOG","LHI014200A","89821375","BOMBA SUB CONTROL W2.5SDIM2/8 127V CLAW","","","2025-12-03","0","0","1","1","UN","1","1","UN","0L","MM 0020, vendas, livre","BRL","297.21","0","10:56:08","1","01","42","00","A","","","","",
"1012","LOG","LHI014200B","89207265","TUBO ESG SN PVC 3M DN100 FORTLEV","","","2026-01-22","0","0","15","15","UN","15","15","UN","0L","MM 0020, vendas, livre","BRL","382.80","0","11:52:34","1","01","42","00","B","","","","",
"1012","LOG","LHI014201A","89127843","AREIA FILTRO PISCINA 15KG DANCOR","","","2026-01-09","0","0","20","20","UN","20","20","UN","0L","MM 0020, vendas, livre","BRL","402.40","0","11:42:05","1","01","42","01","A","","","","",
"1012","LOG","LHI014201B","89041834","REG ESF SOLD C/ ANEL PVC 50MM TIGRE","","","2025-12-16","0","0","450","450","UN","450","450","UN","0L","MM 0020, vendas, livre","BRL","9162.00","0","18:51:45","1","01","42","01","B","","","","",
"1012","LOG","LHI014202A","89800326","CURVA 90 LONGA ESG SN PVC DN200 FORTLEV","","","2025-08-22","0","0","26","26","UN","26","26","UN","0L","MM 0020, vendas, livre","BRL","3117.40","0","13:06:13","1","01","42","02","A","","","","",
"1012","LOG","LHI014203B","89289284","LUVA SIMPLES ESG SN PVC DN100 FORTLEV","","","2026-01-09","0","0","1080","1080","UN","1080","1080","UN","0L","MM 0020, vendas, livre","BRL","3520.80","0","09:48:42","1","01","42","03","B","","","","",
"1012","LOG","LHI014400A","89207244","TUBO ESG SN PVC 3M DN50 FORTLEV","","","2026-01-14","0","0","292","292","UN","292","292","UN","0L","MM 0020, vendas, livre","BRL","5536.32","0","11:39:06","1","01","44","00","A","","","","",
"1012","LOG","LHI014400A","89208483","TUBO SOLD AF PVC 3M 25MM FORTLEV","","","2025-10-30","0","0","824","824","UN","824","824","UN","0L","MM 0020, vendas, livre","BRL","6039.92","0","17:02:45","1","01","44","00","A","","","","",
"1012","LOG","LHI014400B","89042891","RALO LINEAR GRELHA CZ 70CM TIGRE","","","2026-01-06","0","0","4","4","UN","4","4","UN","0L","MM 0020, vendas, livre","BRL","423.12","0","13:44:32","1","01","44","00","B","","","","",
"1012","LOG","LHI014401A","89240585","TUBO ESG SN PVC 1M DN75 AMBARTECH-TIGRE","","","2025-09-24","0","0","25","25","UN","25","25","UN","0L","MM 0020, vendas, livre","BRL","531.50","0","06:04:09","1","01","44","01","A","","","","",
"1012","LOG","LHI014401A","89127913","BOMBA PISCINA PF-17 MONO 1/2CV 127/220V","","","2025-11-10","0","0","9","9","UN","9","9","UN","0L","MM 0020, vendas, livre","BRL","5433.03","0","14:01:25","1","01","44","01","A","","","","",
"1012","LOG","LHI014401B","89209806","TORN BOIA PLAST ZAMAC 3/4 AZ GARDEN","","","2025-10-02","0","0","70","70","UN","70","70","UN","0L","MM 0020, vendas, livre","BRL","847.70","0","06:49:16","1","01","44","01","B","","","","",
"1012","LOG","LHI014402A","89800326","CURVA 90 LONGA ESG SN PVC DN200 FORTLEV","","","2025-09-24","0","0","14","14","UN","14","14","UN","0L","MM 0020, vendas, livre","BRL","1678.60","0","06:04:08","1","01","44","02","A","","","","",
"1012","LOG","LHI014402B","89289431","JOELHO 45 ESG SN PVC DN100 FORTLEV","","","2025-10-13","0","0","350","350","UN","350","350","UN","0L","MM 0020, vendas, livre","BRL","1617.00","0","12:48:56","1","01","44","02","B","","","","",
"1012","LOG","LHI014600A","89207251","TUBO ESG SN PVC 3M DN75 FORTLEV","","","2025-11-25","0","0","84","84","UN","84","84","UN","0L","MM 0020, vendas, livre","BRL","2177.28","0","10:46:50","1","01","46","00","A","","","","",
"1012","LOG","LHI014600B","89847702","TE 90 SOLD PVC 110MM AMANCO","","","2025-06-11","0","0","4","4","UN","4","4","UN","0L","MM 0020, vendas, livre","BRL","505.32","0","15:01:00","1","01","46","00","B","","","","",
"1012","LOG","LHI014600B","89847660","TE DE RED 90 SOLD PVC 110X75MM AMANCO","","","2025-06-11","0","0","10","10","UN","10","10","UN","0L","MM 0020, vendas, livre","BRL","1403.50","0","15:01:01","1","01","46","00","B","","","","",
"1012","LOG","LHI014600B","89847653","TE DE RED 90 SOLD PVC 110X60MM AMANCO","","","2025-06-11","0","0","9","9","UN","9","9","UN","0L","MM 0020, vendas, livre","BRL","1332.72","0","15:00:58","1","01","46","00","B","","","","",
"1012","LOG","LHI014600B","89847492","LUVA RED SOLD PVC 110X75MM AMANCO","","","2025-06-11","0","0","10","10","UN","10","10","UN","0L","MM 0020, vendas, livre","BRL","419.20","0","15:00:59","1","01","46","00","B","","","","",
"1012","LOG","LHI014600B","89847443","JOELHO 90 SOLD PVC 110MM AMANCO","","","2025-06-11","0","0","7","7","UN","7","7","UN","0L","MM 0020, vendas, livre","BRL","901.04","0","15:00:55","1","01","46","00","B","","","","",
"1012","LOG","LHI014600B","89847394","JOELHO 45 SOLD PVC 110MM AMANCO","","","2025-06-11","0","0","16","16","UN","16","16","UN","0L","MM 0020, vendas, livre","BRL","2772.16","0","15:00:58","1","01","46","00","B","","","","",
"1012","LOG","LHI014600B","89847373","JOELHO 45 SOLD 75MM AMANCO","","","2025-06-11","0","0","4","4","UN","4","4","UN","0L","MM 0020, vendas, livre","BRL","191.08","0","15:01:02","1","01","46","00","B","","","","",
"1012","LOG","LHI014600B","89847352","CURVA 90 SOLD PVC 110MM AMANCO","","","2025-06-11","0","0","18","18","UN","18","18","UN","0L","MM 0020, vendas, livre","BRL","2590.20","0","15:01:00","1","01","46","00","B","","","","",
"1012","LOG","LHI014600B","89847303","CURVA 45 SOLD PVC 110MM AMANCO","","","2025-06-11","0","0","20","20","UN","20","20","UN","0L","MM 0020, vendas, livre","BRL","1780.40","0","15:01:02","1","01","46","00","B","","","","",
"1012","LOG","LHI014600B","89847296","CURVA 45 SOLD PVC 85MM AMANCO","","","2025-06-11","0","0","20","20","UN","20","20","UN","0L","MM 0020, vendas, livre","BRL","774.60","0","15:00:55","1","01","46","00","B","","","","",
"1012","LOG","LHI014600B","89847282","CURVA 45 SOLD 75MM AMANCO","","","2025-06-11","0","0","10","10","UN","10","10","UN","0L","MM 0020, vendas, livre","BRL","310.90","0","15:01:00","1","01","46","00","B","","","","",
"1012","LOG","LHI014600B","89847254","CAP SOLD 110MM AMANCO","","","2025-06-11","0","0","5","5","UN","5","5","UN","0L","MM 0020, vendas, livre","BRL","277.85","0","15:00:55","1","01","46","00","B","","","","",
"1012","LOG","LHI014600B","89847163","BUCHA RED SOLD CURTA 110X85MM AMANCO","","","2025-06-11","0","0","12","12","UN","12","12","UN","0L","MM 0020, vendas, livre","BRL","650.28","0","15:01:01","1","01","46","00","B","","","","",
"1012","LOG","LHI014600B","89847114","ADAPT SOLD CURTO BOLS ROSC 110MMx4 AMANC","","","2025-06-11","0","0","13","13","UN","13","13","UN","0L","MM 0020, vendas, livre","BRL","415.48","0","15:00:59","1","01","46","00","B","","","","",
"1012","LOG","LHI014601A","89289270","LUVA SOLD LR 25MMX3/4 FORTLEV","","","2025-10-31","0","0","510","510","UN","510","510","UN","0L","MM 0020, vendas, livre","BRL","555.90","0","15:16:51","1","01","46","01","A","","","","",
"1012","LOG","LHI014601A","89289753","JOELHO 90 SOLD 50MM FORTLEV","","","2025-10-21","0","0","400","400","UN","400","400","UN","0L","MM 0020, vendas, livre","BRL","896.00","0","15:43:50","1","01","46","01","A","","","","",
"1012","LOG","LHI014601A","89289725","JOELHO 90 SOLD 25MM FORTLEV","","","2025-10-31","0","0","600","600","UN","600","600","UN","0L","MM 0020, vendas, livre","BRL","204.00","0","15:16:56","1","01","46","01","A","","","","",
"1012","LOG","LHI014601A","89207300","ADAPT ANEL SOLD CX DAGUA 20MM FORTLEV","","","2025-10-31","0","0","120","120","UN","120","120","UN","0L","MM 0020, vendas, livre","BRL","699.60","0","15:16:47","1","01","46","01","A","","","","",
"1012","LOG","LHI014602A","89282613","TUBO PE RAMAL DN20 AMANCO","","","2026-01-16","0","0","600","600","M","600","600","M","0L","MM 0020, vendas, livre","BRL","3120.00","0","13:27:42","1","01","46","02","A","","","","",
"1012","LOG","LHI014602A","89273163","SIFAO EXT UNIVERSAL BR TIGRE","","","2025-11-25","0","0","1200","1200","UN","1200","1200","UN","0L","MM 0020, vendas, livre","BRL","5004.00","0","13:25:31","1","01","46","02","A","","","","",
"1012","LOG","LHI014801A","89040224","JUNCAO SIMPLES ESG SN PVC DN100 TIGRE","","","2025-11-13","0","0","40","40","UN","40","40","UN","0L","MM 0020, vendas, livre","BRL","617.20","0","10:25:13","1","01","48","01","A","","","","",
"1012","LOG","LHI014801A","89039874","CAP ESG SN PVC DN100 TIGRE","","","2025-10-09","0","0","120","120","UN","120","120","UN","0L","MM 0020, vendas, livre","BRL","732.00","0","16:22:28","1","01","48","01","A","","","","",
"1012","LOG","LHI014801B","89847100","ADAPT SOLD CURTO BOLS ROSC 85MMX3"" AMANC","","","2026-01-26","0","0","12","12","UN","12","12","UN","0L","MM 0020, vendas, livre","BRL","271.92","0","14:10:08","1","01","48","01","B","","","","",
"1012","LOG","LHI014801B","89847142","BUCHA RED SOLD CURTA 75X60MM AMANCO","","","2026-01-26","0","0","20","20","UN","20","20","UN","0L","MM 0020, vendas, livre","BRL","269.60","0","14:10:08","1","01","48","01","B","","","","",
"1012","LOG","LHI014801B","89847443","JOELHO 90 SOLD PVC 110MM AMANCO","","","2026-01-26","0","0","11","11","UN","11","11","UN","0L","MM 0020, vendas, livre","BRL","1415.92","0","14:10:12","1","01","48","01","B","","","","",
"1012","LOG","LHI014801B","89847485","LUVA RED SOLD 75X60MM AMANCO","","","2026-01-26","0","0","16","16","UN","16","16","UN","0L","MM 0020, vendas, livre","BRL","524.00","0","14:10:08","1","01","48","01","B","","","","",
"1012","LOG","LHI014801B","89847513","LUVA SOLD 75MM AMANCO","","","2026-01-26","0","0","20","20","UN","20","20","UN","0L","MM 0020, vendas, livre","BRL","335.00","0","14:10:03","1","01","48","01","B","","","","",
"1012","LOG","LHI014801B","89847520","LUVA SOLD PVC 85MM AMANCO","","","2026-01-26","0","0","18","18","UN","18","18","UN","0L","MM 0020, vendas, livre","BRL","675.72","0","14:10:03","1","01","48","01","B","","","","",
"1012","LOG","LHI014801B","89847541","LUVA SOLD PVC 110MM AMANCO","","","2026-01-26","0","0","6","6","UN","6","6","UN","0L","MM 0020, vendas, livre","BRL","346.92","0","14:10:08","1","01","48","01","B","","","","",
"1012","LOG","LHI014801B","89847625","TE DE RED 90 SOLD PVC 85X60MM AMANCO","","","2026-01-26","0","0","12","12","UN","12","12","UN","0L","MM 0020, vendas, livre","BRL","690.72","0","14:10:08","1","01","48","01","B","","","","",
"1012","LOG","LHI014801B","89847744","UNIAO SOLD 75MM AMANCO","","","2026-01-26","0","0","16","16","UN","16","16","UN","0L","MM 0020, vendas, livre","BRL","1666.08","0","14:10:08","1","01","48","01","B","","","","",
"1012","LOG","LHI014801B","89847436","JOELHO 90 SOLD PVC 85MM AMANCO","","","2026-01-26","0","0","12","12","UN","12","12","UN","0L","MM 0020, vendas, livre","BRL","936.84","0","14:10:08","1","01","48","01","B","","","","",
"1012","LOG","LHI014801B","89847415","JOELHO 90 SOLD 75MM AMANCO","","","2026-01-26","0","0","20","20","UN","20","20","UN","0L","MM 0020, vendas, livre","BRL","1087.80","0","14:10:00","1","01","48","01","B","","","","",
"1012","LOG","LHI014801B","89847373","JOELHO 45 SOLD 75MM AMANCO","","","2026-01-26","0","0","10","10","UN","10","10","UN","0L","MM 0020, vendas, livre","BRL","477.70","0","14:10:08","1","01","48","01","B","","","","",
"1012","LOG","LHI014801B","89847345","CURVA 90 SOLD 75MM AMANCO","","","2026-01-26","0","0","4","4","UN","4","4","UN","0L","MM 0020, vendas, livre","BRL","188.96","0","14:10:08","1","01","48","01","B","","","","",
"1012","LOG","LHI014801B","89847254","CAP SOLD 110MM AMANCO","","","2026-01-26","0","0","10","10","UN","10","10","UN","0L","MM 0020, vendas, livre","BRL","555.70","0","14:10:08","1","01","48","01","B","","","","",
"1012","LOG","LHI014801B","89847233","CAP SOLD 75MM AMANCO","","","2026-01-26","0","0","10","10","UN","10","10","UN","0L","MM 0020, vendas, livre","BRL","135.70","0","14:10:03","1","01","48","01","B","","","","",
"1012","LOG","LHI014801B","89847191","BUCHA RED SOLD LONGA 75X50MM AMANCO","","","2026-01-26","0","0","20","20","UN","20","20","UN","0L","MM 0020, vendas, livre","BRL","267.00","0","14:10:03","1","01","48","01","B","","","","",
"1012","LOG","LHI014801B","89847156","BUCHA RED SOLD CURTA PVC 85X75MM AMANCO","","","2026-01-26","0","0","10","10","UN","10","10","UN","0L","MM 0020, vendas, livre","BRL","105.20","0","14:10:08","1","01","48","01","B","","","","",
"1012","LOG","LHI014801B","89847163","BUCHA RED SOLD CURTA 110X85MM AMANCO","","","2026-01-26","0","0","10","10","UN","10","10","UN","0L","MM 0020, vendas, livre","BRL","541.90","0","14:10:03","1","01","48","01","B","","","","",
"1012","LOG","LHI014801B","89846785","TUBO VALV DESCARGA AMANCO","","","2026-01-26","0","0","200","200","UN","200","200","UN","0L","MM 0020, vendas, livre","BRL","1282.00","0","14:10:16","1","01","48","01","B","","","","",
"1012","LOG","LHI014801B","89845952","UNIÃO SOLD PVC 110MM AMANCO","","","2026-01-26","0","0","3","3","UN","3","3","UN","0L","MM 0020, vendas, livre","BRL","1200.93","0","14:10:00","1","01","48","01","B","","","","",
"1012","LOG","LHI014801B","89845945","UNIÃO SOLD PVC 85MM AMANCO","","","2026-01-26","0","0","12","12","UN","12","12","UN","0L","MM 0020, vendas, livre","BRL","1620.24","0","14:10:12","1","01","48","01","B","","","","",
"1012","LOG","LHI014802A","89056681","TE SOLD 25MM TIGRE","","","2025-11-04","0","0","1500","1500","UN","1500","1500","UN","0L","MM 0020, vendas, livre","BRL","1410.00","0","12:46:28","1","01","48","02","A","","","","",
"1012","LOG","LHI014802A","89056254","JOELHO 90 SOLD 32MM TIGRE","","","2025-11-04","0","0","400","400","UN","400","400","UN","0L","MM 0020, vendas, livre","BRL","756.00","0","12:46:28","1","01","48","02","A","","","","",
"1012","LOG","LHI014802A","89056240","JOELHO 90 SOLD 25MM TIGRE","","","2025-11-04","0","0","7200","7200","UN","7200","7200","UN","0L","MM 0020, vendas, livre","BRL","3960.00","0","12:46:28","1","01","48","02","A","","","","",
"1012","LOG","LHI014802A","89040175","JOELHO 90 ESG SN PVC DN150 TIGRE","","","2025-10-09","0","0","10","10","UN","10","10","UN","0L","MM 0020, vendas, livre","BRL","395.30","0","16:22:42","1","01","48","02","A","","","","",
"1012","LOG","LHI014802B","89240606","TUBO ESG SN PVC 1M DN40 AMBARTECH-TIGRE","","","2025-09-12","0","0","20","20","UN","20","20","UN","0L","MM 0020, vendas, livre","BRL","173.00","0","16:35:00","1","01","48","02","B","","","","",
"1012","LOG","LHI014802B","89882583","KIT MANGUEIRA POP 20M VERDE BRFLEX","","","2025-06-09","0","0","47","47","UN","47","47","UN","0L","MM 0020, vendas, livre","BRL","1109.20","0","16:44:41","1","01","48","02","B","","","","",
"1012","LOG","LHI014803B","89273163","SIFAO EXT UNIVERSAL BR TIGRE","","","2025-11-04","0","0","1400","1400","UN","1400","1400","UN","0L","MM 0020, vendas, livre","BRL","5838.00","0","12:46:29","1","01","48","03","B","","","","",
"1012","PKL","PHI160100A","89540255","SIFAO EXT UNIVERSAL DUPLO BR KRONA","","","2026-01-14","0","0","18","18","UN","18","18","UN","0L","MM 0020, vendas, livre","BRL","186.12","0","12:48:44","1","16","01","00","A","","","","",
"1012","PKL","PHI160100A","89540262","SIFAO EXT UNIVERSAL BR KRONA","","","2025-12-07","0","0","324","324","UN","324","324","UN","0L","MM 0020, vendas, livre","BRL","1227.96","0","11:43:28","1","16","01","00","A","","","","",
"1012","PKL","PHI160100A","89458705","TUBO ENTRADA MET SIF LAV 30CM 3/4","","","2025-06-01","0","0","22","22","UN","22","22","UN","0L","MM 0020, vendas, livre","BRL","326.92","0","11:47:44","1","16","01","00","A","","","","",
"1012","PKL","PHI160100A","89458866","SIFAO COPO RIG PIA MET 1.1/2 BOGNAR","","","2025-06-26","0","0","15","15","UN","15","15","UN","0L","MM 0020, vendas, livre","BRL","1316.25","0","17:49:07","1","16","01","00","A","","","","",
"1012","PKL","PHI160100A","89564440","CARENAGEM SIFAO FIX PARAF BR 60X20X10CM","","","2025-12-12","0","0","8","8","UN","8","8","UN","0L","MM 0020, vendas, livre","BRL","214.80","0","08:59:59","1","16","01","00","A","","","","",
"1012","PKL","PHI160100A","89564664","SIFAO COPO EXT UNIVERSAL BR ESTEVES","","","2025-12-01","0","0","36","36","UN","36","36","UN","0L","MM 0020, vendas, livre","BRL","408.96","0","15:40:38","1","16","01","00","A","","","","",
"1012","PKL","PHI160100A","89564706","CARENAGEM SIFAO FIX VELCRO BR 70X20X10CM","","","2025-12-12","0","0","8","8","UN","8","8","UN","0L","MM 0020, vendas, livre","BRL","222.88","0","08:59:59","1","16","01","00","A","","","","",
"1012","PKL","PHI160100A","89673773","SIFAO COPO PAREDE LAV BR DN38 7/8"" BLUKI","","","2024-10-03","0","0","3","3","UN","3","3","UN","0L","MM 0020, vendas, livre","BRL","83.91","0","12:49:02","1","16","01","00","A","","","","",
"1012","PKL","PHI160100A","89670854","SIFAO COPO RIG PIA MET CR CRUZ 1.1/2 EST","","","2024-12-27","0","0","13","13","UN","13","13","UN","0L","MM 0020, vendas, livre","BRL","2586.35","0","10:13:25","1","16","01","00","A","","","","",
"1012","PKL","PHI160100A","89873896","SIFÃO EXTENSÍVEL TUBO BRANCO 70CM BLUKIT","","","2025-12-01","0","0","24","24","UN","24","24","UN","0L","MM 0020, vendas, livre","BRL","81.60","0","16:09:54","1","16","01","00","A","","","","",
"1012","PKL","PHI160100A","89700401","SIFAO EXT UNIVERSAL LONGO BR 2M CENSI","","","2025-12-04","0","0","46","46","UN","46","46","UN","0L","MM 0020, vendas, livre","BRL","536.82","0","13:58:57","1","16","01","00","A","","","","",
"1012","PKL","PHI160100A","89046594","SIFAO EXT UNIVERSAL DUPLO CR ASTRA","","","2025-12-12","0","0","13","13","UN","13","13","UN","0L","MM 0020, vendas, livre","BRL","560.69","0","08:59:59","1","16","01","00","A","","","","",
"1012","PKL","PHI160100A","89046713","SIFAO COPO EXT UNIVERSAL BR ASTRA","","","2026-01-28","0","0","36","36","UN","36","36","UN","0L","MM 0020, vendas, livre","BRL","300.24","0","08:40:46","1","16","01","00","A","","","","",
"1012","PKL","PHI160100A","89046755","SIFAO EXT UNIVERSAL TRIPLO BR ASTRA","","","2026-01-14","0","0","6","6","UN","6","6","UN","0L","MM 0020, vendas, livre","BRL","150.84","0","13:30:34","1","16","01","00","A","","","","",
"1012","PKL","PHI160100A","89104190","SIFAO COPO RIG LAV CR 1X1.1/2 DECA","","","2025-11-06","0","0","12","12","UN","12","12","UN","0L","MM 0020, vendas, livre","BRL","2255.52","0","11:37:58","1","16","01","00","A","","","","",
"1012","PKL","PHI160100A","89273163","SIFAO EXT UNIVERSAL BR TIGRE","","","2026-01-16","0","0","850","850","UN","850","850","UN","0L","MM 0020, vendas, livre","BRL","3544.50","0","14:19:44","1","16","01","00","A","","","","",
"1012","PKL","PHI160100A","89273205","SIFAO COPO EXT UNIVERSAL BR TIGRE","","","2026-01-29","0","0","298","298","UN","298","298","UN","0L","MM 0020, vendas, livre","BRL","4136.24","0","11:28:21","1","16","01","00","A","","","","",
"1012","PKL","PHI160100A","89311523","SIFAO EXT UNIVERSAL BR LUCONI","","","2026-01-24","0","0","755","755","UN","755","755","UN","0L","MM 0020, vendas, livre","BRL","2272.55","0","17:09:50","1","16","01","00","A","","","","",
"1012","PKL","PHI160100A","89540241","SIFAO EXT UNIVERSAL LONGO BR 1,5M KRONA","","","2026-01-18","0","0","14","14","UN","14","14","UN","0L","MM 0020, vendas, livre","BRL","113.82","0","09:48:38","1","16","01","00","A","","","","",
"1012","PKL","PHI160100A","89629022","CARENAGEM SIFAO FIX PARAF BR 70X20X10CM","","","2025-12-12","0","0","8","8","UN","8","8","UN","0L","MM 0020, vendas, livre","BRL","185.68","0","08:59:59","1","16","01","00","A","","","","",
"1012","PKL","PHI160200A","89334931","JOELHO 90 ANEL ESG SN PVC DN40 FORTLEV","","","2026-01-30","0","0","509","509","UN","509","509","UN","0L","MM 0020, vendas, livre","BRL","1435.38","0","10:54:13","1","16","02","00","A","","","","",
"1012","PKL","PHI160200A","89289291","TE ESG SN PVC DN40 FORTLEV","","","2026-01-16","0","0","1161","1161","UN","1161","1161","UN","0L","MM 0020, vendas, livre","BRL","1787.94","0","14:57:34","1","16","02","00","A","","","","",
"1012","PKL","PHI160200A","89289375","JOELHO 45 ESG SN PVC DN40 FORTLEV","","","2026-01-17","0","0","1372","1372","UN","1372","1372","UN","0L","MM 0020, vendas, livre","BRL","1865.92","0","14:21:37","1","16","02","00","A","","","","",
"1012","PKL","PHI160200A","89289263","JOELHO 90 ESG SN PVC DN40 FORTLEV","","","2026-01-21","0","0","2440","2440","UN","2440","2440","UN","0L","MM 0020, vendas, livre","BRL","1634.80","0","17:02:43","1","16","02","00","A","","","","",
"1012","PKL","PHI160200A","89290194","JUNCAO SIMPLES ESG SN PVC DN40 FORTLEV","","","2026-01-21","0","0","314","314","UN","314","314","UN","0L","MM 0020, vendas, livre","BRL","788.14","0","16:57:47","1","16","02","00","A","","","","",
"1012","PKL","PHI160200A","89290145","CURVA 90 CURTA ESG SN PVC DN40 FORTLEV","","","2026-01-21","0","0","631","631","UN","631","631","UN","0L","MM 0020, vendas, livre","BRL","1590.12","0","16:57:47","1","16","02","00","A","","","","",
"1012","PKL","PHI160200A","89290096","CAP ESG SN PVC DN40 FORTLEV","","","2026-01-12","0","0","398","398","UN","398","398","UN","0L","MM 0020, vendas, livre","BRL","608.94","0","14:30:34","1","16","02","00","A","","","","",
"1012","PKL","PHI160200A","89289473","LUVA SIMPLES ESG SN PVC DN40 FORTLEV","","","2026-01-25","0","0","341","341","UN","341","341","UN","0L","MM 0020, vendas, livre","BRL","296.67","0","11:49:50","1","16","02","00","A","","","","",
"1012","PKL","PHI160200A","89207825","ANEL VED TUBOS ESG DN40 FORTLEV","","","2026-01-30","0","0","346","346","UN","346","346","UN","0L","MM 0020, vendas, livre","BRL","166.08","0","10:54:02","1","16","02","00","A","","","","",
"1012","PKL","PHI160200A","89207783","CURVA 90 LONGA ESG SN PVC DN40 FORTLEV","","","2026-01-22","0","0","50","50","UN","50","50","UN","0L","MM 0020, vendas, livre","BRL","233.00","0","17:37:44","1","16","02","00","A","","","","",
"1012","PKL","PHI160200A","89207734","CURVA 45 LONGA ESG SN PVC DN40 FORTLEV","","","2026-01-30","0","0","49","49","UN","49","49","UN","0L","MM 0020, vendas, livre","BRL","196.98","0","10:54:13","1","16","02","00","A","","","","",
"1012","PKL","PHI160200A","89207580","LUVA CORRER ESG SN PVC DN40 FORTLEV","","","2025-10-10","0","0","79","79","UN","79","79","UN","0L","MM 0020, vendas, livre","BRL","313.63","0","15:09:47","1","16","02","00","A","","","","",
"1012","PKL","PHI160200A","89207230","TUBO ESG SN PVC 3M DN40 FORTLEV","","","2026-01-22","0","2","437","439","UN","437","439","UN","0L","MM 0020, vendas, livre","BRL","4925.58","0","11:52:34","1","16","02","00","A","","","","",
"1012","PKL","PHI160300A","89564671","SIFAO COPO EXT UNIVERSAL CR ESTEVES","","","2025-11-28","0","0","31","31","UN","31","31","UN","0L","MM 0020, vendas, livre","BRL","946.74","0","12:18:14","1","16","03","00","A","","","","",
"1012","PKL","PHI160300A","89564685","PARAFUSO VASO LATERAL B10 80MM LATAO EST","","","2025-11-28","0","0","11","11","UN","11","11","UN","0L","MM 0020, vendas, livre","BRL","183.26","0","12:14:17","1","16","03","00","A","","","","",
"1012","PKL","PHI160300A","89610304","ANEL VED SIFAO 1.1/2X2 ESTEVES","","","2024-09-12","0","0","13","13","UN","13","13","UN","0L","MM 0020, vendas, livre","BRL","125.45","0","11:36:39","1","16","03","00","A","","","","",
"1012","PKL","PHI160300A","89611284","PARAFUSO VASO E BIDE B10 80MM INOX BOGNA","","","2025-12-13","0","0","137","137","UN","137","137","UN","0L","MM 0020, vendas, livre","BRL","709.66","0","20:57:35","1","16","03","00","A","","","","",
"1012","PKL","PHI160300A","89611291","PARAFUSO TANQUE B12 90MM INOX BOGNAR","","","2025-11-28","0","0","7","7","UN","7","7","UN","0L","MM 0020, vendas, livre","BRL","53.48","0","16:35:42","1","16","03","00","A","","","","",
"1012","PKL","PHI160300A","89611431","ANEL VED SIFAO 1X1.1/2 ESTEVES","","","2025-06-01","0","0","9","9","UN","9","9","UN","0L","MM 0020, vendas, livre","BRL","73.80","0","10:25:49","1","16","03","00","A","","","","",
"1012","PKL","PHI160300A","89745166","BOLSA LIGACAO VASO EXCENT PT ASTRA","","","2026-01-28","0","0","69","69","UN","69","69","UN","0L","MM 0020, vendas, livre","BRL","767.28","0","08:40:50","1","16","03","00","A","","","","",
"1012","PKL","PHI160300A","89700352","PARAFUSO PLAST ASSENTO SANITARIO ASTRA","","","2026-01-28","0","0","27","27","UN","27","27","UN","0L","MM 0020, vendas, livre","BRL","147.42","0","08:40:49","1","16","03","00","A","","","","",
"1012","PKL","PHI160300A","89039825","ADAPT VASO ANEL ESG SN DN100","","","2025-12-16","0","0","27","27","UN","27","27","UN","0L","MM 0020, vendas, livre","BRL","1535.49","0","18:51:25","1","16","03","00","A","","","","",
"1012","PKL","PHI160300A","89046601","SIFAO COPO EXT UNIVERSAL DUPLO BR ASTRA","","","2025-12-01","0","0","13","13","UN","13","13","UN","0L","MM 0020, vendas, livre","BRL","286.13","0","19:50:24","1","16","03","00","A","","","","",
"1012","PKL","PHI160300A","89046636","SIFAO FLEXIVEL VERTICAL BR 1.1/2X1.1/2","","","2024-09-02","0","0","17","17","UN","17","17","UN","0L","MM 0020, vendas, livre","BRL","208.25","0","15:29:54","1","16","03","00","A","","","","",
"1012","PKL","PHI160300A","89046643","SIFAO FLEXIVEL HORIZONTAL BR 1.1/2X1.1/2","","","2024-09-02","0","0","13","13","UN","13","13","UN","0L","MM 0020, vendas, livre","BRL","148.07","0","15:29:54","1","16","03","00","A","","","","",
"1012","PKL","PHI160300A","89046720","SIFAO COPO EXT UNIVERSAL CR ASTRA","","","2026-01-28","0","0","27","27","UN","27","27","UN","0L","MM 0020, vendas, livre","BRL","581.85","0","08:40:46","1","16","03","00","A","","","","",
"1012","PKL","PHI160300A","89046741","SIFAO EXT UNIVERSAL CR ASTRA","","","2026-01-14","0","0","94","94","UN","94","94","UN","0L","MM 0020, vendas, livre","BRL","1439.14","0","08:37:23","1","16","03","00","A","","","","",
"1012","PKL","PHI160300A","89053160","ANEL VED VASO C/ GUIA BLUKIT","","","2026-01-16","0","0","643","643","UN","643","643","UN","0L","MM 0020, vendas, livre","BRL","1961.15","0","08:29:44","1","16","03","00","A","","","","",
"1012","PKL","PHI160300A","89103945","ANEL VED VASO C/ GUIA DECANEL","","","2026-01-08","0","0","92","92","UN","92","92","UN","0L","MM 0020, vendas, livre","BRL","1499.60","0","19:56:31","1","16","03","00","A","","","","",
"1012","PKL","PHI160300A","89104141","PARAFUSO VASO E BIDE B10 80MM INOX DECA","","","2025-12-24","0","0","171","171","UN","171","171","UN","0L","MM 0020, vendas, livre","BRL","4256.19","0","11:08:17","1","16","03","00","A","","","","",
"1012","PKL","PHI160300A","89105394","SIFAO COPO RIG PIA MET 1X1.1/2 FABRIMAR","","","2025-02-06","0","0","21","21","UN","21","21","UN","0L","MM 0020, vendas, livre","BRL","4318.86","0","13:56:41","1","16","03","00","A","","","","",
"1012","PKL","PHI160300A","89109524","ANEL VED VASO C/ GUIA CENSI","","","2025-12-15","0","0","275","275","UN","275","275","UN","0L","MM 0020, vendas, livre","BRL","1545.50","0","11:37:05","1","16","03","00","A","","","","",
"1012","PKL","PHI160300A","89233865","ANEL VED VASO C/ GUIA PULVITEC","","","2026-01-11","0","0","75","75","UN","75","75","UN","0L","MM 0020, vendas, livre","BRL","204.75","0","14:37:32","1","16","03","00","A","","","","",
"1012","PKL","PHI160300A","89273191","SIFAO EXT UNIVERSAL CR TIGRE","","","2025-12-16","0","0","59","59","UN","59","59","UN","0L","MM 0020, vendas, livre","BRL","1991.25","0","18:51:48","1","16","03","00","A","","","","",
"1012","PKL","PHI160300A","89278161","CANOPLA SIFAO BR BLUKIT","","","2024-10-03","0","0","12","12","UN","12","12","UN","0L","MM 0020, vendas, livre","BRL","29.52","0","12:49:00","1","16","03","00","A","","","","",
"1012","PKL","PHI160300A","89311502","SIFAO COPO EXT UNIVERSAL CR LUCONI","","","2024-12-10","0","0","12","12","UN","12","12","UN","0L","MM 0020, vendas, livre","BRL","247.44","0","08:44:03","1","16","03","00","A","","","","",
"1012","PKL","PHI160300A","89311481","SIFAO COPO RIG TQ BR 1.1/4X1.1/2 LUCONI","","","2026-01-16","0","0","1","1","UN","1","1","UN","0L","MM 0020, vendas, livre","BRL","8.81","0","10:36:50","1","16","03","00","A","","","","",
"1012","PKL","PHI160300A","89281976","PARAFUSO LAV COL VASO B10 80MM AÇO DEC","","","2025-10-06","0","0","43","43","UN","43","43","UN","0L","MM 0020, vendas, livre","BRL","411.94","0","13:31:21","1","16","03","00","A","","","","",
"1012","PKL","PHI160300A","89564615","SIFAO EXT UNIVERSAL CR ESTEVES","","","2025-10-02","0","0","35","35","UN","35","35","UN","0L","MM 0020, vendas, livre","BRL","1029.00","0","06:49:49","1","16","03","00","A","","","","",
"1012","PKL","PHI160300A","89598586","KIT INST VASO SOFT BOGNAR","","","2025-12-12","0","0","19","19","UN","19","19","UN","0L","MM 0020, vendas, livre","BRL","468.73","0","10:25:44","1","16","03","00","A","","","","",
"1012","PKL","PHI160300A","89591341","SIFAO EXT UNIVERSAL PT ASTRA","","","2026-01-28","0","0","65","65","UN","65","65","UN","0L","MM 0020, vendas, livre","BRL","318.50","0","08:40:46","1","16","03","00","A","","","","",
"1012","PKL","PHI160300A","89470591","PARAFUSO VASO E BIDE B10 80MM LATAO BOGN","","","2025-12-19","0","0","119","119","UN","119","119","UN","0L","MM 0020, vendas, livre","BRL","1140.02","0","10:14:40","1","16","03","00","A","","","","",
"1012","PKL","PHI160300A","89470584","PARAFUSO TANQUE B12 90MM LATAO BOGNAR","","","2025-11-28","0","0","150","150","UN","150","150","UN","0L","MM 0020, vendas, livre","BRL","2236.50","0","16:35:47","1","16","03","00","A","","","","",
"1012","PKL","PHI160300A","89470570","PARAFUSO LAV COL B8 70MM LATAO BOGNAR","","","2026-01-20","0","0","200","200","UN","200","200","UN","0L","MM 0020, vendas, livre","BRL","1656.00","0","11:59:42","1","16","03","00","A","","","","",
"1012","PKL","PHI160300A","89458894","SIFAO COPO RIG TQ MET 1.1/2 BOGNAR","","","2026-01-21","0","0","17","17","UN","17","17","UN","0L","MM 0020, vendas, livre","BRL","1657.16","0","12:50:46","1","16","03","00","A","","","","",
"1012","PKL","PHI160300A","89458712","TUBO ENTRADA MET SIF TANQUE 30CM 1","","","2024-09-02","0","0","21","21","UN","21","21","UN","0L","MM 0020, vendas, livre","BRL","328.23","0","12:57:16","1","16","03","00","A","","","","",
"1012","PKL","PHI160300A","89458691","TUBO ENTRADA MET SIF PIA AMER 30CM 1","","","2024-11-23","0","0","12","12","UN","12","12","UN","0L","MM 0020, vendas, livre","BRL","188.64","0","12:17:52","1","16","03","00","A","","","","",
"1012","PKL","PHI160300A","89629365","SIFAO COPO EXT UNIVERSAL PT ASTRA","","","2026-01-28","0","0","33","33","UN","33","33","UN","0L","MM 0020, vendas, livre","BRL","353.43","0","08:40:46","1","16","03","00","A","","","","",
"1012","PKL","PHI160400A","89289305","TE ESG SN PVC DN50 FORTLEV","","","2026-01-09","0","0","310","310","UN","310","310","UN","0L","MM 0020, vendas, livre","BRL","1069.50","0","09:48:41","1","16","04","00","A","","","","",
"1012","PKL","PHI160400A","89289445","LUVA SIMPLES ESG SN PVC DN50 FORTLEV","","","2026-01-17","0","0","712","712","UN","712","712","UN","0L","MM 0020, vendas, livre","BRL","1039.52","0","14:21:37","1","16","04","00","A","","","","",
"1012","PKL","PHI160400A","89289424","JOELHO 90 ESG SN PVC DN50 FORTLEV","","","2025-12-26","0","0","1056","1056","UN","1056","1056","UN","0L","MM 0020, vendas, livre","BRL","1541.76","0","15:45:16","1","16","04","00","A","","","","",
"1012","PKL","PHI160400A","89289396","JOELHO 45 ESG SN PVC DN50 FORTLEV","","","2026-01-17","0","0","331","331","UN","331","331","UN","0L","MM 0020, vendas, livre","BRL","688.48","0","14:21:37","1","16","04","00","A","","","","",
"1012","PKL","PHI160400A","89207244","TUBO ESG SN PVC 3M DN50 FORTLEV","","","2026-01-14","0","2","158","160","UN","158","160","UN","0L","MM 0020, vendas, livre","BRL","3033.60","0","11:39:08","1","16","04","00","A","","","","",
"1012","PKL","PHI160400A","89207594","LUVA CORRER ESG SN PVC DN50 FORTLEV","","","2025-12-11","0","0","92","92","UN","92","92","UN","0L","MM 0020, vendas, livre","BRL","494.04","0","17:27:26","1","16","04","00","A","","","","",
"1012","PKL","PHI160400A","89207755","CURVA 45 LONGA ESG SN PVC DN50 FORTLEV","","","2026-01-16","0","0","28","28","UN","28","28","UN","0L","MM 0020, vendas, livre","BRL","236.04","0","14:57:33","1","16","04","00","A","","","","",
"1012","PKL","PHI160400A","89207790","CURVA 90 LONGA ESG SN PVC DN50 FORTLEV","","","2025-11-07","0","0","44","44","UN","44","44","UN","0L","MM 0020, vendas, livre","BRL","384.12","0","12:16:18","1","16","04","00","A","","","","",
"1012","PKL","PHI160400A","89207832","ANEL VED TUBOS ESG DN50 FORTLEV","","","2026-01-26","0","0","2495","2495","UN","2495","2495","UN","0L","MM 0020, vendas, livre","BRL","1272.45","0","17:14:51","1","16","04","00","A","","","","",
"1012","PKL","PHI160400A","89288143","TE LIGAFACIL ESG SN DN50 ESTRELA","","","2024-09-09","0","0","35","35","UN","35","35","UN","0L","MM 0020, vendas, livre","BRL","819.70","0","09:40:13","1","16","04","00","A","","","","",
"1012","PKL","PHI160400A","89290082","BUCHA RED LONGA ESG SN PVC DN50X40 FORTL","","","2026-01-12","0","0","842","842","UN","842","842","UN","0L","MM 0020, vendas, livre","BRL","985.14","0","16:44:33","1","16","04","00","A","","","","",
"1012","PKL","PHI160400A","89290103","CAP ESG SN PVC DN50 FORTLEV","","","2025-11-07","0","0","284","284","UN","284","284","UN","0L","MM 0020, vendas, livre","BRL","658.88","0","12:16:16","1","16","04","00","A","","","","",
"1012","PKL","PHI160400A","89290152","CURVA 90 CURTA ESG SN PVC DN50 FORTLEV","","","2026-01-26","0","0","91","91","UN","91","91","UN","0L","MM 0020, vendas, livre","BRL","544.18","0","17:14:51","1","16","04","00","A","","","","",
"1012","PKL","PHI160500A","89047042","VALV LAV TAMPA CR 1(7/8) ASTRA","","","2026-01-28","0","0","71","71","UN","71","71","UN","0L","MM 0020, vendas, livre","BRL","470.73","0","08:40:46","1","16","05","00","A","","","","",
"1012","PKL","PHI160500A","89047014","VALV LAV TAMPA BR 1(7/8) ASTRA","","","2026-01-28","0","0","102","102","UN","102","102","UN","0L","MM 0020, vendas, livre","BRL","281.52","0","08:40:46","1","16","05","00","A","","","","",
"1012","PKL","PHI160500A","89046965","CESTO PIA VALV AMER PLAST CR REDUZ ASTRA","","","2025-06-09","0","0","7","7","UN","7","7","UN","0L","MM 0020, vendas, livre","BRL","32.41","0","11:00:54","1","16","05","00","A","","","","",
"1012","PKL","PHI160500A","89046951","VALV PIA AMERICANA PLAST CR 3.1/2 ASTRA","","","2026-01-28","0","0","41","41","UN","41","41","UN","0L","MM 0020, vendas, livre","BRL","637.96","0","08:40:49","1","16","05","00","A","","","","",
"1012","PKL","PHI160500A","89688620","VALV PIA AMERICANA INOX 3.1/2 TRAMONTINA","","","2026-01-27","0","0","51","51","UN","51","51","UN","0L","MM 0020, vendas, livre","BRL","1018.98","0","15:42:51","1","16","05","00","A","","","","",
"1012","PKL","PHI160500A","89715864","VALV LAV INOX TAMPA 1(7/8) PARAF 7MM BOG","","","2025-06-16","0","0","5","5","UN","5","5","UN","0L","MM 0020, vendas, livre","BRL","31.30","0","15:40:32","1","16","05","00","A","","","","",
"1012","PKL","PHI160500A","89716284","VALV BANHEIRA CR FURKIN","","","2025-01-28","0","0","20","20","UN","20","20","UN","0L","MM 0020, vendas, livre","BRL","1208.20","0","07:48:23","1","16","05","00","A","","","","",
"1012","PKL","PHI160500A","89670735","VALV LAV TAMPA PT 1(7/8)"" ESTEVES","","","2026-01-09","0","0","12","12","UN","12","12","UN","0L","MM 0020, vendas, livre","BRL","475.32","0","11:05:29","1","16","05","00","A","","","","",
"1012","PKL","PHI160500A","89610675","VALV CLICK LAV RED 1(7/8) ESTEVES","","","2026-01-09","0","0","5","5","UN","5","5","UN","0L","MM 0020, vendas, livre","BRL","261.80","0","11:05:29","1","16","05","00","A","","","","",
"1012","PKL","PHI160500A","89615554","VALV CLICK LAV RED 1(7/8) PT STOC","","","2026-01-30","0","0","35","35","UN","35","35","UN","0L","MM 0020, vendas, livre","BRL","2857.40","0","12:32:02","1","16","05","00","A","","","","",
"1012","PKL","PHI160500A","89573211","VALV PIA AMERICANA METAL 3.1/2 ESTEVES","","","2026-01-09","0","0","51","51","UN","51","51","UN","0L","MM 0020, vendas, livre","BRL","1862.01","0","11:05:29","1","16","05","00","A","","","","",
"1012","PKL","PHI160500A","89573190","VALV LAV MET CB BD TP PLA 1(7/8) ESTEVES","","","2025-12-01","0","0","103","103","UN","103","103","UN","0L","MM 0020, vendas, livre","BRL","2612.08","0","15:40:38","1","16","05","00","A","","","","",
"1012","PKL","PHI160500A","89047056","VALV PIA TAMPA BR 1(7/8) ASTRA","","","2026-01-28","0","0","51","51","UN","51","51","UN","0L","MM 0020, vendas, livre","BRL","113.22","0","08:40:49","1","16","05","00","A","","","","",
"1012","PKL","PHI160500A","89047084","VALV PIA TAMPA CR 1(7/8) ASTRA","","","2026-01-28","0","0","95","95","UN","95","95","UN","0L","MM 0020, vendas, livre","BRL","477.85","0","08:40:49","1","16","05","00","A","","","","",
"1012","PKL","PHI160500A","89104155","VALV PIA AMERICANA METAL 3.1/2 DECA","","","2026-01-25","0","0","9","9","UN","9","9","UN","0L","MM 0020, vendas, livre","BRL","745.47","0","10:09:48","1","16","05","00","A","","","","",
"1012","PKL","PHI160500A","89104176","VALV LAV MET CB BD TP PLA 1(7/8) DECA","","","2025-12-18","0","0","17","17","UN","17","17","UN","0L","MM 0020, vendas, livre","BRL","497.08","0","13:03:56","1","16","05","00","A","","","","",
"1012","PKL","PHI160500A","89105114","VALV LAV MET CB BD TP PLA 1(7/8) FABRIMA","","","2025-12-05","0","0","2","2","UN","2","2","UN","0L","MM 0020, vendas, livre","BRL","52.66","0","08:28:24","1","16","05","00","A","","","","",
"1012","PKL","PHI160500A","89183255","RALO JAPONES PIA VALV AME INOX 3.1/2","","","2025-06-20","0","0","40","40","UN","40","40","UN","0L","MM 0020, vendas, livre","BRL","86.40","0","16:36:59","1","16","05","00","A","","","","",
"1012","PKL","PHI160500A","89183276","RALO JAPONES LAV E TANQUE INOX 7/8","","","2026-01-30","0","0","46","46","UN","46","46","UN","0L","MM 0020, vendas, livre","BRL","85.10","0","08:21:36","1","16","05","00","A","","","","",
"1012","PKL","PHI160500A","89183283","RALO JAPONES PIA VALV AME INOX 4.1/2","","","2025-02-28","0","0","81","81","UN","81","81","UN","0L","MM 0020, vendas, livre","BRL","282.69","0","20:26:07","1","16","05","00","A","","","","",
"1012","PKL","PHI160500A","89183290","CESTO PIA VALV AMER PLAST CR 3.1/2 OVERT","","","2026-01-30","0","0","236","236","UN","236","236","UN","0L","MM 0020, vendas, livre","BRL","226.56","0","08:21:36","1","16","05","00","A","","","","",
"1012","PKL","PHI160500A","89183304","VALV PIA AMERICANA PLAST CR 3.1/2 OVERTI","","","2026-01-30","0","0","145","145","UN","145","145","UN","0L","MM 0020, vendas, livre","BRL","758.35","0","08:21:36","1","16","05","00","A","","","","",
"1012","PKL","PHI160500A","89261851","TAMPA P/ VALV PIA LAV 25MM 2PCS ASTRA","","","2026-01-28","0","0","10","10","UN","10","10","UN","0L","MM 0020, vendas, livre","BRL","16.20","0","08:40:49","1","16","05","00","A","","","","",
"1012","PKL","PHI160500A","89261865","TAMPA P/ VALV TANQUE 1.1/4 2PCS","","","2026-01-02","0","0","28","28","UN","28","28","UN","0L","MM 0020, vendas, livre","BRL","45.64","0","15:44:26","1","16","05","00","A","","","","",
"1012","PKL","PHI160500A","89273114","VALV TANQUE PLAST TAMPA PLAS BR 1.1/4","","","2026-01-06","0","0","36","36","UN","36","36","UN","0L","MM 0020, vendas, livre","BRL","325.08","0","13:44:31","1","16","05","00","A","","","","",
"1012","PKL","PHI160500A","89273121","VALV LAV TAMPA BR 1(7/8) TIGRE","","","2026-01-29","0","0","113","113","UN","113","113","UN","0L","MM 0020, vendas, livre","BRL","742.41","0","11:28:15","1","16","05","00","A","","","","",
"1012","PKL","PHI160500A","89311593","VALV LAV TAMPA BR 1(7/8) LUCONI","","","2026-02-02","0","0","176","176","UN","176","176","UN","0L","MM 0020, vendas, livre","BRL","272.80","0","11:35:57","1","16","05","00","A","","","","",
"1012","PKL","PHI160500A","89311614","VALV PIA TAMPA BR 1(7/8) LUCONI","","","2024-12-17","0","0","57","57","UN","57","57","UN","0L","MM 0020, vendas, livre","BRL","72.96","0","15:23:49","1","16","05","00","A","","","","",
"1012","PKL","PHI160500A","89591355","VALV LAV TAMPA PT 1(7/8) ASTRA","","","2025-12-08","0","0","24","24","UN","24","24","UN","0L","MM 0020, vendas, livre","BRL","78.96","0","10:26:11","1","16","05","00","A","","","","",
"1012","PKL","PHI160500A","89629372","VALV CLICK TANQUE RED PT ABS 1.1/4 ASTRA","","","2025-03-31","0","0","10","10","UN","10","10","UN","0L","MM 0020, vendas, livre","BRL","426.60","0","17:44:49","1","16","05","00","A","","","","",
"1012","PKL","PHI160500A","89466811","VALV CLICK LAV RED CURTA 1(7/8) STOC","","","2026-01-30","0","0","72","72","UN","72","72","UN","0L","MM 0020, vendas, livre","BRL","2635.20","0","12:32:02","1","16","05","00","A","","","","",
"1012","PKL","PHI160500A","89466825","VALV CLICK TANQUE RED 1.1/4 STOC","","","2025-10-23","0","0","20","20","UN","20","20","UN","0L","MM 0020, vendas, livre","BRL","846.80","0","11:41:28","1","16","05","00","A","","","","",
"1012","PKL","PHI160500A","89458565","CESTO PIA VALV AMER PLAST 3.1/2 BOGNAR","","","2024-09-02","0","0","24","24","UN","24","24","UN","0L","MM 0020, vendas, livre","BRL","52.56","0","12:57:21","1","16","05","00","A","","","","",
"1012","PKL","PHI160500A","89458572","CESTO PIA VALV AMER MET 4.1/2 BOGNAR","","","2025-12-12","0","0","27","27","UN","27","27","UN","0L","MM 0020, vendas, livre","BRL","355.86","0","18:34:33","1","16","05","00","A","","","","",
"1012","PKL","PHI160500A","89458586","CESTO PIA VALV AMER MET 3.1/2 BOGNAR","","","2024-09-02","0","0","110","110","UN","110","110","UN","0L","MM 0020, vendas, livre","BRL","687.50","0","12:57:16","1","16","05","00","A","","","","",
"1012","PKL","PHI160500A","89470493","VALV LAV MET CB BD TP PLA 1(7/8) BOGNAR","","","2025-12-16","0","0","120","120","UN","120","120","UN","0L","MM 0020, vendas, livre","BRL","1688.40","0","10:55:14","1","16","05","00","A","","","","",
"1012","PKL","PHI160500A","89458964","VALV LAV MET SOBREPOR APOIO 15CM 1(7/8)","","","2025-12-12","0","0","32","32","UN","32","32","UN","0L","MM 0020, vendas, livre","BRL","1816.96","0","10:25:44","1","16","05","00","A","","","","",
"1012","PKL","PHI160500A","89458684","VALV TANQUE MET TP PLAST LGA 1.1/4BOGNAR","","","2026-01-21","0","0","35","35","UN","35","35","UN","0L","MM 0020, vendas, livre","BRL","763.35","0","11:08:51","1","16","05","00","A","","","","",
"1012","PKL","PHI160500A","89458635","VALV PIA CR TAMPA PLAST 1(7/8) BOGNAR","","","2025-01-09","0","0","36","36","UN","36","36","UN","0L","MM 0020, vendas, livre","BRL","404.28","0","13:11:19","1","16","05","00","A","","","","",
"1012","PKL","PHI160500A","89458642","VALV PIA AMERICANA INOX 3.1/2 BOGNAR","","","2026-01-29","0","0","66","66","UN","66","66","UN","0L","MM 0020, vendas, livre","BRL","1172.82","0","13:13:59","1","16","05","00","A","","","","",
"1012","PKL","PHI160500A","89458670","VALV TANQUE MET TP PLAST 1.1/4 BOGNAR","","","2026-01-27","0","0","14","14","UN","14","14","UN","0L","MM 0020, vendas, livre","BRL","259.00","0","10:24:53","1","16","05","00","A","","","","",
"1012","PKL","PHI160600A","89289585","LUVA SIMPLES ESG SN PVC DN75 FORTLEV","","","2026-01-09","0","0","253","253","UN","253","253","UN","0L","MM 0020, vendas, livre","BRL","786.83","0","09:48:33","1","16","06","00","A","","","","",
"1012","PKL","PHI160600A","89407892","ADAPT P/ CALHA MADEX 75MM","","","2025-10-02","0","0","3","3","UN","3","3","UN","0L","MM 0020, vendas, livre","BRL","26.10","0","06:49:47","1","16","06","00","A","","","","",
"1012","PKL","PHI160600A","89289802","REDUCAO EXC ESG SN PVC DN75X50 FORTLEV","","","2026-01-30","0","0","170","170","UN","170","170","UN","0L","MM 0020, vendas, livre","BRL","669.80","0","10:54:13","1","16","06","00","A","","","","",
"1012","PKL","PHI160600A","89289914","TE ESG SN PVC DN75 FORTLEV","","","2025-12-11","0","0","118","118","UN","118","118","UN","0L","MM 0020, vendas, livre","BRL","975.86","0","17:32:28","1","16","06","00","A","","","","",
"1012","PKL","PHI160600A","89290131","TE RED ESG SN PVC DN75X50 FORTLEV","","","2025-10-13","0","0","30","30","UN","30","30","UN","0L","MM 0020, vendas, livre","BRL","233.10","0","12:48:58","1","16","06","00","A","","","","",
"1012","PKL","PHI160600A","89207251","TUBO ESG SN PVC 3M DN75 FORTLEV","","","2026-01-14","0","0","96","96","UN","96","96","UN","0L","MM 0020, vendas, livre","BRL","2488.32","0","11:39:09","1","16","06","00","A","","","","",
"1012","PKL","PHI160600A","89207601","LUVA CORRER ESG SN PVC DN75 FORTLEV","","","2025-09-26","0","0","27","27","UN","27","27","UN","0L","MM 0020, vendas, livre","BRL","169.83","0","13:29:46","1","16","06","00","A","","","","",
"1012","PKL","PHI160600A","89207762","CURVA 45 LONGA ESG SN PVC DN75 FORTLEV","","","2024-12-03","0","0","17","17","UN","17","17","UN","0L","MM 0020, vendas, livre","BRL","273.36","0","09:29:25","1","16","06","00","A","","","","",
"1012","PKL","PHI160600A","89207804","CURVA 90 LONGA ESG SN PVC DN75 FORTLEV","","","2025-10-31","0","0","16","16","UN","16","16","UN","0L","MM 0020, vendas, livre","BRL","376.16","0","15:16:52","1","16","06","00","A","","","","",
"1012","PKL","PHI160600A","89207846","ANEL VED TUBOS ESG DN75 FORTLEV","","","2025-12-09","0","0","856","856","UN","856","856","UN","0L","MM 0020, vendas, livre","BRL","607.76","0","15:25:30","1","16","06","00","A","","","","",
"1012","PKL","PHI160600A","89288122","TE LIGAFACIL ESG SN DN75 ESTRELA","","","2025-06-06","0","0","11","11","UN","11","11","UN","0L","MM 0020, vendas, livre","BRL","312.07","0","15:52:16","1","16","06","00","A","","","","",
"1012","PKL","PHI160600A","89290110","CAP ESG SN PVC DN75 FORTLEV","","","2025-12-11","0","0","154","154","UN","154","154","UN","0L","MM 0020, vendas, livre","BRL","605.22","0","17:32:26","1","16","06","00","A","","","","",
"1012","PKL","PHI160600A","89290166","CURVA 90 CURTA ESG SN PVC DN75 FORTLEV","","","2026-01-09","0","0","29","29","UN","29","29","UN","0L","MM 0020, vendas, livre","BRL","344.23","0","09:48:30","1","16","06","00","A","","","","",
"1012","PKL","PHI160600A","89290180","JOELHO 45 ESG SN PVC DN75 FORTLEV","","","2025-12-11","0","0","16","16","UN","16","16","UN","0L","MM 0020, vendas, livre","BRL","79.04","0","17:32:32","1","16","06","00","A","","","","",
"1012","PKL","PHI160600A","89290215","JUNCAO SIMPLES ESG SN PVC DN75 FORTLEV","","","2025-11-21","0","0","45","45","UN","45","45","UN","0L","MM 0020, vendas, livre","BRL","475.20","0","16:20:54","1","16","06","00","A","","","","",
"1012","PKL","PHI160600A","89290264","JUNCAO RED ESG SN PVC DN75X50 FORTLEV","","","2025-11-21","0","0","60","60","UN","60","60","UN","0L","MM 0020, vendas, livre","BRL","533.40","0","16:20:54","1","16","06","00","A","","","","",
"1012","PKL","PHI160600A","89289403","JOELHO 90 ESG SN PVC DN75 FORTLEV","","","2026-01-16","0","0","202","202","UN","202","202","UN","0L","MM 0020, vendas, livre","BRL","585.80","0","10:08:41","1","16","06","00","A","","","","",
"1012","PKL","PHI160700A","89780600","RALO PROTETOR RED DN100MM ESTRELA","","","2026-01-30","0","0","32","32","UN","32","32","UN","0L","MM 0020, vendas, livre","BRL","232.32","0","10:15:21","1","16","07","00","A","","","","",
"1012","PKL","PHI160700A","89771115","CAIXA SIFONADA QUAD BR 100X100X50MM LUCO","","","2025-12-27","0","0","53","53","UN","53","53","UN","0L","MM 0020, vendas, livre","BRL","368.88","0","20:16:15","1","16","07","00","A","","","","",
"1012","PKL","PHI160700A","89572056","GRELHA AF CAIX QUAD INOX DN100 BOGNAR","","","2025-11-28","0","0","65","65","UN","65","65","UN","0L","MM 0020, vendas, livre","BRL","534.95","0","16:35:48","1","16","07","00","A","","","","",
"1012","PKL","PHI160700A","89572014","GRELHA ABRE FEC QUAD INOX DN100 BOGNAR","","","2025-11-28","0","0","14","14","UN","14","14","UN","0L","MM 0020, vendas, livre","BRL","62.72","0","16:35:48","1","16","07","00","A","","","","",
"1012","PKL","PHI160700A","89568591","PORTA GRELHA QD/GR QD CR DN100 KRONA","","","2025-12-26","0","0","14","14","UN","14","14","UN","0L","MM 0020, vendas, livre","BRL","196.84","0","09:12:19","1","16","07","00","A","","","","",
"1012","PKL","PHI160700A","89568584","PORTA GRELHA QD/GR QD BR DN100 KRONA","","","2025-11-17","0","0","46","46","UN","46","46","UN","0L","MM 0020, vendas, livre","BRL","136.62","0","15:09:58","1","16","07","00","A","","","","",
"1012","PKL","PHI160700A","89687864","GRELHA QUAD ABS CR 10CM ESTRELA","","","2026-01-30","0","0","12","12","UN","12","12","UN","0L","MM 0020, vendas, livre","BRL","105.12","0","10:15:21","1","16","07","00","A","","","","",
"1012","PKL","PHI160700A","89042233","CORPO CAIXA SIFONADA 100X100X50MM TIGRE","","","2025-10-23","0","0","98","98","UN","98","98","UN","0L","MM 0020, vendas, livre","BRL","1361.22","0","15:53:41","1","16","07","00","A","","","","",
"1012","PKL","PHI160700A","89042303","CORPO RALO QUAD PVC BR 100X53X40MM","","","2026-01-06","0","0","73","73","UN","73","73","UN","0L","MM 0020, vendas, livre","BRL","1038.06","0","13:44:31","1","16","07","00","A","","","","",
"1012","PKL","PHI160700A","89042310","CAIXA SIFONADA QUAD INOX 100X100X50MM TI","","","2025-12-16","0","0","29","29","UN","29","29","UN","0L","MM 0020, vendas, livre","BRL","1721.44","0","18:51:43","1","16","07","00","A","","","","",
"1012","PKL","PHI160700A","89042373","CAIXA SIFONADA QUAD BR 100X100X50MM TIGR","","","2026-01-06","0","0","237","237","UN","237","237","UN","0L","MM 0020, vendas, livre","BRL","5363.31","0","19:32:30","1","16","07","00","A","","","","",
"1012","PKL","PHI160700A","89042436","GRELHA QUAD INOX DN100 TIGRE","","","2025-12-22","0","0","24","24","UN","24","24","UN","0L","MM 0020, vendas, livre","BRL","646.56","0","09:48:12","1","16","07","00","A","","","","",
"1012","PKL","PHI160700A","89042506","GRELHA ABRE FEC QUAD PVC CZ DN100 TIGRE","","","2025-06-22","0","0","2","2","UN","2","2","UN","0L","MM 0020, vendas, livre","BRL","40.60","0","14:47:31","1","16","07","00","A","","","","",
"1012","PKL","PHI160700A","89042541","GRELHA QUAD PVC BR DN100 TIGRE","","","2026-01-14","0","0","60","60","UN","60","60","UN","0L","MM 0020, vendas, livre","BRL","305.40","0","12:48:44","1","16","07","00","A","","","","",
"1012","PKL","PHI160700A","89042555","GRELHA QUAD PVC BR DN150 TIGRE","","","2026-01-06","0","0","27","27","UN","27","27","UN","0L","MM 0020, vendas, livre","BRL","296.46","0","13:44:32","1","16","07","00","A","","","","",
"1012","PKL","PHI160700A","89042751","PORTA GRELHA QD/GR QD BR DN100 TIGRE","","","2025-11-25","0","1","64","65","UN","64","65","UN","0L","MM 0020, vendas, livre","BRL","700.70","0","13:25:32","1","16","07","00","A","","","","",
"1012","PKL","PHI160700A","89042793","PORTA GRELHA QD/GR QD CZ DN100 TIGRE","","","2025-12-02","0","0","144","144","UN","144","144","UN","0L","MM 0020, vendas, livre","BRL","1221.12","0","12:38:37","1","16","07","00","A","","","","",
"1012","PKL","PHI160700A","89042961","RALO SIF QUAD PVC BR DN100 TIGRE","","","2025-12-16","0","0","72","72","UN","72","72","UN","0L","MM 0020, vendas, livre","BRL","1256.40","0","18:51:43","1","16","07","00","A","","","","",
"1012","PKL","PHI160700A","89045831","GRELHA QUAD PVC BR DN100 ASTRA","","","2026-01-28","0","0","37","37","UN","37","37","UN","0L","MM 0020, vendas, livre","BRL","132.46","0","08:40:49","1","16","07","00","A","","","","",
"1012","PKL","PHI160700A","89045873","GRELHA ABRE FEC QUAD PVC BR DN100 ASTRA","","","2026-01-14","0","0","34","34","UN","34","34","UN","0L","MM 0020, vendas, livre","BRL","175.44","0","08:37:23","1","16","07","00","A","","","","",
"1012","PKL","PHI160700A","89045880","GRELHA ABRE FEC QUAD ABS CR DN100 ASTRA","","","2026-01-14","0","0","36","36","UN","36","36","UN","0L","MM 0020, vendas, livre","BRL","301.32","0","08:37:23","1","16","07","00","A","","","","",
"1012","PKL","PHI160700A","89273184","GRELHA ABRE FEC QUAD PVC BR DN100 TIGRE","","","2025-12-16","0","0","72","72","UN","72","72","UN","0L","MM 0020, vendas, livre","BRL","802.80","0","18:51:25","1","16","07","00","A","","","","",
"1012","PKL","PHI160700A","89568570","CORPO CAIXA SIFONADA 100X100X50MM KRONA","","","2026-01-02","0","0","45","45","UN","45","45","UN","0L","MM 0020, vendas, livre","BRL","296.55","0","15:15:12","1","16","07","00","A","","","","",
"1012","PKL","PHI160700A","89540661","RALO SIF QUAD PVC BR DN100 KRONA","","","2025-11-25","0","0","40","40","UN","40","40","UN","0L","MM 0020, vendas, livre","BRL","194.80","0","14:26:33","1","16","07","00","A","","","","",
"1012","PKL","PHI160700A","89540220","CAIXA SIFONADA QUAD BR 100X100X50MM KRON","","","2026-01-28","0","0","271","271","UN","271","271","UN","0L","MM 0020, vendas, livre","BRL","1948.49","0","10:24:57","1","16","07","00","A","","","","",
"1012","PKL","PHI160700A","89497870","RALO PISO CLICK QUAD CR 10X10CM BOGNAR","","","2026-01-29","0","0","154","154","UN","154","154","UN","0L","MM 0020, vendas, livre","BRL","3193.96","0","18:11:54","1","16","07","00","A","","","","",
"1012","PKL","PHI160700A","89783225","GRELHA FEC AUT MAX QUAD ABS CR DN150 EST","","","2026-01-13","0","0","1","1","UN","1","1","UN","0L","MM 0020, vendas, livre","BRL","17.49","0","12:04:35","1","16","07","00","A","","","","",
"1012","PKL","PHI160700A","89783190","GRELHA FEC AUT MAX QUAD ABS CR DN100 EST","","","2024-09-09","0","0","61","61","UN","61","61","UN","0L","MM 0020, vendas, livre","BRL","635.62","0","09:40:13","1","16","07","00","A","","","","",
"1012","PKL","PHI160700A","89787390","GRELHA ABRE FEC QUAD PVC PT DN100 ESTRE","","","2026-01-30","0","0","40","40","UN","40","40","UN","0L","MM 0020, vendas, livre","BRL","139.60","0","10:15:21","1","16","07","00","A","","","","",
"1012","PKL","PHI160800A","89207265","TUBO ESG SN PVC 3M DN100 FORTLEV","","","2026-01-22","0","0","68","68","UN","68","68","UN","0L","MM 0020, vendas, livre","BRL","1735.36","0","11:52:34","1","16","08","00","A","","","","",
"1012","PKL","PHI160800A","89207615","LUVA CORRER ESG SN PVC DN100 FORTLEV","","","2026-01-09","0","0","12","12","UN","12","12","UN","0L","MM 0020, vendas, livre","BRL","130.32","0","09:48:48","1","16","08","00","A","","","","",
"1012","PKL","PHI160800A","89207776","CURVA 45 LONGA ESG SN PVC DN100 FORTLEV","","","2025-10-06","0","0","9","9","UN","9","9","UN","0L","MM 0020, vendas, livre","BRL","179.10","0","11:09:50","1","16","08","00","A","","","","",
"1012","PKL","PHI160800A","89207811","CURVA 90 LONGA ESG SN PVC DN100 FORTLEV","","","2025-12-19","0","0","11","11","UN","11","11","UN","0L","MM 0020, vendas, livre","BRL","294.36","0","09:57:12","1","16","08","00","A","","","","",
"1012","PKL","PHI160800A","89207860","ANEL VED TUBOS ESG DN100 FORTLEV","","","2025-12-31","0","0","533","533","UN","533","533","UN","0L","MM 0020, vendas, livre","BRL","442.39","0","10:57:21","1","16","08","00","A","","","","",
"1012","PKL","PHI160800A","89288115","TE LIGAFACIL ESG SN DN100 ESTRELA","","","2026-01-30","0","0","5","5","UN","5","5","UN","0L","MM 0020, vendas, livre","BRL","157.90","0","10:15:21","1","16","08","00","A","","","","",
"1012","PKL","PHI160800A","89288150","VALV RETENCAO PTA ESG SN DN100x75 ESTREL","","","2026-01-30","0","0","56","56","UN","56","56","UN","0L","MM 0020, vendas, livre","BRL","1279.04","0","10:15:21","1","16","08","00","A","","","","",
"1012","PKL","PHI160800A","89289690","REDUCAO EXC ESG SN PVC DN100X75 FORTLEV","","","2025-12-11","0","0","49","49","UN","49","49","UN","0L","MM 0020, vendas, livre","BRL","298.41","0","17:27:24","1","16","08","00","A","","","","",
"1012","PKL","PHI160800A","89290124","CAP ESG SN PVC DN100 FORTLEV","","","2025-11-07","0","0","80","80","UN","80","80","UN","0L","MM 0020, vendas, livre","BRL","321.60","0","12:16:18","1","16","08","00","A","","","","",
"1012","PKL","PHI160800A","89290173","CURVA 90 CURTA ESG SN PVC DN100 FORTLEV","","","2026-01-25","0","0","23","23","UN","23","23","UN","0L","MM 0020, vendas, livre","BRL","287.50","0","15:16:47","1","16","08","00","A","","","","",
"1012","PKL","PHI160800A","89290222","JUNCAO SIMPLES ESG SN PVC DN100 FORTLEV","","","2025-12-13","0","0","75","75","UN","75","75","UN","0L","MM 0020, vendas, livre","BRL","820.50","0","11:16:36","1","16","08","00","A","","","","",
"1012","PKL","PHI160800A","89290236","JUNCAO RED ESG SN PVC DN100X50 FORTLEV","","","2025-10-13","0","0","14","14","UN","14","14","UN","0L","MM 0020, vendas, livre","BRL","152.60","0","12:49:02","1","16","08","00","A","","","","",
"1012","PKL","PHI160800A","89290250","JUNCAO RED ESG SN PVC DN100X75 FORTLEV","","","2026-01-26","0","0","5","5","UN","5","5","UN","0L","MM 0020, vendas, livre","BRL","90.50","0","17:58:53","1","16","08","00","A","","","","",
"1012","PKL","PHI160800A","89289410","JOELHO 90 ESG SN PVC DN100 FORTLEV","","","2026-01-14","0","0","108","108","UN","108","108","UN","0L","MM 0020, vendas, livre","BRL","375.84","0","12:48:44","1","16","08","00","A","","","","",
"1012","PKL","PHI160800A","89289431","JOELHO 45 ESG SN PVC DN100 FORTLEV","","","2026-01-17","0","0","233","233","UN","233","233","UN","0L","MM 0020, vendas, livre","BRL","1076.46","0","14:21:37","1","16","08","00","A","","","","",
"1012","PKL","PHI160800A","89289284","LUVA SIMPLES ESG SN PVC DN100 FORTLEV","","","2026-01-17","0","0","350","350","UN","350","350","UN","0L","MM 0020, vendas, livre","BRL","1141.00","0","14:21:37","1","16","08","00","A","","","","",
"1012","PKL","PHI160800A","89289326","TE RED ESG SN PVC DN100X50 FORTLEV","","","2026-01-12","0","0","76","76","UN","76","76","UN","0L","MM 0020, vendas, livre","BRL","595.08","0","16:44:33","1","16","08","00","A","","","","",
"1012","PKL","PHI160800A","89289333","TE ESG SN PVC DN100 FORTLEV","","","2026-01-30","0","0","110","110","UN","110","110","UN","0L","MM 0020, vendas, livre","BRL","841.50","0","11:59:55","1","16","08","00","A","","","","",
"1012","PKL","PHI160800A","89289361","REDUCAO EXC ESG SN PVC DN100X50 FORTLEV","","","2025-12-19","0","0","33","33","UN","33","33","UN","0L","MM 0020, vendas, livre","BRL","149.82","0","18:40:05","1","16","08","00","A","","","","",
"1012","PKL","PHI160800A","89408004","ADAPT P/ CALHA STYLE 100MM","","","2024-09-09","0","0","17","17","UN","17","17","UN","0L","MM 0020, vendas, livre","BRL","208.59","0","09:40:13","1","16","08","00","A","","","","",
"1012","PKL","PHI160800A","89466853","TE RED LIGAFACIL ESG SN DN100X50 ESTRELA","","","2025-08-30","0","0","2","2","UN","2","2","UN","0L","MM 0020, vendas, livre","BRL","56.40","0","09:39:00","1","16","08","00","A","","","","",
"1012","PKL","PHI160800A","89466846","TE RED LIGAFACIL ESG SN DN100X75 ESTRELA","","","2024-09-09","0","0","11","11","UN","11","11","UN","0L","MM 0020, vendas, livre","BRL","321.31","0","09:40:14","1","16","08","00","A","","","","",
"1012","PKL","PHI160900A","89568654","PORTA GRELHA RED/GR RED CR DN150 KRONA","","","2025-11-04","0","0","1","1","UN","1","1","UN","0L","MM 0020, vendas, livre","BRL","14.68","0","10:35:03","1","16","09","00","A","","","","",
"1012","PKL","PHI160900A","89572035","GRELHA ABRE FEC RED INOX DN100 BOGNAR","","","2026-01-24","0","0","19","19","UN","19","19","UN","0L","MM 0020, vendas, livre","BRL","92.15","0","11:19:46","1","16","09","00","A","","","","",
"1012","PKL","PHI160900A","89572084","GRELHA AF CAIX RED INOX DN100 BOGNAR","","","2025-10-23","0","0","10","10","UN","10","10","UN","0L","MM 0020, vendas, livre","BRL","79.30","0","14:49:53","1","16","09","00","A","","","","",
"1012","PKL","PHI160900A","89610696","RALO PISO CLICK RED CR 10X10CM ESTEVES","","","2025-12-29","0","0","3","3","UN","3","3","UN","0L","MM 0020, vendas, livre","BRL","176.13","0","14:30:34","1","16","09","00","A","","","","",
"1012","PKL","PHI160900A","89042240","CORPO CAIXA SIFONADA 100X150X50MM TIGRE","","","2026-01-20","0","0","31","31","UN","31","31","UN","0L","MM 0020, vendas, livre","BRL","817.78","0","11:20:10","1","16","09","00","A","","","","",
"1012","PKL","PHI160900A","89042282","CORPO CAIXA SIF GIRAFACIL 100X140X50MM","","","2026-01-20","0","0","13","13","UN","13","13","UN","0L","MM 0020, vendas, livre","BRL","472.03","0","11:20:10","1","16","09","00","A","","","","",
"1012","PKL","PHI160900A","89042380","CAIXA SIFONADA RED BR 100X100X50MM TIGRE","","","2025-10-07","0","0","32","32","UN","32","32","UN","0L","MM 0020, vendas, livre","BRL","731.52","0","17:02:51","1","16","09","00","A","","","","",
"1012","PKL","PHI160900A","89042485","GRELHA RED INOX DN100 TIGRE","","","2024-09-18","0","0","20","20","UN","20","20","UN","0L","MM 0020, vendas, livre","BRL","443.40","0","09:38:09","1","16","09","00","A","","","","",
"1012","PKL","PHI160900A","89042513","GRELHA ABRE FEC RED PVC BR DN100 TIGRE","","","2025-12-16","0","0","60","60","UN","60","60","UN","0L","MM 0020, vendas, livre","BRL","601.20","0","18:51:46","1","16","09","00","A","","","","",
"1012","PKL","PHI160900A","89042562","GRELHA RED PVC BR DN100 TIGRE","","","2026-01-06","0","0","61","61","UN","61","61","UN","0L","MM 0020, vendas, livre","BRL","277.55","0","13:44:30","1","16","09","00","A","","","","",
"1012","PKL","PHI160900A","89042765","PORTA GRELHA QD/GR RED BR DN100 TIGRE","","","2026-01-06","0","0","33","33","UN","33","33","UN","0L","MM 0020, vendas, livre","BRL","463.32","0","13:44:30","1","16","09","00","A","","","","",
"1012","PKL","PHI160900A","89042786","PORTA GRELHA QD/GR QD CZ DN150 TIGRE","","","2026-01-13","0","0","43","43","UN","43","43","UN","0L","MM 0020, vendas, livre","BRL","502.24","0","12:04:35","1","16","09","00","A","","","","",
"1012","PKL","PHI160900A","89042814","PORTA GRELHA RED/GR RED BR DN100 TIGRE","","","2026-01-06","0","0","8","8","UN","8","8","UN","0L","MM 0020, vendas, livre","BRL","62.32","0","13:44:30","1","16","09","00","A","","","","",
"1012","PKL","PHI160900A","89042996","TAMPA CEGA RED PVC BR DN100 TIGRE","","","2026-01-06","0","0","54","54","UN","54","54","UN","0L","MM 0020, vendas, livre","BRL","321.30","0","13:44:35","1","16","09","00","A","","","","",
"1012","PKL","PHI160900A","89045866","GRELHA ABRE FEC RED PVC BR DN100 ASTRA","","","2025-11-06","0","0","10","10","UN","10","10","UN","0L","MM 0020, vendas, livre","BRL","45.40","0","12:39:55","1","16","09","00","A","","","","",
"1012","PKL","PHI160900A","89045894","GRELHA ABRE FEC RED ABS CR DN100 ASTRA","","","2024-09-02","0","0","5","5","UN","5","5","UN","0L","MM 0020, vendas, livre","BRL","32.75","0","15:29:48","1","16","09","00","A","","","","",
"1012","PKL","PHI160900A","89111596","CORPO RALO CILINDRICO PVC BR 100X40MM","","","2025-12-20","0","0","13","13","UN","13","13","UN","0L","MM 0020, vendas, livre","BRL","135.59","0","11:13:10","1","16","09","00","A","","","","",
"1012","PKL","PHI160900A","89273226","GRELHA ABRE FEC RED PVC CZ DN100 TIGRE","","","2025-10-09","0","0","18","18","UN","18","18","UN","0L","MM 0020, vendas, livre","BRL","277.56","0","16:50:54","1","16","09","00","A","","","","",
"1012","PKL","PHI160900A","89311334","PORTA GRELHA RED/GR RED CR DN100 LUCONI","","","2025-06-04","0","0","76","76","UN","76","76","UN","0L","MM 0020, vendas, livre","BRL","260.68","0","10:52:40","1","16","09","00","A","","","","",
"1012","PKL","PHI160900A","89311341","PORTA GRELHA QD/GR RED CR DN100 LUCONI","","","2025-10-16","0","0","49","49","UN","49","49","UN","0L","MM 0020, vendas, livre","BRL","149.94","0","08:47:09","1","16","09","00","A","","","","",
"1012","PKL","PHI160900A","89311390","GRELHA RED PVC BR DN100 LUCONI","","","2025-09-26","0","0","165","165","UN","165","165","UN","0L","MM 0020, vendas, livre","BRL","108.90","0","17:44:56","1","16","09","00","A","","","","",
"1012","PKL","PHI160900A","89311404","GRELHA RED PVC CR DN100 LUCONI","","","2024-09-11","0","0","6","6","UN","6","6","UN","0L","MM 0020, vendas, livre","BRL","12.66","0","12:53:10","1","16","09","00","A","","","","",
"1012","PKL","PHI160900A","89311453","RALO SIF RED PVC CR LUCONI","","","2025-11-05","0","0","16","16","UN","16","16","UN","0L","MM 0020, vendas, livre","BRL","74.08","0","17:50:03","1","16","09","00","A","","","","",
"1012","PKL","PHI160900A","89717733","RALO CANTO SIF ABS INOX ODEM","","","2025-01-16","0","0","15","15","UN","15","15","UN","0L","MM 0020, vendas, livre","BRL","2649.90","0","10:59:02","1","16","09","00","A","","","","",
"1012","PKL","PHI160900A","89568633","PORTA GRELHA RED/GR RED CR DN100 KRONA","","","2024-09-24","0","0","14","14","UN","14","14","UN","0L","MM 0020, vendas, livre","BRL","135.38","0","11:46:48","1","16","09","00","A","","","","",
"1012","PKL","PHI160900A","89567814","CORPO CAIXA SIFONADA 100X150X50MM KRONA","","","2025-12-09","0","0","31","31","UN","31","31","UN","0L","MM 0020, vendas, livre","BRL","351.54","0","14:11:43","1","16","09","00","A","","","","",
"1012","PKL","PHI160900A","89591334","RALO CANTO CR DN100 ASTRA","","","2025-09-10","0","0","7","7","UN","7","7","UN","0L","MM 0020, vendas, livre","BRL","334.32","0","19:35:27","1","16","09","00","A","","","","",
"1012","PKL","PHI160900A","89540556","RALO SIF RED PVC BR KRONA","","","2026-01-02","0","0","2","2","UN","2","2","UN","0L","MM 0020, vendas, livre","BRL","10.34","0","15:15:12","1","16","09","00","A","","","","",
"1012","PKL","PHI160900A","89540444","CAIXA SIFONADA RED BR 100X150X50MM KRONA","","","2025-05-26","0","0","24","24","UN","24","24","UN","0L","MM 0020, vendas, livre","BRL","535.44","0","11:51:47","1","16","09","00","A","","","","",
"1012","PKL","PHI160900A","89540332","CAIXA SIFONADA RED BR 100X100X50MM KRONA","","","2026-01-09","0","0","66","66","UN","66","66","UN","0L","MM 0020, vendas, livre","BRL","523.38","0","11:51:30","1","16","09","00","A","","","","",
"1012","PKL","PHI160900A","89785633","PORTA GRELHA RED/GR RED PT DN100 ESTRELA","","","2025-06-06","0","0","22","22","UN","22","22","UN","0L","MM 0020, vendas, livre","BRL","99.00","0","15:52:16","1","16","09","00","A","","","","",
"1012","PKL","PHI160900A","89785612","PORTA GRELHA QD/GR RED PT DN100 ESTRELA","","","2026-01-30","0","0","33","33","UN","33","33","UN","0L","MM 0020, vendas, livre","BRL","173.91","0","10:15:21","1","16","09","00","A","","","","",
"1012","PKL","PHI160900A","89787355","GRELHA ABRE FEC RED PVC PT DN100 ESTRELA","","","2026-01-30","0","0","18","18","UN","18","18","UN","0L","MM 0020, vendas, livre","BRL","62.82","0","10:15:21","1","16","09","00","A","","","","",
"1012","PKL","PHI160900A","89829250","RALO CANTO BR DN100 ASTRA","","","2025-06-09","0","0","7","7","UN","7","7","UN","0L","MM 0020, vendas, livre","BRL","232.26","0","11:00:54","1","16","09","00","A","","","","",
"1012","PKL","PHI160900A","89829264","RALO CANTO CR DN100 ASTRA","","","2025-12-08","0","0","6","6","UN","6","6","UN","0L","MM 0020, vendas, livre","BRL","277.80","0","10:26:11","1","16","09","00","A","","","","",
"1012","PKL","PHI161000A","89039846","CAP ESG SN PVC DN40 TIGRE","","","2025-12-16","0","0","133","133","UN","133","133","UN","0L","MM 0020, vendas, livre","BRL","262.01","0","18:51:25","1","16","10","00","A","","","","",
"1012","PKL","PHI161000A","89039944","CURVA 90 CURTA ESG SN PVC DN40 TIGRE","","","2026-01-06","0","0","430","430","UN","430","430","UN","0L","MM 0020, vendas, livre","BRL","1883.40","0","13:43:55","1","16","10","00","A","","","","",
"1012","PKL","PHI161000A","89039986","CURVA 90 LONGA ESG SN PVC DN40 TIGRE","","","2026-01-06","0","0","54","54","UN","54","54","UN","0L","MM 0020, vendas, livre","BRL","348.84","0","13:43:46","1","16","10","00","A","","","","",
"1012","PKL","PHI161000A","89040063","JOELHO 45 ESG SN PVC DN40 TIGRE","","","2026-01-26","0","0","762","762","UN","762","762","UN","0L","MM 0020, vendas, livre","BRL","1219.20","0","11:39:54","1","16","10","00","A","","","","",
"1012","PKL","PHI161000A","89040126","JOELHO 90 ESG SN PVC DN40 TIGRE","","","2025-12-16","0","0","944","944","UN","944","944","UN","0L","MM 0020, vendas, livre","BRL","1387.68","0","18:51:26","1","16","10","00","A","","","","",
"1012","PKL","PHI161000A","89040182","JOELHO 90 ANEL ESG SN PVC DN40X38 TIGRE","","","2025-10-23","0","0","127","127","UN","127","127","UN","0L","MM 0020, vendas, livre","BRL","605.79","0","15:53:53","1","16","10","00","A","","","","",
"1012","PKL","PHI161000A","89040196","JUNCAO SIMPLES ESG SN PVC DN40 TIGRE","","","2026-01-06","0","0","155","155","UN","155","155","UN","0L","MM 0020, vendas, livre","BRL","508.40","0","13:43:46","1","16","10","00","A","","","","",
"1012","PKL","PHI161000A","89040294","LUVA CORRER ESG SN PVC DN40 TIGRE","","","2024-09-18","0","0","31","31","UN","31","31","UN","0L","MM 0020, vendas, livre","BRL","183.83","0","09:31:23","1","16","10","00","A","","","","",
"1012","PKL","PHI161000A","89040343","LUVA SIMPLES ESG SN PVC DN40 TIGRE","","","2026-01-26","0","0","441","441","UN","441","441","UN","0L","MM 0020, vendas, livre","BRL","480.69","0","11:39:54","1","16","10","00","A","","","","",
"1012","PKL","PHI161000A","89040490","TE ESG SN PVC DN40 TIGRE","","","2025-12-20","0","0","284","284","UN","284","284","UN","0L","MM 0020, vendas, livre","BRL","721.36","0","08:32:08","1","16","10","00","A","","","","",
"1012","PKL","PHI161000A","89040630","TUBO ESG SN PVC 3M DN40 TIGRE","","","2026-01-06","0","0","248","248","UN","248","248","UN","0L","MM 0020, vendas, livre","BRL","4310.24","0","13:44:03","1","16","10","00","A","","","","",
"1012","PKL","PHI161000A","89042121","PASTA LUBRIFICANTE PVC BISNAGA 160G","","","2025-12-16","0","0","60","60","UN","60","60","UN","0L","MM 0020, vendas, livre","BRL","349.80","0","18:51:42","1","16","10","00","A","","","","",
"1012","PKL","PHI161000A","89042135","PASTA LUBRIFICANTE PVC BISNAGA 400G","","","2026-01-29","0","0","70","70","UN","70","70","UN","0L","MM 0020, vendas, livre","BRL","904.40","0","11:28:15","1","16","10","00","A","","","","",
"1012","PKL","PHI161000A","89043010","ANEL VED TUBOS ESG DN40 TIGRE","","","2025-10-02","0","0","94","94","UN","94","94","UN","0L","MM 0020, vendas, livre","BRL","70.50","0","06:49:49","1","16","10","00","A","","","","",
"1012","PKL","PHI161100A","89567422","CAIXA SIFONADA QUAD BR 250X230X75MM KRON","","","2025-10-06","0","0","12","12","UN","12","12","UN","0L","MM 0020, vendas, livre","BRL","678.36","0","15:32:01","1","16","11","00","A","","","","",
"1012","PKL","PHI161100A","89568661","TAMPA CEGA RED PVC BR DN250 KRONA","","","2026-01-02","0","0","8","8","UN","8","8","UN","0L","MM 0020, vendas, livre","BRL","101.76","0","15:15:13","1","16","11","00","A","","","","",
"1012","PKL","PHI161100A","89572021","GRELHA ABRE FEC QUAD INOX DN150 BOGNAR","","","2025-12-20","0","0","157","157","UN","157","157","UN","0L","MM 0020, vendas, livre","BRL","1458.53","0","08:29:11","1","16","11","00","A","","","","",
"1012","PKL","PHI161100A","89572070","GRELHA AF CAIX QUAD INOX DN150 BOGNAR","","","2026-01-13","0","0","29","29","UN","29","29","UN","0L","MM 0020, vendas, livre","BRL","377.58","0","15:13:11","1","16","11","00","A","","","","",
"1012","PKL","PHI161100A","89610710","RALO PISO CLICK QUAD CR 10X10CM ESTEVES","","","2026-01-09","0","0","16","16","UN","16","16","UN","0L","MM 0020, vendas, livre","BRL","931.36","0","11:05:29","1","16","11","00","A","","","","",
"1012","PKL","PHI161100A","89610724","RALO PISO CLICK QUAD CR 15X15CM ESTEVES","","","2025-10-05","0","0","17","17","UN","17","17","UN","0L","MM 0020, vendas, livre","BRL","1249.33","0","12:47:50","1","16","11","00","A","","","","",
"1012","PKL","PHI161100A","89759285","RALO LINEAR GRELHA MOD BR 50CM ESTRELA","","","2025-12-15","0","0","14","14","UN","14","14","UN","0L","MM 0020, vendas, livre","BRL","553.28","0","13:40:16","1","16","11","00","A","","","","",
"1012","PKL","PHI161100A","89765753","RALO INVISIVEL QUAD BG 10X10CM ESTRELA","","","2025-12-15","0","0","13","13","UN","13","13","UN","0L","MM 0020, vendas, livre","BRL","307.06","0","13:40:14","1","16","11","00","A","","","","",
"1012","PKL","PHI161100A","89765760","RALO INVISIVEL QUAD BR 10X10CM ESTRELA","","","2025-12-15","0","0","24","24","UN","24","24","UN","0L","MM 0020, vendas, livre","BRL","566.64","0","13:00:47","1","16","11","00","A","","","","",
"1012","PKL","PHI161100A","89765795","RALO INVISIVEL QUAD PT 10X10CM ESTRELA","","","2025-12-15","0","0","11","11","UN","11","11","UN","0L","MM 0020, vendas, livre","BRL","259.49","0","13:00:47","1","16","11","00","A","","","","",
"1012","PKL","PHI161100A","89780614","RALO PROTETOR RED DN150MM ESTRELA","","","2026-01-30","0","0","9","9","UN","9","9","UN","0L","MM 0020, vendas, livre","BRL","74.70","0","10:15:21","1","16","11","00","A","","","","",
"1012","PKL","PHI161100A","89687871","RALO MODULAR INVISIVEL BR 50CM ESTRELA","","","2026-01-30","0","0","14","14","UN","14","14","UN","0L","MM 0020, vendas, livre","BRL","714.84","0","10:15:26","1","16","11","00","A","","","","",
"1012","PKL","PHI161100A","89699764","CAIXA SIFONADA QUAD BR 250X200MM ASTRA","","","2025-03-10","0","0","4","4","UN","4","4","UN","0L","MM 0020, vendas, livre","BRL","322.68","0","12:42:37","1","16","11","00","A","","","","",
"1012","PKL","PHI161100A","89405470","RALO LINEAR GRELHA INOX 70CM ESTRELA","","","2024-09-09","0","0","2","2","UN","2","2","UN","0L","MM 0020, vendas, livre","BRL","212.14","0","09:40:13","1","16","11","00","A","","","","",
"1012","PKL","PHI161100A","89427611","RALO LINEAR INVISIVEL BR 70CM TIGRE","","","2025-12-16","0","0","2","2","UN","2","2","UN","0L","MM 0020, vendas, livre","BRL","255.24","0","18:51:25","1","16","11","00","A","","","","",
"1012","PKL","PHI161100A","89040756","VALV RETENCAO MEIO ESG SN DN100 TIGRE","","","2026-01-06","0","0","15","15","UN","15","15","UN","0L","MM 0020, vendas, livre","BRL","1344.60","0","13:44:30","1","16","11","00","A","","","","",
"1012","PKL","PHI161100A","89042191","ANTIESPUMA DN150 TIGRE","","","2025-11-25","0","0","23","23","UN","23","23","UN","0L","MM 0020, vendas, livre","BRL","600.07","0","13:25:32","1","16","11","00","A","","","","",
"1012","PKL","PHI161100A","89042275","CORPO CAIXA SIFONADA 150X185X75MM TIGRE","","","2025-12-16","0","0","41","41","UN","41","41","UN","0L","MM 0020, vendas, livre","BRL","1655.17","0","18:51:39","1","16","11","00","A","","","","",
"1012","PKL","PHI161100A","89042324","CAIXA SIFONADA QUAD INOX 150X150X50MM TI","","","2024-09-18","0","0","35","35","UN","35","35","UN","0L","MM 0020, vendas, livre","BRL","2849.70","0","09:38:09","1","16","11","00","A","","","","",
"1012","PKL","PHI161100A","89042415","CAIXA SIFONADA RED BR 250X230X75MM TIGRE","","","2025-10-02","0","0","1","1","UN","1","1","UN","0L","MM 0020, vendas, livre","BRL","94.30","0","06:49:45","1","16","11","00","A","","","","",
"1012","PKL","PHI161100A","89042443","GRELHA QUAD INOX DN150 TIGRE","","","2026-01-11","0","0","2","2","UN","2","2","UN","0L","MM 0020, vendas, livre","BRL","105.04","0","10:18:09","1","16","11","00","A","","","","",
"1012","PKL","PHI161100A","89042555","GRELHA QUAD PVC BR DN150 TIGRE","","","2025-10-09","0","0","14","14","UN","14","14","UN","0L","MM 0020, vendas, livre","BRL","153.72","0","16:22:49","1","16","11","00","A","","","","",
"1012","PKL","PHI161100A","89042772","PORTA GRELHA QD/GR QD BR DN150 TIGRE","","","2025-05-27","0","1","7","8","UN","7","8","UN","0L","MM 0020, vendas, livre","BRL","119.52","0","10:48:22","1","16","11","00","A","","","","",
"1012","PKL","PHI161100A","89042884","RALO LINEAR GRELHA BR 70CM TIGRE","","","2026-01-06","0","0","4","4","UN","4","4","UN","0L","MM 0020, vendas, livre","BRL","352.36","0","13:44:34","1","16","11","00","A","","","","",
"1012","PKL","PHI161100A","89042891","RALO LINEAR GRELHA CZ 70CM TIGRE","","","2025-11-04","0","0","10","10","UN","10","10","UN","0L","MM 0020, vendas, livre","BRL","1057.80","0","12:46:25","1","16","11","00","A","","","","",
"1012","PKL","PHI161100A","89042940","RALO LINEAR GRELHA CZ 90CM TIGRE","","","2025-10-23","0","0","1","1","UN","1","1","UN","0L","MM 0020, vendas, livre","BRL","123.32","0","15:53:41","1","16","11","00","A","","","","",
"1012","PKL","PHI161100A","89045852","GRELHA QUAD PVC BR DN150 ASTRA","","","2026-01-28","0","0","16","16","UN","16","16","UN","0L","MM 0020, vendas, livre","BRL","117.44","0","08:40:49","1","16","11","00","A","","","","",
"1012","PKL","PHI161100A","89045901","GRELHA ABRE FEC QUAD PVC BR DN150 ASTRA","","","2025-01-04","0","0","35","35","UN","35","35","UN","0L","MM 0020, vendas, livre","BRL","406.70","0","10:08:12","1","16","11","00","A","","","","",
"1012","PKL","PHI161100A","89045922","GRELHA ABRE FEC QUAD ABS CR DN150 ASTRA","","","2024-12-12","0","0","32","32","UN","32","32","UN","0L","MM 0020, vendas, livre","BRL","623.04","0","09:48:10","1","16","11","00","A","","","","",
"1012","PKL","PHI161100A","89111582","CAIXA SIFONADA QUAD BR 150X150X50MM TIGR","","","2025-12-16","0","0","54","54","UN","54","54","UN","0L","MM 0020, vendas, livre","BRL","2479.14","0","18:51:39","1","16","11","00","A","","","","",
"1012","PKL","PHI161100A","89282361","RALO LINEAR GRELHA BR 50CM TIGRE","","","2026-01-13","0","0","4","4","UN","4","4","UN","0L","MM 0020, vendas, livre","BRL","337.88","0","09:34:25","1","16","11","00","A","","","","",
"1012","PKL","PHI161100A","89567415","CAIXA SIFONADA QUAD BR 250X172X50MM KRON","","","2026-01-02","0","0","11","11","UN","11","11","UN","0L","MM 0020, vendas, livre","BRL","551.21","0","15:15:14","1","16","11","00","A","","","","",
"1012","PKL","PHI161100A","89634076","RALO INVISIVEL QUAD PT 15X15CM ESTRELA","","","2026-01-30","0","0","4","4","UN","4","4","UN","0L","MM 0020, vendas, livre","BRL","124.60","0","10:15:21","1","16","11","00","A","","","","",
"1012","PKL","PHI161100A","89634083","RALO LINEAR INVISIVEL BR 50CM ESTRELA","","","2026-01-21","0","0","11","11","UN","11","11","UN","0L","MM 0020, vendas, livre","BRL","539.22","0","16:50:03","1","16","11","00","A","","","","",
"1012","PKL","PHI161100A","89634104","RALO LINEAR INVISIVEL BR 70CM ESTRELA","","","2025-11-14","0","0","3","3","UN","3","3","UN","0L","MM 0020, vendas, livre","BRL","194.67","0","17:35:44","1","16","11","00","A","","","","",
"1012","PKL","PHI161100A","89787404","GRELHA ABRE FEC QUAD PVC PT DN150 ESTRE","","","2026-01-30","0","0","26","26","UN","26","26","UN","0L","MM 0020, vendas, livre","BRL","190.58","0","10:15:21","1","16","11","00","A","","","","",
"1012","PKL","PHI161100A","89783225","GRELHA FEC AUT MAX QUAD ABS CR DN150 EST","","","2024-09-09","0","0","49","49","UN","49","49","UN","0L","MM 0020, vendas, livre","BRL","857.01","0","09:40:13","1","16","11","00","A","","","","",
"1012","PKL","PHI161100A","89785626","PORTA GRELHA QD/GR RED PT DN150 ESTRELA","","","2026-01-30","0","0","21","21","UN","21","21","UN","0L","MM 0020, vendas, livre","BRL","177.87","0","10:15:21","1","16","11","00","A","","","","",
"1012","PKL","PHI161100A","89466804","RALO LINEAR GRELHA CEGA INOX 100CM EST","","","2026-01-30","0","0","20","20","UN","20","20","UN","0L","MM 0020, vendas, livre","BRL","2995.60","0","10:15:26","1","16","11","00","A","","","","",
"1012","PKL","PHI161100A","89466881","RALO LINEAR GRELHA INOX 100CM ESTRELA","","","2025-12-15","0","0","4","4","UN","4","4","UN","0L","MM 0020, vendas, livre","BRL","531.24","0","13:40:14","1","16","11","00","A","","","","",
"1012","PKL","PHI161100A","89466895","RALO LINEAR GRELHA CEGA INOX 50CM ESTR","","","2025-12-15","0","0","5","5","UN","5","5","UN","0L","MM 0020, vendas, livre","BRL","454.60","0","13:40:14","1","16","11","00","A","","","","",
"1012","PKL","PHI161100A","89466902","RALO LINEAR GRELHA CEGA INOX 70CM ESTR","","","2025-11-14","0","0","3","3","UN","3","3","UN","0L","MM 0020, vendas, livre","BRL","378.12","0","17:35:44","1","16","11","00","A","","","","",
"1012","PKL","PHI161100A","89497884","RALO PISO CLICK QUAD CR 15X15CM BOGNAR","","","2026-01-12","0","0","30","30","UN","30","30","UN","0L","MM 0020, vendas, livre","BRL","728.70","0","12:17:31","1","16","11","00","A","","","","",
"1012","PKL","PHI161100A","89522720","RALO INVISIVEL QUAD BR 15X15CM ESTRELA","","","2026-01-30","0","0","10","10","UN","10","10","UN","0L","MM 0020, vendas, livre","BRL","314.40","0","10:15:21","1","16","11","00","A","","","","",
"1012","PKL","PHI161100A","89522832","RALO INVISIVEL QUAD BG 15X15CM ESTRELA","","","2025-12-15","0","0","4","4","UN","4","4","UN","0L","MM 0020, vendas, livre","BRL","125.84","0","13:40:16","1","16","11","00","A","","","","",
"1012","PKL","PHI161100A","89523182","RALO INVISIVEL QUAD CZ 15X15CM ESTRELA","","","2026-01-30","0","0","8","8","UN","8","8","UN","0L","MM 0020, vendas, livre","BRL","250.48","0","10:15:21","1","16","11","00","A","","","","",
"1012","PKL","PHI161100A","89567373","CAIXA SIFONADA QUAD BR 150X150X50MM KRON","","","2026-01-02","0","0","93","93","UN","93","93","UN","0L","MM 0020, vendas, livre","BRL","2148.30","0","15:15:14","1","16","11","00","A","","","","",
"1012","PKL","PHI161200A","89040371","LUVA SIMPLES ESG SN PVC DN75 TIGRE","","","2025-10-07","0","0","49","49","UN","49","49","UN","0L","MM 0020, vendas, livre","BRL","216.09","0","17:02:42","1","16","12","00","A","","","","",
"1012","PKL","PHI161200A","89040350","LUVA SIMPLES ESG SN PVC DN50 TIGRE","","","2026-01-06","0","0","456","456","UN","456","456","UN","0L","MM 0020, vendas, livre","BRL","984.96","0","13:43:55","1","16","12","00","A","","","","",
"1012","PKL","PHI161200A","89040301","LUVA CORRER ESG SN PVC DN50 TIGRE","","","2025-12-16","0","0","173","173","UN","173","173","UN","0L","MM 0020, vendas, livre","BRL","1641.77","0","18:51:39","1","16","12","00","A","","","","",
"1012","PKL","PHI161200A","89040210","JUNCAO SIMPLES ESG SN PVC DN75 TIGRE","","","2025-10-07","0","0","2","2","UN","2","2","UN","0L","MM 0020, vendas, livre","BRL","24.34","0","17:02:46","1","16","12","00","A","","","","",
"1012","PKL","PHI161200A","89040203","JUNCAO SIMPLES ESG SN PVC DN50 TIGRE","","","2026-01-26","0","0","135","135","UN","135","135","UN","0L","MM 0020, vendas, livre","BRL","858.60","0","11:39:54","1","16","12","00","A","","","","",
"1012","PKL","PHI161200A","89040133","JOELHO 90 ESG SN PVC DN50 TIGRE","","","2026-01-26","0","0","621","621","UN","621","621","UN","0L","MM 0020, vendas, livre","BRL","1242.00","0","11:39:54","1","16","12","00","A","","","","",
"1012","PKL","PHI161200A","89040070","JOELHO 45 ESG SN PVC DN50 TIGRE","","","2026-01-26","0","0","242","242","UN","242","242","UN","0L","MM 0020, vendas, livre","BRL","580.80","0","11:39:54","1","16","12","00","A","","","","",
"1012","PKL","PHI161200A","89040000","CURVA 90 LONGA ESG SN PVC DN75 TIGRE","","","2026-01-06","0","0","15","15","UN","15","15","UN","0L","MM 0020, vendas, livre","BRL","549.00","0","13:43:44","1","16","12","00","A","","","","",
"1012","PKL","PHI161200A","89039993","CURVA 90 LONGA ESG SN PVC DN50 TIGRE","","","2026-01-06","0","0","15","15","UN","15","15","UN","0L","MM 0020, vendas, livre","BRL","180.15","0","13:43:52","1","16","12","00","A","","","","",
"1012","PKL","PHI161200A","89039951","CURVA 90 CURTA ESG SN PVC DN50 TIGRE","","","2026-01-06","0","0","175","175","UN","175","175","UN","0L","MM 0020, vendas, livre","BRL","1295.00","0","13:43:52","1","16","12","00","A","","","","",
"1012","PKL","PHI161200A","89039895","CURVA 45 LONGA ESG SN PVC DN50 TIGRE","","","2026-01-06","0","0","15","15","UN","15","15","UN","0L","MM 0020, vendas, livre","BRL","142.65","0","13:43:46","1","16","12","00","A","","","","",
"1012","PKL","PHI161200A","89039853","CAP ESG SN PVC DN50 TIGRE","","","2025-12-16","0","0","41","41","UN","41","41","UN","0L","MM 0020, vendas, livre","BRL","154.57","0","18:51:25","1","16","12","00","A","","","","",
"1012","PKL","PHI161200A","89039832","BUCHA RED LONGA ESG SN PVC DN50X40 TIGRE","","","2025-12-16","0","0","873","873","UN","873","873","UN","0L","MM 0020, vendas, livre","BRL","2295.99","0","18:51:26","1","16","12","00","A","","","","",
"1012","PKL","PHI161200A","89040441","REDUCAO EXC ESG SN PVC DN75X50 TIGRE","","","2025-10-09","0","0","66","66","UN","66","66","UN","0L","MM 0020, vendas, livre","BRL","329.34","0","16:22:40","1","16","12","00","A","","","","",
"1012","PKL","PHI161200A","89040504","TE ESG SN PVC DN50 TIGRE","","","2026-01-06","0","0","237","237","UN","237","237","UN","0L","MM 0020, vendas, livre","BRL","1206.33","0","13:44:00","1","16","12","00","A","","","","",
"1012","PKL","PHI161200A","89040511","TE ESG SN PVC DN75 TIGRE","","","2025-10-09","0","0","12","12","UN","12","12","UN","0L","MM 0020, vendas, livre","BRL","121.20","0","16:22:41","1","16","12","00","A","","","","",
"1012","PKL","PHI161200A","89040546","TE RED ESG SN PVC DN75X50 TIGRE","","","2025-10-07","0","0","7","7","UN","7","7","UN","0L","MM 0020, vendas, livre","BRL","99.40","0","17:02:40","1","16","12","00","A","","","","",
"1012","PKL","PHI161200A","89040602","TERMINAL VENTIL ESG SN PVC DN50 TIGRE","","","2025-11-04","0","0","8","8","UN","8","8","UN","0L","MM 0020, vendas, livre","BRL","67.84","0","12:46:21","1","16","12","00","A","","","","",
"1012","PKL","PHI161200A","89040616","TERMINAL VENTIL ESG SN PVC DN75 TIGRE","","","2025-12-16","0","0","7","7","UN","7","7","UN","0L","MM 0020, vendas, livre","BRL","99.82","0","18:51:31","1","16","12","00","A","","","","",
"1012","PKL","PHI161200A","89040644","TUBO ESG SN PVC 3M DN50 TIGRE","","","2026-01-14","0","0","214","214","UN","214","214","UN","0L","MM 0020, vendas, livre","BRL","6071.18","0","14:09:51","1","16","12","00","A","","","","",
"1012","PKL","PHI161200A","89043024","ANEL VED TUBOS ESG DN50 TIGRE","","","2025-12-02","0","0","734","734","UN","734","734","UN","0L","MM 0020, vendas, livre","BRL","616.56","0","12:38:37","1","16","12","00","A","","","","",
"1012","PKL","PHI161200A","89240592","TUBO ESG SN PVC 1M DN50 AMBARTECH-TIGRE","","","2024-10-02","0","0","43","43","UN","43","43","UN","0L","MM 0020, vendas, livre","BRL","617.05","0","08:55:38","1","16","12","00","A","","","","",
"1012","PKL","PHI161200A","89240606","TUBO ESG SN PVC 1M DN40 AMBARTECH-TIGRE","","","2025-09-12","0","0","71","71","UN","71","71","UN","0L","MM 0020, vendas, livre","BRL","614.15","0","16:35:00","1","16","12","00","A","","","","",
"1012","PKL","PHI161200A","89846505","TERMINAL VENTIL ESG SN PVC DN50 AMANCO","","","2025-10-02","0","0","1","1","UN","1","1","UN","0L","MM 0020, vendas, livre","BRL","0","0","06:49:44","1","16","12","00","A","","","","",
"1012","PKL","PHI161300A","89417363","PROLONG CX SIFONADA 20CM DN100 FORTLEV","","","2025-10-10","0","0","9","9","UN","9","9","UN","0L","MM 0020, vendas, livre","BRL","44.91","0","11:29:08","1","16","13","00","A","","","","",
"1012","PKL","PHI161300A","89417370","PROLONG CX SIFONADA 20CM DN150 FORTLEV","","","2026-01-09","0","0","8","8","UN","8","8","UN","0L","MM 0020, vendas, livre","BRL","75.12","0","09:48:40","1","16","13","00","A","","","","",
"1012","PKL","PHI161300A","89572042","GRELHA ABRE FEC RED INOX DN150 BOGNAR","","","2025-12-12","0","0","17","17","UN","17","17","UN","0L","MM 0020, vendas, livre","BRL","158.27","0","10:25:39","1","16","13","00","A","","","","",
"1012","PKL","PHI161300A","89568654","PORTA GRELHA RED/GR RED CR DN150 KRONA","","","2024-09-24","0","0","17","17","UN","17","17","UN","0L","MM 0020, vendas, livre","BRL","249.56","0","11:46:47","1","16","13","00","A","","","","",
"1012","PKL","PHI161300A","89568640","PORTA GRELHA RED/GR RED BR DN150 KRONA","","","2025-08-21","0","0","23","23","UN","23","23","UN","0L","MM 0020, vendas, livre","BRL","100.28","0","15:08:51","1","16","13","00","A","","","","",
"1012","PKL","PHI161300A","89311425","GRELHA RED PVC CR DN150 LUCONI","","","2024-11-26","0","0","25","25","UN","25","25","UN","0L","MM 0020, vendas, livre","BRL","124.00","0","18:42:34","1","16","13","00","A","","","","",
"1012","PKL","PHI161300A","89311411","GRELHA RED PVC BR DN150 LUCONI","","","2025-05-07","0","0","11","11","UN","11","11","UN","0L","MM 0020, vendas, livre","BRL","22.22","0","12:13:37","1","16","13","00","A","","","","",
"1012","PKL","PHI161300A","89311383","PORTA GRELHA QD/GR RED CR DN150 LUCONI","","","2025-08-01","0","0","44","44","UN","44","44","UN","0L","MM 0020, vendas, livre","BRL","304.92","0","17:51:04","1","16","13","00","A","","","","",
"1012","PKL","PHI161300A","89311376","PORTA GRELHA RED/GR RED CR DN150 LUCONI","","","2025-06-04","0","0","49","49","UN","49","49","UN","0L","MM 0020, vendas, livre","BRL","285.18","0","10:52:40","1","16","13","00","A","","","","",
"1012","PKL","PHI161300A","89311362","PORTA GRELHA QD/GR RED BR DN150 LUCONI","","","2025-05-22","0","0","13","13","UN","13","13","UN","0L","MM 0020, vendas, livre","BRL","37.70","0","08:59:55","1","16","13","00","A","","","","",
"1012","PKL","PHI161300A","89311355","PORTA GRELHA RED/GR RED BR DN150 LUCONI","","","2024-11-27","0","0","28","28","UN","28","28","UN","0L","MM 0020, vendas, livre","BRL","44.24","0","17:07:33","1","16","13","00","A","","","","",
"1012","PKL","PHI161300A","89045943","GRELHA ABRE FEC RED ABS CR DN150 ASTRA","","","2024-09-02","0","0","37","37","UN","37","37","UN","0L","MM 0020, vendas, livre","BRL","575.35","0","15:29:48","1","16","13","00","A","","","","",
"1012","PKL","PHI161300A","89045936","GRELHA ABRE FEC RED PVC BR DN150 ASTRA","","","2024-09-02","0","0","36","36","UN","36","36","UN","0L","MM 0020, vendas, livre","BRL","325.44","0","15:29:47","1","16","13","00","A","","","","",
"1012","PKL","PHI161300A","89042821","PORTA GRELHA RED/GR RED BR DN150 TIGRE","","","2025-06-12","0","0","14","14","UN","14","14","UN","0L","MM 0020, vendas, livre","BRL","102.20","0","15:28:04","1","16","13","00","A","","","","",
"1012","PKL","PHI161300A","89042576","GRELHA RED PVC BR DN150 TIGRE","","","2026-01-06","0","0","23","23","UN","23","23","UN","0L","MM 0020, vendas, livre","BRL","190.21","0","13:44:30","1","16","13","00","A","","","","",
"1012","PKL","PHI161300A","89042492","GRELHA RED INOX DN150 TIGRE","","","2025-05-27","0","0","31","31","UN","31","31","UN","0L","MM 0020, vendas, livre","BRL","1607.35","0","10:48:19","1","16","13","00","A","","","","",
"1012","PKL","PHI161300A","89042401","CAIXA SIFONADA RED BR 250X172X50MM TIGRE","","","2025-11-11","0","0","4","4","UN","4","4","UN","0L","MM 0020, vendas, livre","BRL","287.32","0","09:32:34","1","16","13","00","A","","","","",
"1012","PKL","PHI161300A","89042352","CAIXA SIFONADA QUAD BR 150X185X75MM TIGR","","","2025-09-16","0","0","21","21","UN","21","21","UN","0L","MM 0020, vendas, livre","BRL","1258.53","0","13:51:14","1","16","13","00","A","","","","",
"1012","PKL","PHI161300A","89042261","CORPO CAIXA SIFONADA 150X150X50MM TIGRE","","","2025-10-23","0","0","14","14","UN","14","14","UN","0L","MM 0020, vendas, livre","BRL","437.36","0","15:53:44","1","16","13","00","A","","","","",
"1012","PKL","PHI161300A","89042212","ANTIINFILTRACAO 150MM TIGRE","","","2026-01-20","0","0","17","17","UN","17","17","UN","0L","MM 0020, vendas, livre","BRL","1011.50","0","11:20:10","1","16","13","00","A","","","","",
"1012","PKL","PHI161300A","89042205","ANTIINFILTRACAO 100MM TIGRE","","","2025-09-16","0","0","11","11","UN","11","11","UN","0L","MM 0020, vendas, livre","BRL","242.11","0","13:51:14","1","16","13","00","A","","","","",
"1012","PKL","PHI161300A","89567926","CORPO CAIXA SIFONADA 150X185X75MM KRONA","","","2025-11-17","0","0","7","7","UN","7","7","UN","0L","MM 0020, vendas, livre","BRL","136.08","0","15:09:58","1","16","13","00","A","","","","",
"1012","PKL","PHI161300A","89567394","CAIXA SIFONADA QUAD BR 150X185X75MM KRON","","","2026-01-13","0","0","74","74","UN","74","74","UN","0L","MM 0020, vendas, livre","BRL","1972.10","0","12:04:35","1","16","13","00","A","","","","",
"1012","PKL","PHI161300A","89567380","CAIXA SIFONADA RED BR 150X150X50MM KRONA","","","2025-11-14","0","0","9","9","UN","9","9","UN","0L","MM 0020, vendas, livre","BRL","217.98","0","17:18:45","1","16","13","00","A","","","","",
"1012","PKL","PHI161300A","89565035","PAINEL PARA SHAFT 24X33CM ASTRA","","","2024-09-02","0","0","15","15","UN","15","15","UN","0L","MM 0020, vendas, livre","BRL","344.70","0","15:29:48","1","16","13","00","A","","","","",
"1012","PKL","PHI161300A","89785640","PORTA GRELHA RED/GR RED PT DN150 ESTRELA","","","2024-09-09","0","0","24","24","UN","24","24","UN","0L","MM 0020, vendas, livre","BRL","133.92","0","09:38:10","1","16","13","00","A","","","","",
"1012","PKL","PHI161300A","89789091","GRELHA ABRE FEC RED PVC PT DN150 ESTRELA","","","2025-09-25","0","0","118","118","UN","118","118","UN","0L","MM 0020, vendas, livre","BRL","864.94","0","11:35:50","1","16","13","00","A","","","","",
"1012","PKL","PHI161400A","89039902","CURVA 45 LONGA ESG SN PVC DN75 TIGRE","","","2024-09-18","0","0","10","10","UN","10","10","UN","0L","MM 0020, vendas, livre","BRL","261.00","0","09:47:18","1","16","14","00","A","","","","",
"1012","PKL","PHI161400A","89039965","CURVA 90 CURTA ESG SN PVC DN75 TIGRE","","","2025-10-18","0","0","4","4","UN","4","4","UN","0L","MM 0020, vendas, livre","BRL","81.40","0","12:13:16","1","16","14","00","A","","","","",
"1012","PKL","PHI161400A","89040000","CURVA 90 LONGA ESG SN PVC DN75 TIGRE","","","2024-10-22","0","0","5","5","UN","5","5","UN","0L","MM 0020, vendas, livre","BRL","183.00","0","16:24:06","1","16","14","00","A","","","","",
"1012","PKL","PHI161400A","89040084","JOELHO 45 ESG SN PVC DN75 TIGRE","","","2026-01-20","0","0","154","154","UN","154","154","UN","0L","MM 0020, vendas, livre","BRL","806.96","0","11:20:12","1","16","14","00","A","","","","",
"1012","PKL","PHI161400A","89040154","JOELHO 90 ESG SN PVC DN75 TIGRE","","","2026-01-29","0","0","181","181","UN","181","181","UN","0L","MM 0020, vendas, livre","BRL","819.93","0","11:28:15","1","16","14","00","A","","","","",
"1012","PKL","PHI161400A","89040210","JUNCAO SIMPLES ESG SN PVC DN75 TIGRE","","","2026-01-06","0","0","22","22","UN","22","22","UN","0L","MM 0020, vendas, livre","BRL","267.74","0","13:43:56","1","16","14","00","A","","","","",
"1012","PKL","PHI161400A","89040245","JUNCAO RED ESG SN PVC DN75X50 TIGRE","","","2024-09-18","0","0","15","15","UN","15","15","UN","0L","MM 0020, vendas, livre","BRL","97.80","0","09:32:47","1","16","14","00","A","","","","",
"1012","PKL","PHI161400A","89040315","LUVA CORRER ESG SN PVC DN75 TIGRE","","","2025-02-06","0","0","26","26","UN","26","26","UN","0L","MM 0020, vendas, livre","BRL","254.54","0","10:04:21","1","16","14","00","A","","","","",
"1012","PKL","PHI161400A","89040371","LUVA SIMPLES ESG SN PVC DN75 TIGRE","","","2026-01-06","0","0","78","78","UN","78","78","UN","0L","MM 0020, vendas, livre","BRL","343.98","0","13:43:59","1","16","14","00","A","","","","",
"1012","PKL","PHI161400A","89040441","REDUCAO EXC ESG SN PVC DN75X50 TIGRE","","","2025-10-02","0","0","27","27","UN","27","27","UN","0L","MM 0020, vendas, livre","BRL","134.73","0","06:49:26","1","16","14","00","A","","","","",
"1012","PKL","PHI161400A","89040511","TE ESG SN PVC DN75 TIGRE","","","2025-08-29","0","0","8","8","UN","8","8","UN","0L","MM 0020, vendas, livre","BRL","80.80","0","09:28:17","1","16","14","00","A","","","","",
"1012","PKL","PHI161400A","89040546","TE RED ESG SN PVC DN75X50 TIGRE","","","2026-01-06","0","0","11","11","UN","11","11","UN","0L","MM 0020, vendas, livre","BRL","156.20","0","13:43:55","1","16","14","00","A","","","","",
"1012","PKL","PHI161400A","89040616","TERMINAL VENTIL ESG SN PVC DN75 TIGRE","","","2024-09-18","0","0","4","4","UN","4","4","UN","0L","MM 0020, vendas, livre","BRL","57.04","0","09:38:09","1","16","14","00","A","","","","",
"1012","PKL","PHI161400A","89040651","TUBO ESG SN PVC 3M DN75 TIGRE","","","2026-01-14","0","0","66","66","UN","66","66","UN","0L","MM 0020, vendas, livre","BRL","3184.50","0","14:09:51","1","16","14","00","A","","","","",
"1012","PKL","PHI161400A","89043045","ANEL VED TUBOS ESG DN75 TIGRE","","","2025-11-28","0","0","305","305","UN","305","305","UN","0L","MM 0020, vendas, livre","BRL","381.25","0","14:41:21","1","16","14","00","A","","","","",
"1012","PKL","PHI161400A","89043570","JUNCAO DUPLA ESG SN PVC DN75 TIGRE","","","2025-10-02","0","0","17","17","UN","17","17","UN","0L","MM 0020, vendas, livre","BRL","266.90","0","06:49:26","1","16","14","00","A","","","","",
"1012","PKL","PHI161400A","89240585","TUBO ESG SN PVC 1M DN75 AMBARTECH-TIGRE","","","2025-08-21","0","0","14","14","UN","14","14","UN","0L","MM 0020, vendas, livre","BRL","297.64","0","15:35:50","1","16","14","00","A","","","","",
"1012","PKL","PHI161400A","89240592","TUBO ESG SN PVC 1M DN50 AMBARTECH-TIGRE","","","2025-12-07","0","0","7","7","UN","7","7","UN","0L","MM 0020, vendas, livre","BRL","100.45","0","16:15:28","1","16","14","00","A","","","","",
"1012","PKL","PHI161400A","89039860","CAP ESG SN PVC DN75 TIGRE","","","2025-10-02","0","0","1","1","UN","1","1","UN","0L","MM 0020, vendas, livre","BRL","6.62","0","06:49:26","1","16","14","00","A","","","","",
"1012","PKL","PHI161400A","89039853","CAP ESG SN PVC DN50 TIGRE","","","2025-11-11","0","0","15","15","UN","15","15","UN","0L","MM 0020, vendas, livre","BRL","56.55","0","13:47:05","1","16","14","00","A","","","","",
"1012","PKL","PHI161500A","89466804","RALO LINEAR GRELHA CEGA INOX 100CM EST","","","2025-11-14","0","0","15","15","UN","15","15","UN","0L","MM 0020, vendas, livre","BRL","2246.70","0","17:35:44","1","16","15","00","A","","","","",
"1012","PKL","PHI161500A","89466874","RALO LINEAR GRELHA INOX 50CM ESTRELA","","","2025-11-28","0","0","11","11","UN","11","11","UN","0L","MM 0020, vendas, livre","BRL","898.70","0","09:01:25","1","16","15","00","A","","","","",
"1012","PKL","PHI161500A","89466881","RALO LINEAR GRELHA INOX 100CM ESTRELA","","","2024-09-09","0","0","8","8","UN","8","8","UN","0L","MM 0020, vendas, livre","BRL","1062.48","0","09:40:14","1","16","15","00","A","","","","",
"1012","PKL","PHI161500A","89522615","RALO LINEAR INVISIVEL PREMIUM LAT 70CM","","","2025-02-07","0","0","6","6","UN","6","6","UN","0L","MM 0020, vendas, livre","BRL","840.54","0","15:59:55","1","16","15","00","A","","","","",
"1012","PKL","PHI161500A","89522832","RALO INVISIVEL QUAD BG 15X15CM ESTRELA","","","2026-01-30","0","0","1","1","UN","1","1","UN","0L","MM 0020, vendas, livre","BRL","31.46","0","10:15:21","1","16","15","00","A","","","","",
"1012","PKL","PHI161500A","89523182","RALO INVISIVEL QUAD CZ 15X15CM ESTRELA","","","2025-04-05","0","0","1","1","UN","1","1","UN","0L","MM 0020, vendas, livre","BRL","31.31","0","12:26:55","1","16","15","00","A","","","","",
"1012","PKL","PHI161500A","89670714","VALV RETENCAO PTA ESG SN DN50x40 ESTRELA","","","2026-01-30","0","0","48","48","UN","48","48","UN","0L","MM 0020, vendas, livre","BRL","823.68","0","10:15:21","1","16","15","00","A","","","","",
"1012","PKL","PHI161500A","89765753","RALO INVISIVEL QUAD BG 10X10CM ESTRELA","","","2026-01-30","0","0","20","20","UN","20","20","UN","0L","MM 0020, vendas, livre","BRL","472.40","0","10:15:25","1","16","15","00","A","","","","",
"1012","PKL","PHI161500A","89765760","RALO INVISIVEL QUAD BR 10X10CM ESTRELA","","","2026-01-30","0","0","20","20","UN","20","20","UN","0L","MM 0020, vendas, livre","BRL","472.20","0","10:15:25","1","16","15","00","A","","","","",
"1012","PKL","PHI161500A","89765774","RALO INVISIVEL QUAD CZ 10X10CM ESTRELA","","","2026-01-30","0","0","19","19","UN","19","19","UN","0L","MM 0020, vendas, livre","BRL","448.78","0","10:15:25","1","16","15","00","A","","","","",
"1012","PKL","PHI161500A","89765781","RALO INVISIVEL QUAD MR 10X10CM ESTRELA","","","2025-02-07","0","0","18","18","UN","18","18","UN","0L","MM 0020, vendas, livre","BRL","415.98","0","15:59:55","1","16","15","00","A","","","","",
"1012","PKL","PHI161500A","89765795","RALO INVISIVEL QUAD PT 10X10CM ESTRELA","","","2025-10-10","0","0","10","10","UN","10","10","UN","0L","MM 0020, vendas, livre","BRL","235.90","0","09:13:40","1","16","15","00","A","","","","",
"1012","PKL","PHI161500A","89699764","CAIXA SIFONADA QUAD BR 250X200MM ASTRA","","","2026-01-31","0","0","1","1","UN","1","1","UN","0L","MM 0020, vendas, livre","BRL","80.67","0","12:25:14","1","16","15","00","A","","","","",
"1012","PKL","PHI161500A","89699771","CAIXA SIFONADA QUAD BR 250X200MM ASTRA","","","2025-11-06","0","0","4","4","UN","4","4","UN","0L","MM 0020, vendas, livre","BRL","336.76","0","12:39:55","1","16","15","00","A","","","","",
"1012","PKL","PHI161500A","89407710","VALV RETENCAO MEIO ESG SN DN100 ESTRELA","","","2026-01-30","0","0","32","32","UN","32","32","UN","0L","MM 0020, vendas, livre","BRL","1226.88","0","10:15:21","1","16","15","00","A","","","","",
"1012","PKL","PHI161500A","89427506","RALO LINEAR INVISIVEL BR 50CM TIGRE","","","2025-12-22","0","0","11","11","UN","11","11","UN","0L","MM 0020, vendas, livre","BRL","983.18","0","14:15:12","1","16","15","00","A","","","","",
"1012","PKL","PHI161500A","89040763","VALV RETENCAO MEIO ESG SN DN150 TIGRE","","","2025-03-15","0","0","1","1","UN","1","1","UN","0L","MM 0020, vendas, livre","BRL","203.32","0","09:59:46","1","16","15","00","A","","","","",
"1012","PKL","PHI161500A","89042184","ANTIESPUMA DN100 TIGRE","","","2025-10-07","0","0","40","40","UN","40","40","UN","0L","MM 0020, vendas, livre","BRL","866.00","0","17:02:50","1","16","15","00","A","","","","",
"1012","PKL","PHI161500A","89042884","RALO LINEAR GRELHA BR 70CM TIGRE","","","2024-09-11","0","0","3","3","UN","3","3","UN","0L","MM 0020, vendas, livre","BRL","264.27","0","10:05:06","1","16","15","00","A","","","","",
"1012","PKL","PHI161500A","89042933","RALO LINEAR GRELHA BR 90CM TIGRE","","","2025-10-02","0","0","3","3","UN","3","3","UN","0L","MM 0020, vendas, livre","BRL","253.92","0","06:49:26","1","16","15","00","A","","","","",
"1012","PKL","PHI161500A","89043752","ADAPT RALO LINEAR CX SIF DN100","","","2024-09-17","0","0","7","7","UN","7","7","UN","0L","MM 0020, vendas, livre","BRL","94.15","0","17:05:41","1","16","15","00","A","","","","",
"1012","PKL","PHI161500A","89043766","ADAPT RALO LINEAR CX SIF DN150","","","2025-10-02","0","0","11","11","UN","11","11","UN","0L","MM 0020, vendas, livre","BRL","171.93","0","06:49:26","1","16","15","00","A","","","","",
"1012","PKL","PHI161500A","89800501","RALO LINEAR GRELHA CR 70CM","","","2025-12-12","0","0","1","1","UN","1","1","UN","0L","MM 0020, vendas, livre","BRL","123.61","0","09:00:01","1","16","15","00","A","","","","",
"1012","PKL","PHI161500A","89800494","RALO LINEAR GRELHA CEGA BR 70CM","","","2026-01-28","0","0","5","5","UN","5","5","UN","0L","MM 0020, vendas, livre","BRL","363.20","0","08:40:49","1","16","15","00","A","","","","",
"1012","PKL","PHI161500A","89800480","RALO LINEAR GRELHA BR 70CM","","","2026-01-09","0","0","2","2","UN","2","2","UN","0L","MM 0020, vendas, livre","BRL","121.18","0","09:53:59","1","16","15","00","A","","","","",
"1012","PKL","PHI161500A","89800382","RALO LINEAR GRELHA CEGA BR 50CM","","","2025-12-12","0","0","1","1","UN","1","1","UN","0L","MM 0020, vendas, livre","BRL","62.72","0","08:59:59","1","16","15","00","A","","","","",
"1012","PKL","PHI161500A","89634125","RALO LINEAR INVISIVEL BR 90CM ESTRELA","","","2025-10-10","0","0","8","8","UN","8","8","UN","0L","MM 0020, vendas, livre","BRL","688.00","0","09:13:40","1","16","15","00","A","","","","",
"1012","PKL","PHI161500A","89634076","RALO INVISIVEL QUAD PT 15X15CM ESTRELA","","","2026-01-30","0","0","18","18","UN","18","18","UN","0L","MM 0020, vendas, livre","BRL","560.70","0","10:15:25","1","16","15","00","A","","","","",
"1012","PKL","PHI161500A","89634062","RALO INVISIVEL QUAD MR 15X15CM ESTRELA","","","2025-10-25","0","0","28","28","UN","28","28","UN","0L","MM 0020, vendas, livre","BRL","776.44","0","11:05:35","1","16","15","00","A","","","","",
"1012","PKL","PHI161500A","89282361","RALO LINEAR GRELHA BR 50CM TIGRE","","","2025-06-24","0","0","4","4","UN","4","4","UN","0L","MM 0020, vendas, livre","BRL","337.88","0","15:43:51","1","16","15","00","A","","","","",
"1012","PKL","PHI161500A","89282375","RALO LINEAR GRELHA CZ 50CM TIGRE","","","2025-10-02","0","0","11","11","UN","11","11","UN","0L","MM 0020, vendas, livre","BRL","792.00","0","06:49:26","1","16","15","00","A","","","","",
"1012","PKL","PHI161500A","89717691","RALO INVISIVEL SIF QUAD ABS CZ ODEM","","","2025-10-02","0","0","1","1","UN","1","1","UN","0L","MM 0020, vendas, livre","BRL","59.32","0","06:49:26","1","16","15","00","A","","","","",
"1012","PKL","PHI161600A","89039874","CAP ESG SN PVC DN100 TIGRE","","","2025-10-10","0","0","27","27","UN","27","27","UN","0L","MM 0020, vendas, livre","BRL","164.70","0","11:25:10","1","16","16","00","A","","","","",
"1012","PKL","PHI161600A","89040161","JOELHO 90 ESG SN PVC DN100 TIGRE","","","2026-01-28","0","0","92","92","UN","92","92","UN","0L","MM 0020, vendas, livre","BRL","497.72","0","17:29:52","1","16","16","00","A","","","","",
"1012","PKL","PHI161600A","89040273","JUNCAO RED ESG SN PVC DN100X75 TIGRE","","","2025-10-09","0","0","29","29","UN","29","29","UN","0L","MM 0020, vendas, livre","BRL","443.12","0","16:22:45","1","16","16","00","A","","","","",
"1012","PKL","PHI161600A","89040322","LUVA CORRER ESG SN PVC DN100 TIGRE","","","2026-01-23","0","0","53","53","UN","53","53","UN","0L","MM 0020, vendas, livre","BRL","621.16","0","13:55:49","1","16","16","00","A","","","","",
"1012","PKL","PHI161600A","89040371","LUVA SIMPLES ESG SN PVC DN75 TIGRE","","","2026-01-14","0","0","3","3","UN","3","3","UN","0L","MM 0020, vendas, livre","BRL","13.23","0","14:09:51","1","16","16","00","A","","","","",
"1012","PKL","PHI161600A","89040455","REDUCAO EXC ESG SN PVC DN100X50 TIGRE","","","2025-12-19","0","0","108","108","UN","108","108","UN","0L","MM 0020, vendas, livre","BRL","629.64","0","18:40:05","1","16","16","00","A","","","","",
"1012","PKL","PHI161600A","89040525","TE ESG SN PVC DN100 TIGRE","","","2026-01-16","0","0","60","60","UN","60","60","UN","0L","MM 0020, vendas, livre","BRL","642.60","0","11:46:41","1","16","16","00","A","","","","",
"1012","PKL","PHI161600A","89040546","TE RED ESG SN PVC DN75X50 TIGRE","","","2026-01-14","0","0","3","3","UN","3","3","UN","0L","MM 0020, vendas, livre","BRL","42.60","0","14:09:51","1","16","16","00","A","","","","",
"1012","PKL","PHI161600A","89040560","TE RED ESG SN PVC DN100X75 TIGRE","","","2026-01-20","0","0","24","24","UN","24","24","UN","0L","MM 0020, vendas, livre","BRL","295.20","0","11:20:12","1","16","16","00","A","","","","",
"1012","PKL","PHI161600A","89040595","TE INSPECAO ESG SN PVC DN100X75 TIGRE","","","2026-01-06","0","0","9","9","UN","9","9","UN","0L","MM 0020, vendas, livre","BRL","296.10","0","13:43:44","1","16","16","00","A","","","","",
"1012","PKL","PHI161600A","89040623","TERMINAL VENTIL ESG SN PVC DN100 TIGRE","","","2026-01-06","0","0","4","4","UN","4","4","UN","0L","MM 0020, vendas, livre","BRL","74.88","0","13:43:46","1","16","16","00","A","","","","",
"1012","PKL","PHI161600A","89040665","TUBO ESG SN PVC 3M DN100 TIGRE","","","2026-01-06","0","0","68","68","UN","68","68","UN","0L","MM 0020, vendas, livre","BRL","2809.08","0","13:44:22","1","16","16","00","A","","","","",
"1012","PKL","PHI161600A","89111953","ANEL VED TUBOS ESG DN100 TIGRE","","","2026-01-06","0","0","1265","1265","UN","1265","1265","UN","0L","MM 0020, vendas, livre","BRL","1771.00","0","13:43:46","1","16","16","00","A","","","","",
"1012","PKL","PHI180100A","89458593","REG PRESS BRUTO 1400 1/2 BOGNAR","","","2025-11-22","0","0","4","4","UN","4","4","UN","0L","MM 0020, vendas, livre","BRL","118.00","0","11:57:16","1","18","01","00","A","","","","",
"1012","PKL","PHI180100A","89458600","REG PRESS BRUTO 1400 3/4 BOGNAR","","","2025-10-02","0","0","23","23","UN","23","23","UN","0L","MM 0020, vendas, livre","BRL","702.88","0","06:49:26","1","18","01","00","A","","","","",
"1012","PKL","PHI180100A","89458621","KIT SALVA REGISTRO 7X1 BOGNAR","","","2026-02-01","0","0","1","1","UN","1","1","UN","0L","MM 0020, vendas, livre","BRL","50.57","0","15:50:56","1","18","01","00","A","","","","",
"1012","PKL","PHI180100A","89598670","CONVERS REG PRESS GAV FABRIMAR P/ DECA","","","2025-12-09","0","0","37","37","UN","37","37","UN","0L","MM 0020, vendas, livre","BRL","425.13","0","11:01:28","1","18","01","00","A","","","","",
"1012","PKL","PHI180100A","89610500","REPARO MVS REG PRESS N07 CAST DOCOL FURK","","","2026-01-30","0","0","12","12","UN","12","12","UN","0L","MM 0020, vendas, livre","BRL","266.76","0","13:42:54","1","18","01","00","A","","","","",
"1012","PKL","PHI180100A","89610514","REPARO MVS REG PRESS N12 DECA FURKIN","","","2025-08-28","0","0","15","15","UN","15","15","UN","0L","MM 0020, vendas, livre","BRL","315.15","0","08:43:17","1","18","01","00","A","","","","",
"1012","PKL","PHI180100A","89673752","REPARO MVS REG PRESS N06 DECA ORIENTE FU","","","2025-11-06","0","0","2","2","UN","2","2","UN","0L","MM 0020, vendas, livre","BRL","34.18","0","18:35:03","1","18","01","00","A","","","","",
"1012","PKL","PHI180100A","89911836","REG DE PRESSAO 1/2 ACABAMENTO NOVA GYRO","","","2026-02-02","0","0","18","18","UN","18","18","UN","0L","MM 0020, vendas, livre","BRL","947.16","0","08:21:20","1","18","01","00","A","","","","",
"1012","PKL","PHI180100A","89720176","BASE MONO P/ CHUV AP 1/2 3/4 DOCOL","","","2026-01-06","0","0","1","1","UN","1","1","UN","0L","MM 0020, vendas, livre","BRL","220.78","0","13:36:31","1","18","01","00","A","","","","",
"1012","PKL","PHI180100A","89720232","BASE REG PRESS MVS 3/4 1416 PERTUTTI DOC","","","2025-10-02","0","0","26","26","UN","26","26","UN","0L","MM 0020, vendas, livre","BRL","1778.92","0","06:49:26","1","18","01","00","A","","","","",
"1012","PKL","PHI180100A","89720246","BASE REG PRESS MVS 1/2 4416 DOCOL","","","2025-12-16","0","0","63","63","UN","63","63","UN","0L","MM 0020, vendas, livre","BRL","2310.84","0","12:26:08","1","18","01","00","A","","","","",
"1012","PKL","PHI180100A","89720253","BASE REG PRESS MVS 3/4 4416 DOCOL","","","2026-01-30","0","0","9","9","UN","9","9","UN","0L","MM 0020, vendas, livre","BRL","293.58","0","15:37:36","1","18","01","00","A","","","","",
"1012","PKL","PHI180100A","89720260","BASE MONO P/ DUCHA HIG BP/AP 1/2 3/4 DOC","","","2025-06-17","0","0","15","15","UN","15","15","UN","0L","MM 0020, vendas, livre","BRL","5397.00","0","08:49:45","1","18","01","00","A","","","","",
"1012","PKL","PHI180100A","89688823","REG PRESS BRUTO 1416 1/2 FURKIN","","","2025-10-02","0","0","15","15","UN","15","15","UN","0L","MM 0020, vendas, livre","BRL","717.90","0","06:49:26","1","18","01","00","A","","","","",
"1012","PKL","PHI180100A","89688830","REG PRESS BRUTO 1416 3/4 FURKIN","","","2025-05-02","0","0","1","1","UN","1","1","UN","0L","MM 0020, vendas, livre","BRL","49.74","0","14:29:51","1","18","01","00","A","","","","",
"1012","PKL","PHI180100A","89403342","ANEL VED REGISTRO NBR KIT CENSI","","","2025-12-04","0","0","45","45","UN","45","45","UN","0L","MM 0020, vendas, livre","BRL","152.10","0","13:58:57","1","18","01","00","A","","","","",
"1012","PKL","PHI180100A","89052152","REPARO MVS REG GAV N106 3/4 DECA BLUKIT","","","2026-02-01","0","0","1","1","UN","1","1","UN","0L","MM 0020, vendas, livre","BRL","67.89","0","17:10:53","1","18","01","00","A","","","","",
"1012","PKL","PHI180100A","89052943","REPARO MVS REG PRESS N07 CAST LORENZETTI","","","2024-09-16","0","0","7","7","UN","7","7","UN","0L","MM 0020, vendas, livre","BRL","230.65","0","10:35:34","1","18","01","00","A","","","","",
"1012","PKL","PHI180100A","89052964","REPARO MVC REG PRESS N12 1/4V DECA BLUKT","","","2025-11-03","0","0","23","23","UN","23","23","UN","0L","MM 0020, vendas, livre","BRL","1620.35","0","11:38:19","1","18","01","00","A","","","","",
"1012","PKL","PHI180100A","89052971","REPARO MVC REG PRESS N07 1/4V DOCOL BLUK","","","2025-05-09","0","0","28","28","UN","28","28","UN","0L","MM 0020, vendas, livre","BRL","1884.96","0","13:33:18","1","18","01","00","A","","","","",
"1012","PKL","PHI180100A","89103140","BASE REG PRESS MVS 1/2 4416 DECA","","","2025-12-02","0","0","188","188","UN","188","188","UN","0L","MM 0020, vendas, livre","BRL","7655.36","0","14:39:53","1","18","01","00","A","","","","",
"1012","PKL","PHI180100A","89103154","BASE REG PRESS MVS 3/4 4416 DECA","","","2026-01-15","0","0","276","276","UN","276","276","UN","0L","MM 0020, vendas, livre","BRL","10057.44","0","12:47:38","1","18","01","00","A","","","","",
"1012","PKL","PHI180100A","89103175","BASE REG PRESS MVS 4416 CPVC 22MM DECA","","","2025-03-08","0","0","41","41","UN","41","41","UN","0L","MM 0020, vendas, livre","BRL","2924.12","0","19:10:32","1","18","01","00","A","","","","",
"1012","PKL","PHI180100A","89103280","REG PRESS BRUTO 1416 1/2 DECA","","","2026-01-26","0","0","47","47","UN","47","47","UN","0L","MM 0020, vendas, livre","BRL","3762.35","0","13:49:54","1","18","01","00","A","","","","",
"1012","PKL","PHI180100A","89103294","REG PRESS BRUTO 1416 3/4 DECA","","","2025-07-07","0","0","93","93","UN","93","93","UN","0L","MM 0020, vendas, livre","BRL","8258.40","0","19:23:18","1","18","01","00","A","","","","",
"1012","PKL","PHI180100A","89103420","VALV ESFERA BRUTO 1552 3/4 DECA","","","2025-12-23","0","0","41","41","UN","41","41","UN","0L","MM 0020, vendas, livre","BRL","2034.83","0","12:29:58","1","18","01","00","A","","","","",
"1012","PKL","PHI180100A","89103434","VALV ESFERA BRUTO 1552 1 DECA","","","2025-11-21","0","0","1","1","UN","1","1","UN","0L","MM 0020, vendas, livre","BRL","69.52","0","09:51:18","1","18","01","00","A","","","","",
"1012","PKL","PHI180100A","89106101","BASE REG PRESS MVS 1/2 1416 FORUSI","","","2026-01-30","0","0","94","94","UN","94","94","UN","0L","MM 0020, vendas, livre","BRL","1742.76","0","12:02:54","1","18","01","00","A","","","","",
"1012","PKL","PHI180100A","89106115","BASE REG PRESS MVS 3/4 1416 FORUSI","","","2026-01-30","0","0","168","168","UN","168","168","UN","0L","MM 0020, vendas, livre","BRL","3538.08","0","08:57:03","1","18","01","00","A","","","","",
"1012","PKL","PHI180100A","89278413","KIT REDUTOR DE VAZAO BLUKIT","","","2025-11-03","0","0","129","129","UN","129","129","UN","0L","MM 0020, vendas, livre","BRL","387.00","0","11:38:19","1","18","01","00","A","","","","",
"1012","PKL","PHI180100A","89278644","REPARO MVS REG PRESS N07 CAST DOCOL BLUK","","","2024-09-16","0","0","9","9","UN","9","9","UN","0L","MM 0020, vendas, livre","BRL","325.26","0","10:35:34","1","18","01","00","A","","","","",
"1012","PKL","PHI180100A","89278721","CASTELO REG PRESS DECA N12 25CM 1/2 BLUK","","","2024-09-16","0","0","11","11","UN","11","11","UN","0L","MM 0020, vendas, livre","BRL","183.15","0","10:35:34","1","18","01","00","A","","","","",
"1012","PKL","PHI180100A","89292581","CONVERS REG PRESS DECA E TINCO P/ DOCOL","","","2025-05-09","0","0","6","6","UN","6","6","UN","0L","MM 0020, vendas, livre","BRL","62.82","0","13:33:18","1","18","01","00","A","","","","",
"1012","PKL","PHI180100A","89292595","CONVERS REG PRESS GAV DOCOL P/ DECA BLUK","","","2025-12-15","0","0","30","30","UN","30","30","UN","0L","MM 0020, vendas, livre","BRL","258.90","0","20:44:02","1","18","01","00","A","","","","",
"1012","PKL","PHI180100A","89333132","PROLONG REG DECA LATAO 20MM BLUKIT","","","2025-11-29","0","0","37","37","UN","37","37","UN","0L","MM 0020, vendas, livre","BRL","878.01","0","15:12:24","1","18","01","00","A","","","","",
"1012","PKL","PHI180100A","89759425","BASE REG PRESS 3/4 1416 METAL MAX C40","","","2026-01-27","0","0","10","10","UN","10","10","UN","0L","MM 0020, vendas, livre","BRL","372.40","0","13:50:22","1","18","01","00","A","","","","",
"1012","PKL","PHI180100A","89739440","REPARO MVS REG PRESS N48 TINCO FURKIN","","","2025-08-28","0","0","25","25","UN","25","25","UN","0L","MM 0020, vendas, livre","BRL","678.00","0","08:43:17","1","18","01","00","A","","","","",
"1012","PKL","PHI180100A","89443431","REPARO MVS REG PRESS N29 FORUSI BLUKIT","","","2025-06-25","0","0","18","18","UN","18","18","UN","0L","MM 0020, vendas, livre","BRL","882.54","0","13:08:48","1","18","01","00","A","","","","",
"1012","PKL","PHI180100A","89443571","ESTRIA PROLONGADORA REG DECA 40MM BLUKIT","","","2025-08-17","0","0","37","37","UN","37","37","UN","0L","MM 0020, vendas, livre","BRL","515.78","0","11:59:17","1","18","01","00","A","","","","",
"1012","PKL","PHI180100A","89451180","VALV RETENCAO FUNDO POCO 1 EMMETI","","","2025-12-17","0","0","2","2","UN","2","2","UN","0L","MM 0020, vendas, livre","BRL","44.70","0","15:16:09","1","18","01","00","A","","","","",
"1012","PKL","PHI180100A","89451194","VALV RETENCAO FUNDO POCO 1.1/2 EMMETI","","","2026-01-16","0","0","5","5","UN","5","5","UN","0L","MM 0020, vendas, livre","BRL","240.00","0","16:11:15","1","18","01","00","A","","","","",
"1012","PKL","PHI180100A","89451222","VALV RETENCAO FUNDO POCO 1/2 EMMETI","","","2025-12-17","0","0","14","14","UN","14","14","UN","0L","MM 0020, vendas, livre","BRL","154.42","0","15:16:09","1","18","01","00","A","","","","",
"1012","PKL","PHI180100A","89451250","VALV RETENCAO PORT HORIZ 1 EMMETI","","","2026-01-08","0","0","23","23","UN","23","23","UN","0L","MM 0020, vendas, livre","BRL","939.09","0","10:33:29","1","18","01","00","A","","","","",
"1012","PKL","PHI180100A","89451264","VALV RETENCAO PORT HORIZ 1.1/2 EMMETI","","","2026-01-08","0","0","8","8","UN","8","8","UN","0L","MM 0020, vendas, livre","BRL","826.88","0","10:33:29","1","18","01","00","A","","","","",
"1012","PKL","PHI180100A","89451292","VALV RETENCAO PORT HORIZ 2 EMMETI","","","2025-12-21","0","0","1","1","UN","1","1","UN","0L","MM 0020, vendas, livre","BRL","118.38","0","11:06:20","1","18","01","00","A","","","","",
"1012","PKL","PHI180100A","89451313","VALV RETENCAO PORT HORIZ 3/4 EMMETI","","","2026-01-16","0","0","11","11","UN","11","11","UN","0L","MM 0020, vendas, livre","BRL","338.36","0","15:55:58","1","18","01","00","A","","","","",
"1012","PKL","PHI180100A","89451334","VALV RETENCAO VERTICAL 1 EMMETI","","","2026-01-27","0","0","47","47","UN","47","47","UN","0L","MM 0020, vendas, livre","BRL","1662.86","0","13:40:05","1","18","01","00","A","","","","",
"1012","PKL","PHI180100A","89451404","VALV FILTRO Y 1 EMMETI","","","2026-01-16","0","0","5","5","UN","5","5","UN","0L","MM 0020, vendas, livre","BRL","130.00","0","16:11:15","1","18","01","00","A","","","","",
"1012","PKL","PHI180100A","89451572","VALV ESF FF BSP PN25 ALAV 1 EMMETI","","","2026-01-16","0","0","42","42","UN","42","42","UN","0L","MM 0020, vendas, livre","BRL","1330.56","0","16:11:15","1","18","01","00","A","","","","",
"1012","PKL","PHI180100A","89451586","VALV ESF FF BSP PN25 ALAV 1.1/2 EMMETI","","","2025-12-12","0","0","11","11","UN","11","11","UN","0L","MM 0020, vendas, livre","BRL","605.66","0","15:18:16","1","18","01","00","A","","","","",
"1012","PKL","PHI180100A","89451600","VALV ESF FF BSP PN25 ALAV 1/4 EMMETI","","","2026-01-16","0","0","27","27","UN","27","27","UN","0L","MM 0020, vendas, livre","BRL","320.22","0","15:55:58","1","18","01","00","A","","","","",
"1012","PKL","PHI180100A","89451614","VALV ESF FF BSP PN25 ALAV 2 EMMETI","","","2026-01-08","0","0","21","21","UN","21","21","UN","0L","MM 0020, vendas, livre","BRL","2343.81","0","10:33:31","1","18","01","00","A","","","","",
"1012","PKL","PHI180100A","89451621","VALV ESF FF BSP PN25 ALAV 3/4 EMMETI","","","2026-01-11","0","0","127","127","UN","127","127","UN","0L","MM 0020, vendas, livre","BRL","2438.40","0","10:24:33","1","18","01","00","A","","","","",
"1012","PKL","PHI180100A","89537224","BASE REG PRESS MVS 1/2 1416 FABRIMAR","","","2026-01-17","0","0","15","15","UN","15","15","UN","0L","MM 0020, vendas, livre","BRL","475.05","0","14:36:40","1","18","01","00","A","","","","",
"1012","PKL","PHI180100A","89537546","REPARO MVS REG PRESS N19 FABRIMAR BLUKIT","","","2026-01-28","0","0","16","16","UN","16","16","UN","0L","MM 0020, vendas, livre","BRL","625.60","0","09:17:53","1","18","01","00","A","","","","",
"1012","PKL","PHI180100A","89540353","BASE REG PRESS 1/2 1416 PLAST C40 BOGNAR","","","2025-10-02","0","0","23","23","UN","23","23","UN","0L","MM 0020, vendas, livre","BRL","1137.81","0","06:49:26","1","18","01","00","A","","","","",
"1012","PKL","PHI180100A","89540360","BASE REG PRESS 1/2 1416 METAL C31 BOGNAR","","","2026-01-17","0","0","8","8","UN","8","8","UN","0L","MM 0020, vendas, livre","BRL","478.96","0","11:00:39","1","18","01","00","A","","","","",
"1012","PKL","PHI180100A","89540654","REPARO TORN M19 BOGNAR","","","2025-06-10","0","0","15","15","UN","15","15","UN","0L","MM 0020, vendas, livre","BRL","198.15","0","08:07:44","1","18","01","00","A","","","","",
"1012","PKL","PHI180200A","89289655","JOELHO 45 SOLD 20MM FORTLEV","","","2026-01-30","0","0","714","714","UN","714","714","UN","0L","MM 0020, vendas, livre","BRL","514.08","0","10:54:02","1","18","02","00","A","","","","",
"1012","PKL","PHI180200A","89289606","CURVA 90 SOLD 20MM FORTLEV","","","2026-01-14","0","0","221","221","UN","221","221","UN","0L","MM 0020, vendas, livre","BRL","358.02","0","14:29:08","1","18","02","00","A","","","","",
"1012","PKL","PHI180200A","89289550","CAP SOLD 20MM FORTLEV","","","2025-12-11","0","0","638","638","UN","638","638","UN","0L","MM 0020, vendas, livre","BRL","325.38","0","17:32:31","1","18","02","00","A","","","","",
"1012","PKL","PHI180200A","89289494","BUCHA RED SOLD CURTA 25X20MM FORTLEV","","","2026-01-09","0","0","1034","1034","UN","1034","1034","UN","0L","MM 0020, vendas, livre","BRL","289.52","0","09:48:39","1","18","02","00","A","","","","",
"1012","PKL","PHI180200A","89290285","ADAPT SOLD CURTO 20MMX1/2 FORTLEV","","","2026-01-17","0","0","648","648","UN","648","648","UN","0L","MM 0020, vendas, livre","BRL","259.20","0","14:36:40","1","18","02","00","A","","","","",
"1012","PKL","PHI180200A","89289312","TE SOLD LR 25MMX3/4 FORTLEV","","","2025-12-11","0","0","21","21","UN","21","21","UN","0L","MM 0020, vendas, livre","BRL","52.08","0","17:32:31","1","18","02","00","A","","","","",
"1012","PKL","PHI180200A","89288066","LUVA SOLD TAPA FURO 20MM ESTRELA","","","2025-11-14","0","0","8","8","UN","8","8","UN","0L","MM 0020, vendas, livre","BRL","54.64","0","17:35:39","1","18","02","00","A","","","","",
"1012","PKL","PHI180200A","89233935","SOLUCAO LIMPADORA FRASCO 800ML PULVITEC","","","2026-01-19","0","0","6","6","UN","6","6","UN","0L","MM 0020, vendas, livre","BRL","132.36","0","18:41:40","1","18","02","00","A","","","","",
"1012","PKL","PHI180200A","89208763","UNIAO SOLD 25MM FORTLEV","","","2026-01-18","0","0","628","628","UN","628","628","UN","0L","MM 0020, vendas, livre","BRL","3234.20","0","15:59:42","1","18","02","00","A","","","","",
"1012","PKL","PHI180200A","89208756","UNIAO SOLD 20MM FORTLEV","","","2026-01-09","0","0","265","265","UN","265","265","UN","0L","MM 0020, vendas, livre","BRL","1118.30","0","09:48:39","1","18","02","00","A","","","","",
"1012","PKL","PHI180200A","89208735","TE SOLD LR 25MMX1/2 FORTLEV","","","2026-01-18","0","0","82","82","UN","82","82","UN","0L","MM 0020, vendas, livre","BRL","214.02","0","15:53:38","1","18","02","00","A","","","","",
"1012","PKL","PHI180200A","89208721","TE SOLD LR 20MMX1/2 FORTLEV","","","2025-12-11","0","0","15","15","UN","15","15","UN","0L","MM 0020, vendas, livre","BRL","30.30","0","17:32:33","1","18","02","00","A","","","","",
"1012","PKL","PHI180200A","89208686","CURVA TRANSPOSICAO SOLD 20MM FORTLEV","","","2025-11-14","0","0","438","438","UN","438","438","UN","0L","MM 0020, vendas, livre","BRL","1449.78","0","20:24:14","1","18","02","00","A","","","","",
"1012","PKL","PHI180200A","89208630","CURVA 45 SOLD 20MM FORTLEV","","","2026-01-30","0","0","18","18","UN","18","18","UN","0L","MM 0020, vendas, livre","BRL","32.58","0","20:19:50","1","18","02","00","A","","","","",
"1012","PKL","PHI180200A","89208406","LUVA SOLD LR 25MMX1/2 FORTLEV","","","2025-11-07","0","0","51","51","UN","51","51","UN","0L","MM 0020, vendas, livre","BRL","50.49","0","12:16:16","1","18","02","00","A","","","","",
"1012","PKL","PHI180200A","89208336","LUVA CORRER SOLD 20MM FORTLEV","","","2025-12-19","0","0","61","61","UN","61","61","UN","0L","MM 0020, vendas, livre","BRL","384.91","0","09:57:13","1","18","02","00","A","","","","",
"1012","PKL","PHI180200A","89207300","ADAPT ANEL SOLD CX DAGUA 20MM FORTLEV","","","2025-12-11","0","0","10","10","UN","10","10","UN","0L","MM 0020, vendas, livre","BRL","58.30","0","17:32:31","1","18","02","00","A","","","","",
"1012","PKL","PHI180200A","89208371","TUBO SOLD AF PVC 3M 20MM FORTLEV","","","2026-01-13","0","0","180","180","UN","180","180","UN","0L","MM 0020, vendas, livre","BRL","1150.20","0","08:30:07","1","18","02","00","A","","","","",
"1012","PKL","PHI180200A","89289711","JOELHO 90 SOLD 20MM FORTLEV","","","2025-12-11","0","0","127","127","UN","127","127","UN","0L","MM 0020, vendas, livre","BRL","35.56","0","17:32:32","1","18","02","00","A","","","","",
"1012","PKL","PHI180200A","89289760","JOELHO 90 SOLD LR 20MMX1/2 FORTLEV","","","2026-01-22","0","0","157","157","UN","157","157","UN","0L","MM 0020, vendas, livre","BRL","158.57","0","10:49:55","1","18","02","00","A","","","","",
"1012","PKL","PHI180200A","89289795","LUVA SOLD 20MM FORTLEV","","","2026-01-30","0","0","1714","1714","UN","1714","1714","UN","0L","MM 0020, vendas, livre","BRL","479.92","0","10:54:02","1","18","02","00","A","","","","",
"1012","PKL","PHI180200A","89289865","LUVA SOLD LR 20MMX1/2 FORTLEV","","","2026-01-30","0","0","516","516","UN","516","516","UN","0L","MM 0020, vendas, livre","BRL","381.84","0","10:54:02","1","18","02","00","A","","","","",
"1012","PKL","PHI180200A","89289872","LUVA RED SOLD 25X20MM FORTLEV","","","2025-11-21","0","0","223","223","UN","223","223","UN","0L","MM 0020, vendas, livre","BRL","211.85","0","16:20:49","1","18","02","00","A","","","","",
"1012","PKL","PHI180200A","89289893","TE SOLD 20MM FORTLEV","","","2026-01-13","0","0","471","471","UN","471","471","UN","0L","MM 0020, vendas, livre","BRL","235.50","0","08:30:07","1","18","02","00","A","","","","",
"1012","PKL","PHI180200A","89289956","TE RED SOLD 25X20MM FORTLEV","","","2026-01-16","0","0","135","135","UN","135","135","UN","0L","MM 0020, vendas, livre","BRL","305.10","0","14:57:33","1","18","02","00","A","","","","",
"1012","PKL","PHI180200A","89289984","JOELHO 90 SOLD BC LT AZ 20MMX1/2 FORTLEV","","","2026-01-30","0","0","355","355","UN","355","355","UN","0L","MM 0020, vendas, livre","BRL","951.40","0","20:19:50","1","18","02","00","A","","","","",
"1012","PKL","PHI180200A","89290005","JOELHO 90 SOLD BC LT AZ 25MMX3/4 FORTLEV","","","2026-01-26","0","0","38","38","UN","38","38","UN","0L","MM 0020, vendas, livre","BRL","156.56","0","13:49:54","1","18","02","00","A","","","","",
"1012","PKL","PHI180200A","89290012","LUVA SOLD BUCHA LT AZ 20MMX1/2 FORTLEV","","","2026-01-14","0","0","197","197","UN","197","197","UN","0L","MM 0020, vendas, livre","BRL","512.20","0","14:29:08","1","18","02","00","A","","","","",
"1012","PKL","PHI180200A","89290054","TE SOLD BUCHA LT AZ 20MMX1/2 FORTLEV","","","2026-01-26","0","0","127","127","UN","127","127","UN","0L","MM 0020, vendas, livre","BRL","525.78","0","12:38:25","1","18","02","00","A","","","","",
"1012","PKL","PHI180200A","89289382","JOELHO 90 SOLD LR 25MMX1/2 FORTLEV","","","2026-02-02","0","0","458","458","UN","458","458","UN","0L","MM 0020, vendas, livre","BRL","535.86","0","11:08:06","1","18","02","00","A","","","","",
"1012","PKL","PHI180200A","89289340","ADAPT SOLD CURTO 25MMX3/4 FORTLEV","","","2026-02-02","0","0","639","639","UN","639","639","UN","0L","MM 0020, vendas, livre","BRL","261.99","0","11:08:06","1","18","02","00","A","","","","",
"1012","PKL","PHI180200A","89289354","CAP SOLD 25MM FORTLEV","","","2025-12-29","0","0","1027","1027","UN","1027","1027","UN","0L","MM 0020, vendas, livre","BRL","718.90","0","12:42:22","1","18","02","00","A","","","","",
"1012","PKL","PHI180200A","89300043","FITA VEDA ROSCA 18MMX10M FIRLON","","","2025-09-12","0","0","200","200","UN","200","200","UN","0L","MM 0020, vendas, livre","BRL","258.00","0","08:38:03","1","18","02","00","A","","","","",
"1012","PKL","PHI180200A","89300050","FITA VEDA ROSCA 18MMX25M FIRLON","","","2026-01-16","0","0","231","231","UN","231","231","UN","0L","MM 0020, vendas, livre","BRL","582.12","0","11:09:45","1","18","02","00","A","","","","",
"1012","PKL","PHI180200A","89300064","FITA VEDA ROSCA 18MMX50M FIRLON","","","2026-01-30","0","0","97","97","UN","97","97","UN","0L","MM 0020, vendas, livre","BRL","414.19","0","10:39:12","1","18","02","00","A","","","","",
"1012","PKL","PHI180200A","89300071","FITA VEDA ROSCA 12MMX25M FIRLON","","","2026-01-30","0","0","257","257","UN","257","257","UN","0L","MM 0020, vendas, livre","BRL","480.59","0","10:39:12","1","18","02","00","A","","","","",
"1012","PKL","PHI180200A","89829285","TAPA FURO TE ROSCA AZ 25MM X 1\2 ESTRELA","","","2024-12-06","0","0","86","86","UN","86","86","UN","0L","MM 0020, vendas, livre","BRL","919.34","0","16:27:31","1","18","02","00","A","","","","",
"1012","PKL","PHI180200A","89466790","TE SOLD LIGA FACIL 20MM ESTRELA","","","2025-03-31","0","0","13","13","UN","13","13","UN","0L","MM 0020, vendas, livre","BRL","80.34","0","14:33:54","1","18","02","00","A","","","","",
"1012","PKL","PHI180200A","89565336","BUCHA RED ROSC 3/4X1/2 KRONA","","","2026-01-14","0","0","367","367","UN","367","367","UN","0L","MM 0020, vendas, livre","BRL","220.20","0","15:48:44","1","18","02","00","A","","","","",
"1012","PKL","PHI180200A","89565392","CAP ROSC 1/2 KRONA","","","2025-09-16","0","0","150","150","UN","150","150","UN","0L","MM 0020, vendas, livre","BRL","150.00","0","09:05:39","1","18","02","00","A","","","","",
"1012","PKL","PHI180200A","89565420","JOELHO 45 ROSC 1/2 KRONA","","","2026-01-02","0","0","296","296","UN","296","296","UN","0L","MM 0020, vendas, livre","BRL","979.76","0","15:15:12","1","18","02","00","A","","","","",
"1012","PKL","PHI180200A","89565455","JOELHO 90 ROSC 1/2 KRONA","","","2026-01-02","0","0","293","293","UN","293","293","UN","0L","MM 0020, vendas, livre","BRL","363.32","0","15:15:13","1","18","02","00","A","","","","",
"1012","PKL","PHI180200A","89565504","LUVA ROSC 1/2 KRONA","","","2025-10-02","0","0","11","11","UN","11","11","UN","0L","MM 0020, vendas, livre","BRL","8.91","0","06:49:25","1","18","02","00","A","","","","",
"1012","PKL","PHI180200A","89565546","NIPLE ROSC 1/2 KRONA","","","2026-01-02","0","0","1255","1255","UN","1255","1255","UN","0L","MM 0020, vendas, livre","BRL","665.15","0","15:15:12","1","18","02","00","A","","","","",
"1012","PKL","PHI180200A","89565630","UNIAO ROSC 1/2 KRONA","","","2025-11-22","0","0","42","42","UN","42","42","UN","0L","MM 0020, vendas, livre","BRL","162.96","0","11:59:16","1","18","02","00","A","","","","",
"1012","PKL","PHI180200A","89565644","UNIAO ROSC 3/4 KRONA","","","2026-01-02","0","0","117","117","UN","117","117","UN","0L","MM 0020, vendas, livre","BRL","569.79","0","15:15:13","1","18","02","00","A","","","","",
"1012","PKL","PHI180200A","89565651","UNIAO ROSC 1 KRONA","","","2025-05-05","0","0","123","123","UN","123","123","UN","0L","MM 0020, vendas, livre","BRL","1207.86","0","13:10:07","1","18","02","00","A","","","","",
"1012","PKL","PHI180200A","89566120","REG ESF SOLD COMP PVC 20MM KRONA","","","2026-01-30","0","0","275","275","UN","275","275","UN","0L","MM 0020, vendas, livre","BRL","783.75","0","20:19:50","1","18","02","00","A","","","","",
"1012","PKL","PHI180200A","89041435","TUBO ROSC AF PVC 3M 1/2 TIGRE","","","2025-12-29","0","0","9","9","UN","9","9","UN","0L","MM 0020, vendas, livre","BRL","374.85","0","10:49:48","1","18","02","00","A","","","","",
"1012","PKL","PHI180200A","89683062","FIO VEDA ROSCA 50M FIRLON","","","2024-09-05","0","0","2","2","UN","2","2","UN","0L","MM 0020, vendas, livre","BRL","22.64","0","11:42:24","1","18","02","00","A","","","","",
"1012","PKL","PHI180200A","89959184","ADESIVO PLAST PVC BISNAGA 75G TEKBOND","","","2026-01-27","0","0","393","393","UN","393","393","UN","0L","MM 0020, vendas, livre","BRL","628.80","0","09:49:03","1","18","02","00","A","","","","",
"1012","PKL","PHI180200A","89959170","ADESIVO PLAST PVC BISNAGA 17G TEKBOND","","","2026-01-27","0","0","594","594","UN","594","594","UN","0L","MM 0020, vendas, livre","BRL","386.10","0","09:49:03","1","18","02","00","A","","","","",
"1012","PKL","PHI180200A","89878180","ADESIVO PLAST PVC FRASCO 850G TEKBOND","","","2025-12-16","0","0","30","30","UN","30","30","UN","0L","MM 0020, vendas, livre","BRL","500.10","0","12:17:39","1","18","02","00","A","","","","",
"1012","PKL","PHI180200A","89567576","REG ESF SOLD COMP PVC 25MM KRONA","","","2026-01-18","0","0","326","326","UN","326","326","UN","0L","MM 0020, vendas, livre","BRL","1124.70","0","13:56:39","1","18","02","00","A","","","","",
"1012","PKL","PHI180200A","89610731","REG ESF SOLD C/ ANEL PVC 20MM FORTLEV","","","2025-10-21","0","0","22","22","UN","22","22","UN","0L","MM 0020, vendas, livre","BRL","194.04","0","15:43:45","1","18","02","00","A","","","","",
"1012","PKL","PHI180200A","89610745","REG ESF SOLD C/ ANEL PVC 25MM FORTLEV","","","2026-01-18","0","0","106","106","UN","106","106","UN","0L","MM 0020, vendas, livre","BRL","1198.86","0","15:59:42","1","18","02","00","A","","","","",
"1012","PKL","PHI180200A","89878173","ADESIVO PLAST PVC FRASCO 175G TEKBOND","","","2026-01-27","0","0","275","275","UN","275","275","UN","0L","MM 0020, vendas, livre","BRL","1457.50","0","09:49:03","1","18","02","00","A","","","","",
"1012","PKL","PHI180200A","89615701","TE ROSC 1/2 KRONA","","","2026-01-02","0","0","166","166","UN","166","166","UN","0L","MM 0020, vendas, livre","BRL","285.52","0","15:15:13","1","18","02","00","A","","","","",
"1012","PKL","PHI180300A","89103315","REG GAV BRUTO 1502 3/4 DECA","","","2025-09-27","0","0","12","12","UN","12","12","UN","0L","MM 0020, vendas, livre","BRL","503.76","0","13:54:56","1","18","03","00","A","","","","",
"1012","PKL","PHI180300A","89103322","REG GAV BRUTO 1502 1 DECA","","","2025-10-06","0","0","22","22","UN","22","22","UN","0L","MM 0020, vendas, livre","BRL","1152.58","0","13:31:21","1","18","03","00","A","","","","",
"1012","PKL","PHI180300A","89103301","REG GAV BRUTO 1502 1/2 DECA","","","2025-02-19","0","0","27","27","UN","27","27","UN","0L","MM 0020, vendas, livre","BRL","959.85","0","12:21:50","1","18","03","00","A","","","","",
"1012","PKL","PHI180300A","89103273","BASE REG GAV BRUTO 4509 PVC 25MM DECA","","","2024-11-12","0","0","26","26","UN","26","26","UN","0L","MM 0020, vendas, livre","BRL","1326.00","0","10:47:44","1","18","03","00","A","","","","",
"1012","PKL","PHI180300A","89103343","REG GAV BRUTO 1502 1.1/4 DECA","","","2025-12-18","0","0","12","12","UN","12","12","UN","0L","MM 0020, vendas, livre","BRL","978.84","0","13:03:56","1","18","03","00","A","","","","",
"1012","PKL","PHI180300A","89103350","REG GAV BRUTO 1502 1.1/2 DECA","","","2025-10-06","0","0","6","6","UN","6","6","UN","0L","MM 0020, vendas, livre","BRL","459.18","0","13:31:21","1","18","03","00","A","","","","",
"1012","PKL","PHI180300A","89103364","REG GAV BRUTO 1502 2 DECA","","","2025-10-06","0","0","8","8","UN","8","8","UN","0L","MM 0020, vendas, livre","BRL","959.04","0","13:31:21","1","18","03","00","A","","","","",
"1012","PKL","PHI180300A","89103385","REG GAV RES/PRED 1510 1/2 DECA","","","2025-12-04","0","0","25","25","UN","25","25","UN","0L","MM 0020, vendas, livre","BRL","607.75","0","19:59:25","1","18","03","00","A","","","","",
"1012","PKL","PHI180300A","89103266","BASE REG GAV BRUTO 4509 CPVC 22MM DECA","","","2025-11-01","0","0","114","114","UN","114","114","UN","0L","MM 0020, vendas, livre","BRL","6226.68","0","13:11:29","1","18","03","00","A","","","","",
"1012","PKL","PHI180300A","89103245","BASE REG GAV BRUTO 4509 1.1/2 DECA","","","2025-09-22","0","0","110","110","UN","110","110","UN","0L","MM 0020, vendas, livre","BRL","8582.20","0","21:03:40","1","18","03","00","A","","","","",
"1012","PKL","PHI180300A","89103231","BASE REG GAV BRUTO 4509 1.1/4 DECA","","","2025-11-25","0","0","34","34","UN","34","34","UN","0L","MM 0020, vendas, livre","BRL","2121.94","0","19:21:21","1","18","03","00","A","","","","",
"1012","PKL","PHI180300A","89103210","BASE REG GAV BRUTO 4509 1 DECA","","","2025-11-25","0","0","105","105","UN","105","105","UN","0L","MM 0020, vendas, livre","BRL","4943.40","0","09:21:18","1","18","03","00","A","","","","",
"1012","PKL","PHI180300A","89103203","BASE REG GAV BRUTO 4509 3/4 DECA","","","2026-01-14","0","0","360","360","UN","360","360","UN","0L","MM 0020, vendas, livre","BRL","10861.20","0","15:48:44","1","18","03","00","A","","","","",
"1012","PKL","PHI180300A","89103196","BASE REG GAV BRUTO 4509 1/2 DECA","","","2025-09-03","0","0","122","122","UN","122","122","UN","0L","MM 0020, vendas, livre","BRL","4022.34","0","10:53:21","1","18","03","00","A","","","","",
"1012","PKL","PHI180300A","89052173","REPARO MVS REG GAV N103 3/4 TIGRE/FAB","","","2025-12-08","0","0","14","14","UN","14","14","UN","0L","MM 0020, vendas, livre","BRL","1144.08","0","10:46:32","1","18","03","00","A","","","","",
"1012","PKL","PHI180300A","89052152","REPARO MVS REG GAV N106 3/4 DECA BLUKIT","","","2025-09-11","0","0","12","12","UN","12","12","UN","0L","MM 0020, vendas, livre","BRL","814.68","0","10:51:01","1","18","03","00","A","","","","",
"1012","PKL","PHI180300A","89403342","ANEL VED REGISTRO NBR KIT CENSI","","","2025-10-02","0","0","9","9","UN","9","9","UN","0L","MM 0020, vendas, livre","BRL","30.42","0","06:49:24","1","18","03","00","A","","","","",
"1012","PKL","PHI180300A","89103392","REG GAV RES/PRED 1510 3/4 DECA","","","2025-12-02","0","0","17","17","UN","17","17","UN","0L","MM 0020, vendas, livre","BRL","476.85","0","10:08:24","1","18","03","00","A","","","","",
"1012","PKL","PHI180300A","89103406","REG GAV RES/PRED 1510 2 DECA","","","2026-01-19","0","0","11","11","UN","11","11","UN","0L","MM 0020, vendas, livre","BRL","1572.34","0","14:41:39","1","18","03","00","A","","","","",
"1012","PKL","PHI180300A","89106045","BASE REG GAV BRUTO 4509 1 FORUSI","","","2025-10-02","0","0","29","29","UN","29","29","UN","0L","MM 0020, vendas, livre","BRL","840.71","0","06:49:24","1","18","03","00","A","","","","",
"1012","PKL","PHI180300A","89106052","BASE REG GAV BRUTO 4509 1.1/2 FORUSI","","","2024-09-27","0","0","13","13","UN","13","13","UN","0L","MM 0020, vendas, livre","BRL","728.78","0","10:07:36","1","18","03","00","A","","","","",
"1012","PKL","PHI180300A","89106073","BASE REG GAV BRUTO 4509 3/4 FORUSI","","","2025-11-22","0","0","16","16","UN","16","16","UN","0L","MM 0020, vendas, livre","BRL","257.92","0","18:30:07","1","18","03","00","A","","","","",
"1012","PKL","PHI180300A","89106094","BASE REG GAV BRUTO 4509 1/2 FORUSI","","","2026-01-15","0","0","60","60","UN","60","60","UN","0L","MM 0020, vendas, livre","BRL","823.80","0","18:45:38","1","18","03","00","A","","","","",
"1012","PKL","PHI180300A","89106241","REG GAV BRUTO 1502 1 FORUSI","","","2026-01-30","0","0","12","12","UN","12","12","UN","0L","MM 0020, vendas, livre","BRL","383.76","0","08:57:03","1","18","03","00","A","","","","",
"1012","PKL","PHI180300A","89106255","REG GAV BRUTO 1502 1.1/2 FORUSI","","","2024-09-27","0","0","5","5","UN","5","5","UN","0L","MM 0020, vendas, livre","BRL","260.95","0","10:07:36","1","18","03","00","A","","","","",
"1012","PKL","PHI180300A","89106276","REG GAV BRUTO 1502 1/2 FORUSI","","","2026-01-17","0","0","27","27","UN","27","27","UN","0L","MM 0020, vendas, livre","BRL","379.62","0","14:36:40","1","18","03","00","A","","","","",
"1012","PKL","PHI180300A","89106283","REG GAV BRUTO 1502 2 FORUSI","","","2026-01-17","0","0","10","10","UN","10","10","UN","0L","MM 0020, vendas, livre","BRL","802.60","0","10:38:47","1","18","03","00","A","","","","",
"1012","PKL","PHI180300A","89106304","REG GAV BRUTO 1502 3/4 FORUSI","","","2026-01-17","0","0","44","44","UN","44","44","UN","0L","MM 0020, vendas, livre","BRL","665.28","0","10:38:47","1","18","03","00","A","","","","",
"1012","PKL","PHI180300A","89298041","ANEL VED REGISTRO 1/2 E 3/4 KIT DECA","","","2025-10-02","0","0","68","68","UN","68","68","UN","0L","MM 0020, vendas, livre","BRL","293.08","0","06:49:23","1","18","03","00","A","","","","",
"1012","PKL","PHI180300A","89333034","KIT FACIL REG PRESS DECA ROSCA 00 BLUKIT","","","2024-09-16","0","0","14","14","UN","14","14","UN","0L","MM 0020, vendas, livre","BRL","420.84","0","10:35:34","1","18","03","00","A","","","","",
"1012","PKL","PHI180300A","89333041","KIT FACIL REG PRESS DECA ROSCA 01 BLUKIT","","","2025-04-19","0","0","2","2","UN","2","2","UN","0L","MM 0020, vendas, livre","BRL","65.88","0","11:48:06","1","18","03","00","A","","","","",
"1012","PKL","PHI180300A","89333055","KIT FACIL REG PRESS DECA ROSCA 02 BLUKIT","","","2025-05-09","0","0","39","39","UN","39","39","UN","0L","MM 0020, vendas, livre","BRL","1443.78","0","13:33:18","1","18","03","00","A","","","","",
"1012","PKL","PHI180300A","89333083","KIT FACIL REG GAV DECA BLUKIT","","","2024-09-16","0","0","19","19","UN","19","19","UN","0L","MM 0020, vendas, livre","BRL","571.52","0","10:35:34","1","18","03","00","A","","","","",
"1012","PKL","PHI180300A","89333132","PROLONG REG DECA LATAO 20MM BLUKIT","","","2025-10-02","0","0","8","8","UN","8","8","UN","0L","MM 0020, vendas, livre","BRL","189.84","0","06:49:23","1","18","03","00","A","","","","",
"1012","PKL","PHI180300A","89759411","BASE REG PRESS 3/4 1416 METAL MAX C31","","","2025-11-28","0","0","55","55","UN","55","55","UN","0L","MM 0020, vendas, livre","BRL","1991.55","0","16:35:44","1","18","03","00","A","","","","",
"1012","PKL","PHI180300A","89403335","ANEL VED ORING P/REGISTRO KIT CENSI","","","2025-10-02","0","0","17","17","UN","17","17","UN","0L","MM 0020, vendas, livre","BRL","80.07","0","06:49:23","1","18","03","00","A","","","","",
"1012","PKL","PHI180300A","89443522","PROLONG REG DOCOL LATAO 10MM BLUKIT","","","2025-06-30","0","0","78","78","UN","78","78","UN","0L","MM 0020, vendas, livre","BRL","565.50","0","13:04:12","1","18","03","00","A","","","","",
"1012","PKL","PHI180300A","89451586","VALV ESF FF BSP PN25 ALAV 1.1/2 EMMETI","","","2026-01-08","0","0","20","20","UN","20","20","UN","0L","MM 0020, vendas, livre","BRL","1101.20","0","10:33:31","1","18","03","00","A","","","","",
"1012","PKL","PHI180300A","89537441","BASE REG GAV BRUTO 4509 1/2 FABRIMAR","","","2025-10-22","0","0","19","19","UN","19","19","UN","0L","MM 0020, vendas, livre","BRL","558.41","0","09:52:14","1","18","03","00","A","","","","",
"1012","PKL","PHI180300A","89540360","BASE REG PRESS 1/2 1416 METAL C31 BOGNAR","","","2026-01-28","0","0","2","2","UN","2","2","UN","0L","MM 0020, vendas, livre","BRL","119.74","0","15:24:53","1","18","03","00","A","","","","",
"1012","PKL","PHI180300A","89540514","BASE REG GAV 1/2 4509 PLAST C40 BOGNAR","","","2025-10-15","0","0","2","2","UN","2","2","UN","0L","MM 0020, vendas, livre","BRL","90.84","0","15:12:09","1","18","03","00","A","","","","",
"1012","PKL","PHI180300A","89458593","REG PRESS BRUTO 1400 1/2 BOGNAR","","","2025-11-24","0","0","53","53","UN","53","53","UN","0L","MM 0020, vendas, livre","BRL","1563.50","0","11:26:54","1","18","03","00","A","","","","",
"1012","PKL","PHI180300A","89458621","KIT SALVA REGISTRO 7X1 BOGNAR","","","2025-11-24","0","0","1","1","UN","1","1","UN","0L","MM 0020, vendas, livre","BRL","50.57","0","11:26:52","1","18","03","00","A","","","","",
"1012","PKL","PHI180300A","89583662","REG GAV RES/PRED 1510 1 DECA","","","2026-01-19","0","0","30","30","UN","30","30","UN","0L","MM 0020, vendas, livre","BRL","1304.10","0","14:41:39","1","18","03","00","A","","","","",
"1012","PKL","PHI180300A","89583676","REG GAV RES/PRED 1510 1.1/2 DECA","","","2025-12-17","0","0","8","8","UN","8","8","UN","0L","MM 0020, vendas, livre","BRL","532.24","0","11:20:36","1","18","03","00","A","","","","",
"1012","PKL","PHI180300A","89610486","PROLONG REG DECA ABS CR 20MM FURKIN","","","2025-05-27","0","0","68","68","UN","68","68","UN","0L","MM 0020, vendas, livre","BRL","894.88","0","12:39:17","1","18","03","00","A","","","","",
"1012","PKL","PHI180300A","89610493","PROLONG REG DECA ABS CR 40MM FURKIN","","","2024-09-11","0","0","58","58","UN","58","58","UN","0L","MM 0020, vendas, livre","BRL","1120.56","0","11:54:05","1","18","03","00","A","","","","",
"1012","PKL","PHI180300A","89610535","REPARO MVS REG PRESS N12 3/4 DECA FURKIN","","","2024-09-11","0","0","36","36","UN","36","36","UN","0L","MM 0020, vendas, livre","BRL","665.64","0","11:54:05","1","18","03","00","A","","","","",
"1012","PKL","PHI180300A","89611326","ANEL VED FLEXIVEL 1/2 ESTEVES","","","2024-10-03","0","0","24","24","UN","24","24","UN","0L","MM 0020, vendas, livre","BRL","148.56","0","11:24:15","1","18","03","00","A","","","","",
"1012","PKL","PHI180300A","89720183","BASE REG GAV BRUTO 4509 1/2 DOCOL","","","2025-10-28","0","0","7","7","UN","7","7","UN","0L","MM 0020, vendas, livre","BRL","175.70","0","09:51:58","1","18","03","00","A","","","","",
"1012","PKL","PHI180300A","89720190","BASE REG GAV BRUTO 4509 3/4 DOCOL","","","2026-01-07","0","0","65","65","UN","65","65","UN","0L","MM 0020, vendas, livre","BRL","1800.50","0","18:49:27","1","18","03","00","A","","","","",
"1012","PKL","PHI180300A","89720316","BASE REG GAV BRUTO 4509 1 DOCOL","","","2025-12-12","0","0","19","19","UN","19","19","UN","0L","MM 0020, vendas, livre","BRL","841.70","0","12:44:33","1","18","03","00","A","","","","",
"1012","PKL","PHI180300A","89720330","BASE REG GAV BRUTO 4509 1.1/4 DOCOL","","","2025-06-21","0","0","27","27","UN","27","27","UN","0L","MM 0020, vendas, livre","BRL","1498.50","0","08:45:00","1","18","03","00","A","","","","",
"1012","PKL","PHI180300A","89716676","BASE REG GAV 1.1/4 4509 METAL C31 BOGNAR","","","2026-01-29","0","0","1","1","UN","1","1","UN","0L","MM 0020, vendas, livre","BRL","74.29","0","16:57:57","1","18","03","00","A","","","","",
"1012","PKL","PHI180300A","89716690","KIT SALVA REGISTRO 7X1 C31 BOGNAR","","","2025-11-03","0","0","3","3","UN","3","3","UN","0L","MM 0020, vendas, livre","BRL","119.31","0","16:13:13","1","18","03","00","A","","","","",
"1012","PKL","PHI180400A","89565623","TE RED ROSC 3/4X1/2 KRONA","","","2025-11-14","0","0","277","277","UN","277","277","UN","0L","MM 0020, vendas, livre","BRL","800.53","0","17:18:47","1","18","04","00","A","","","","",
"1012","PKL","PHI180400A","89699743","TE SOLD LIGA FACIL BUCHA LT AZ 25MMX3/4","","","2025-10-02","0","0","5","5","UN","5","5","UN","0L","MM 0020, vendas, livre","BRL","159.40","0","06:49:23","1","18","04","00","A","","","","",
"1012","PKL","PHI180400A","89041442","TUBO ROSC AF PVC 3M 3/4 TIGRE","","","2025-12-16","0","0","6","6","UN","6","6","UN","0L","MM 0020, vendas, livre","BRL","334.86","0","18:51:15","1","18","04","00","A","","","","",
"1012","PKL","PHI180400A","89208483","TUBO SOLD AF PVC 3M 25MM FORTLEV","","","2025-10-30","0","6","0","6","UN","0","6","UN","0L","MM 0020, vendas, livre","BRL","43.98","0","17:02:45","1","18","04","00","A","","","","",
"1012","PKL","PHI180400A","89207412","ADAPT ANEL SOLD CX DAGUA 25MM FORTLEV","","","2026-01-26","0","0","128","128","UN","128","128","UN","0L","MM 0020, vendas, livre","BRL","791.04","0","12:38:27","1","18","04","00","A","","","","",
"1012","PKL","PHI180400A","89208343","LUVA CORRER SOLD 25MM FORTLEV","","","2026-02-02","0","0","290","290","UN","290","290","UN","0L","MM 0020, vendas, livre","BRL","1931.40","0","11:08:06","1","18","04","00","A","","","","",
"1012","PKL","PHI180400A","89208644","CURVA 45 SOLD 25MM FORTLEV","","","2026-01-30","0","0","95","95","UN","95","95","UN","0L","MM 0020, vendas, livre","BRL","221.35","0","11:05:55","1","18","04","00","A","","","","",
"1012","PKL","PHI180400A","89208693","CURVA TRANSPOSICAO SOLD 25MM FORTLEV","","","2025-11-21","0","0","110","110","UN","110","110","UN","0L","MM 0020, vendas, livre","BRL","628.10","0","16:20:48","1","18","04","00","A","","","","",
"1012","PKL","PHI180400A","89288073","LUVA SOLD TAPA FURO 25MM ESTRELA","","","2025-11-14","0","0","8","8","UN","8","8","UN","0L","MM 0020, vendas, livre","BRL","61.28","0","17:35:44","1","18","04","00","A","","","","",
"1012","PKL","PHI180400A","89289270","LUVA SOLD LR 25MMX3/4 FORTLEV","","","2026-01-22","0","0","154","154","UN","154","154","UN","0L","MM 0020, vendas, livre","BRL","167.86","0","17:37:44","1","18","04","00","A","","","","",
"1012","PKL","PHI180400A","89290075","TE SOLD BUCHA LT AZ 25MMX3/4 FORTLEV","","","2025-11-06","0","0","110","110","UN","110","110","UN","0L","MM 0020, vendas, livre","BRL","509.30","0","17:20:06","1","18","04","00","A","","","","",
"1012","PKL","PHI180400A","89290061","TE SOLD BUCHA LT AZ 25MMX1/2 FORTLEV","","","2026-01-06","0","0","37","37","UN","37","37","UN","0L","MM 0020, vendas, livre","BRL","161.32","0","10:55:39","1","18","04","00","A","","","","",
"1012","PKL","PHI180400A","89290040","LUVA SOLD BUCHA LT AZ 25MMX3/4 FORTLEV","","","2026-01-26","0","0","451","451","UN","451","451","UN","0L","MM 0020, vendas, livre","BRL","1389.08","0","13:49:54","1","18","04","00","A","","","","",
"1012","PKL","PHI180400A","89290033","LUVA SOLD BUCHA LT AZ 25MMX1/2 FORTLEV","","","2026-01-12","0","0","255","255","UN","255","255","UN","0L","MM 0020, vendas, livre","BRL","780.30","0","14:47:46","1","18","04","00","A","","","","",
"1012","PKL","PHI180400A","89290005","JOELHO 90 SOLD BC LT AZ 25MMX3/4 FORTLEV","","","2025-12-07","0","0","265","265","UN","265","265","UN","0L","MM 0020, vendas, livre","BRL","1091.80","0","16:53:26","1","18","04","00","A","","","","",
"1012","PKL","PHI180400A","89289991","JOELHO 90 SOLD BC LT AZ 25MMX1/2 FORTLEV","","","2026-02-02","0","0","359","359","UN","359","359","UN","0L","MM 0020, vendas, livre","BRL","983.66","0","11:08:06","1","18","04","00","A","","","","",
"1012","PKL","PHI180400A","89289900","TE SOLD 25MM FORTLEV","","","2026-01-18","0","0","1784","1784","UN","1784","1784","UN","0L","MM 0020, vendas, livre","BRL","1088.24","0","15:59:42","1","18","04","00","A","","","","",
"1012","PKL","PHI180400A","89289816","LUVA SOLD 25MM FORTLEV","","","2026-01-16","0","0","3821","3821","UN","3821","3821","UN","0L","MM 0020, vendas, livre","BRL","1643.03","0","15:26:33","1","18","04","00","A","","","","",
"1012","PKL","PHI180400A","89289781","JOELHO 90 SOLD RED 25X20MM FORTLEV","","","2026-02-02","0","0","1","1","UN","1","1","UN","0L","MM 0020, vendas, livre","BRL","1.67","0","11:08:06","1","18","04","00","A","","","","",
"1012","PKL","PHI180400A","89289774","JOELHO 90 SOLD LR 25MMX3/4 FORTLEV","","","2026-01-30","0","0","175","175","UN","175","175","UN","0L","MM 0020, vendas, livre","BRL","308.00","0","10:54:02","1","18","04","00","A","","","","",
"1012","PKL","PHI180400A","89289725","JOELHO 90 SOLD 25MM FORTLEV","","","2026-01-16","0","0","2143","2143","UN","2143","2143","UN","0L","MM 0020, vendas, livre","BRL","728.62","0","15:26:33","1","18","04","00","A","","","","",
"1012","PKL","PHI180400A","89289662","JOELHO 45 SOLD 25MM FORTLEV","","","2026-01-14","0","0","928","928","UN","928","928","UN","0L","MM 0020, vendas, livre","BRL","965.12","0","15:48:44","1","18","04","00","A","","","","",
"1012","PKL","PHI180400A","89289613","CURVA 90 SOLD 25MM FORTLEV","","","2026-01-30","0","0","243","243","UN","243","243","UN","0L","MM 0020, vendas, livre","BRL","476.28","0","11:05:55","1","18","04","00","A","","","","",
"1012","PKL","PHI180400A","89289312","TE SOLD LR 25MMX3/4 FORTLEV","","","2025-12-11","0","0","31","31","UN","31","31","UN","0L","MM 0020, vendas, livre","BRL","76.88","0","17:32:33","1","18","04","00","A","","","","",
"1012","PKL","PHI180400A","89288101","TE SOLD LIGA FACIL 25MM ESTRELA","","","2026-01-30","0","0","5","5","UN","5","5","UN","0L","MM 0020, vendas, livre","BRL","44.85","0","10:15:21","1","18","04","00","A","","","","",
"1012","PKL","PHI180400A","89565602","TE ROSC 3/4 KRONA","","","2026-01-20","0","0","359","359","UN","359","359","UN","0L","MM 0020, vendas, livre","BRL","850.83","0","20:35:42","1","18","04","00","A","","","","",
"1012","PKL","PHI180400A","89565581","PLUG ROSC 3/4 KRONA","","","2026-01-02","0","0","1125","1125","UN","1125","1125","UN","0L","MM 0020, vendas, livre","BRL","686.25","0","15:15:12","1","18","04","00","A","","","","",
"1012","PKL","PHI180400A","89565574","PLUG ROSC 1/2 KRONA","","","2025-12-19","0","0","322","322","UN","322","322","UN","0L","MM 0020, vendas, livre","BRL","103.04","0","12:42:11","1","18","04","00","A","","","","",
"1012","PKL","PHI180400A","89565553","NIPLE ROSC 3/4 KRONA","","","2026-01-02","0","0","478","478","UN","478","478","UN","0L","MM 0020, vendas, livre","BRL","396.74","0","15:15:13","1","18","04","00","A","","","","",
"1012","PKL","PHI180400A","89565525","LUVA ROSC 1 KRONA","","","2025-08-25","0","0","280","280","UN","280","280","UN","0L","MM 0020, vendas, livre","BRL","621.60","0","11:13:39","1","18","04","00","A","","","","",
"1012","PKL","PHI180400A","89565511","LUVA ROSC 3/4 KRONA","","","2026-01-02","0","0","424","424","UN","424","424","UN","0L","MM 0020, vendas, livre","BRL","559.68","0","15:15:13","1","18","04","00","A","","","","",
"1012","PKL","PHI180400A","89565483","JOELHO 90 RED ROSC 3/4X1/2 KRONA","","","2025-11-25","0","0","285","285","UN","285","285","UN","0L","MM 0020, vendas, livre","BRL","515.85","0","14:26:33","1","18","04","00","A","","","","",
"1012","PKL","PHI180400A","89565462","JOELHO 90 ROSC 3/4 KRONA","","","2026-01-02","0","0","334","334","UN","334","334","UN","0L","MM 0020, vendas, livre","BRL","534.40","0","15:15:12","1","18","04","00","A","","","","",
"1012","PKL","PHI180400A","89565434","JOELHO 45 ROSC 3/4 KRONA","","","2025-06-02","0","0","411","411","UN","411","411","UN","0L","MM 0020, vendas, livre","BRL","1417.95","0","16:05:16","1","18","04","00","A","","","","",
"1012","PKL","PHI180400A","89565406","CAP ROSC 3/4 KRONA","","","2025-09-16","0","0","113","113","UN","113","113","UN","0L","MM 0020, vendas, livre","BRL","150.29","0","09:05:39","1","18","04","00","A","","","","",
"1012","PKL","PHI180500A","89417573","ENGATE FLEX METAL MF 40CM 3/4 WOG","","","2025-12-05","0","0","3","3","UN","3","3","UN","0L","MM 0020, vendas, livre","BRL","87.15","0","15:27:48","1","18","05","00","A","","","","",
"1012","PKL","PHI180500A","89407654","ENGATE RIG METAL MF 40CM 1/2 DISTAK","","","2025-12-08","0","0","18","18","UN","18","18","UN","0L","MM 0020, vendas, livre","BRL","614.70","0","09:39:00","1","18","05","00","A","","","","",
"1012","PKL","PHI180500A","89700324","ENGATE FLEX PLAST AF FF 40CM 1/2 PT ASTR","","","2025-12-09","0","0","76","76","UN","76","76","UN","0L","MM 0020, vendas, livre","BRL","374.68","0","15:18:29","1","18","05","00","A","","","","",
"1012","PKL","PHI180500A","89745313","TUBO LIG EXT AJUST VASO PT 1.1/2 ASTRA","","","2025-12-08","0","0","4","4","UN","4","4","UN","0L","MM 0020, vendas, livre","BRL","35.48","0","10:26:11","1","18","05","00","A","","","","",
"1012","PKL","PHI180500A","89716676","BASE REG GAV 1.1/4 4509 METAL C31 BOGNAR","","","2024-09-02","0","0","28","28","UN","28","28","UN","0L","MM 0020, vendas, livre","BRL","2080.12","0","12:57:16","1","18","05","00","A","","","","",
"1012","PKL","PHI180500A","89716662","BASE REG GAV 1.1/2 4509 METAL C40 BOGNAR","","","2024-09-02","0","0","31","31","UN","31","31","UN","0L","MM 0020, vendas, livre","BRL","3153.94","0","12:57:16","1","18","05","00","A","","","","",
"1012","PKL","PHI180500A","89715752","MANG ENTRADA MAQ LAVAR 1,8M CRISTAL PLAS","","","2026-01-16","0","0","14","14","UN","14","14","UN","0L","MM 0020, vendas, livre","BRL","98.14","0","18:40:39","1","18","05","00","A","","","","",
"1012","PKL","PHI180500A","89738915","KIT ENGATE MET, ESPUDE, PARAF INOX B10","","","2026-01-08","0","0","4","4","UN","4","4","UN","0L","MM 0020, vendas, livre","BRL","255.76","0","08:31:13","1","18","05","00","A","","","","",
"1012","PKL","PHI180500A","89720295","BASE REG GAV 3/4 4509 METAL PERTUTTI DOC","","","2026-01-26","0","0","25","25","UN","25","25","UN","0L","MM 0020, vendas, livre","BRL","1410.75","0","11:37:48","1","18","05","00","A","","","","",
"1012","PKL","PHI180500A","89567954","ENGATE FLEX PLAST AF FF 30CM 1/2 KRONA","","","2026-01-02","0","0","41","41","UN","41","41","UN","0L","MM 0020, vendas, livre","BRL","127.51","0","15:15:13","1","18","05","00","A","","","","",
"1012","PKL","PHI180500A","89540612","BASE REG GAV 1 4509 METAL C31 BOGNAR","","","2024-09-02","0","0","7","7","UN","7","7","UN","0L","MM 0020, vendas, livre","BRL","470.89","0","12:57:16","1","18","05","00","A","","","","",
"1012","PKL","PHI180500A","89540514","BASE REG GAV 1/2 4509 PLAST C40 BOGNAR","","","2024-11-30","0","0","30","30","UN","30","30","UN","0L","MM 0020, vendas, livre","BRL","1362.60","0","14:52:13","1","18","05","00","A","","","","",
"1012","PKL","PHI180500A","89540472","BASE REG GAV 1/2 4509 METAL C31 BOGNAR","","","2024-09-02","0","0","46","46","UN","46","46","UN","0L","MM 0020, vendas, livre","BRL","2764.14","0","12:57:21","1","18","05","00","A","","","","",
"1012","PKL","PHI180500A","89537315","TUBO LIG RIG AJUST VASO CR 1.1/2 BLUKIT","","","2025-12-01","0","0","22","22","UN","22","22","UN","0L","MM 0020, vendas, livre","BRL","315.70","0","16:09:54","1","18","05","00","A","","","","",
"1012","PKL","PHI180500A","89451635","VALV ESF FF BSP PN16 ALAV 3/8 EMMETI","","","2025-09-08","0","0","22","22","UN","22","22","UN","0L","MM 0020, vendas, livre","BRL","253.44","0","11:04:26","1","18","05","00","A","","","","",
"1012","PKL","PHI180500A","89451621","VALV ESF FF BSP PN25 ALAV 3/4 EMMETI","","","2025-10-02","0","0","4","4","UN","4","4","UN","0L","MM 0020, vendas, livre","BRL","76.80","0","06:49:22","1","18","05","00","A","","","","",
"1012","PKL","PHI180500A","89451614","VALV ESF FF BSP PN25 ALAV 2 EMMETI","","","2025-10-02","0","0","5","5","UN","5","5","UN","0L","MM 0020, vendas, livre","BRL","558.05","0","06:49:22","1","18","05","00","A","","","","",
"1012","PKL","PHI180500A","89043115","ENGATE FLEX PLAST AF FF 40CM 1/2 TIGRE","","","2026-01-29","0","0","841","841","UN","841","841","UN","0L","MM 0020, vendas, livre","BRL","2581.87","0","11:28:18","1","18","05","00","A","","","","",
"1012","PKL","PHI180500A","89045264","BOLSA LIGACAO VASO SANIT 1.1/2 ASTRA","","","2026-01-28","0","0","18","18","UN","18","18","UN","0L","MM 0020, vendas, livre","BRL","111.96","0","08:40:49","1","18","05","00","A","","","","",
"1012","PKL","PHI180500A","89045285","ESPUDE PLAST VASO SANIT 2.1/2 ASTRA","","","2025-11-05","0","0","3","3","UN","3","3","UN","0L","MM 0020, vendas, livre","BRL","25.08","0","15:23:00","1","18","05","00","A","","","","",
"1012","PKL","PHI180500A","89073236","ENGATE FLEX METAL MF 40CM 1/2 DECA","","","2025-12-15","0","0","138","138","UN","138","138","UN","0L","MM 0020, vendas, livre","BRL","2622.00","0","11:37:05","1","18","05","00","A","","","","",
"1012","PKL","PHI180500A","89103413","VALV ESFERA BRUTO 1552 1/2 DECA","","","2025-10-02","0","0","4","4","UN","4","4","UN","0L","MM 0020, vendas, livre","BRL","148.68","0","06:49:22","1","18","05","00","A","","","","",
"1012","PKL","PHI180500A","89103434","VALV ESFERA BRUTO 1552 1 DECA","","","2025-10-02","0","0","5","5","UN","5","5","UN","0L","MM 0020, vendas, livre","BRL","347.60","0","06:49:22","1","18","05","00","A","","","","",
"1012","PKL","PHI180500A","89103924","ENGATE FLEX METAL MF 50CM 1/2 DECA","","","2025-12-10","0","0","25","25","UN","25","25","UN","0L","MM 0020, vendas, livre","BRL","724.50","0","20:20:29","1","18","05","00","A","","","","",
"1012","PKL","PHI180500A","89278196","CONEXAO MAQ LAVAR BLUKIT","","","2026-01-07","0","0","8","8","UN","8","8","UN","0L","MM 0020, vendas, livre","BRL","114.72","0","09:44:08","1","18","05","00","A","","","","",
"1012","PKL","PHI180500A","89288311","ENGATE FLEX METAL FF 60CM 1/2 WOG","","","2026-02-02","0","0","37","37","UN","37","37","UN","0L","MM 0020, vendas, livre","BRL","510.23","0","11:54:46","1","18","05","00","A","","","","",
"1012","PKL","PHI180500A","89288346","ENGATE FLEX METAL MF 40CM 1/2 WOG","","","2025-12-22","0","0","51","51","UN","51","51","UN","0L","MM 0020, vendas, livre","BRL","579.87","0","15:51:11","1","18","05","00","A","","","","",
"1012","PKL","PHI180500A","89288353","ENGATE FLEX METAL MF 50CM 1/2 WOG","","","2025-12-26","0","0","51","51","UN","51","51","UN","0L","MM 0020, vendas, livre","BRL","633.93","0","08:03:16","1","18","05","00","A","","","","",
"1012","PKL","PHI180500A","89288360","ENGATE FLEX METAL FF 30CM 1/2 WOG","","","2025-12-05","0","0","23","23","UN","23","23","UN","0L","MM 0020, vendas, livre","BRL","233.91","0","15:27:48","1","18","05","00","A","","","","",
"1012","PKL","PHI180500A","89288374","ENGATE FLEX METAL FF 40CM 1/2 WOG","","","2026-02-02","0","0","30","30","UN","30","30","UN","0L","MM 0020, vendas, livre","BRL","326.70","0","11:54:46","1","18","05","00","A","","","","",
"1012","PKL","PHI180500A","89288241","ENGATE FLEX METAL MF 30CM 1/2 WOG","","","2026-02-02","0","0","27","27","UN","27","27","UN","0L","MM 0020, vendas, livre","BRL","293.49","0","11:54:46","1","18","05","00","A","","","","",
"1012","PKL","PHI180500A","89311572","TUBO LIG EXT AJUST VASO BR 1.1/2 LUCONI","","","2025-05-07","0","0","15","15","UN","15","15","UN","0L","MM 0020, vendas, livre","BRL","79.80","0","12:13:37","1","18","05","00","A","","","","",
"1012","PKL","PHI180500A","89311586","TUBO LIG EXT AJUST VASO CR 1.1/2 LUCONI","","","2024-09-11","0","0","12","12","UN","12","12","UN","0L","MM 0020, vendas, livre","BRL","111.12","0","12:53:09","1","18","05","00","A","","","","",
"1012","PKL","PHI180500A","89759390","BASE REG GAV 3/4 4509 METAL MAX C40 BOGN","","","2025-12-16","0","0","23","23","UN","23","23","UN","0L","MM 0020, vendas, livre","BRL","1190.25","0","14:14:14","1","18","05","00","A","","","","",
"1012","PKL","PHI180500A","89451593","VALV ESF FF BSP PN25 ALAV 1/2 EMMETI","","","2025-12-17","0","0","55","55","UN","55","55","UN","0L","MM 0020, vendas, livre","BRL","721.60","0","15:16:09","1","18","05","00","A","","","","",
"1012","PKL","PHI180500A","89451180","VALV RETENCAO FUNDO POCO 1 EMMETI","","","2026-01-16","0","0","10","10","UN","10","10","UN","0L","MM 0020, vendas, livre","BRL","223.50","0","15:55:58","1","18","05","00","A","","","","",
"1012","PKL","PHI180500A","89451194","VALV RETENCAO FUNDO POCO 1.1/2 EMMETI","","","2025-10-02","0","0","4","4","UN","4","4","UN","0L","MM 0020, vendas, livre","BRL","192.00","0","06:49:22","1","18","05","00","A","","","","",
"1012","PKL","PHI180500A","89451236","VALV RETENCAO FUNDO POCO 2 EMMETI","","","2025-12-29","0","0","6","6","UN","6","6","UN","0L","MM 0020, vendas, livre","BRL","401.64","0","09:48:19","1","18","05","00","A","","","","",
"1012","PKL","PHI180500A","89451243","VALV RETENCAO FUNDO POCO 3/4 EMMETI","","","2026-01-25","0","0","22","22","UN","22","22","UN","0L","MM 0020, vendas, livre","BRL","333.96","0","10:46:46","1","18","05","00","A","","","","",
"1012","PKL","PHI180500A","89451250","VALV RETENCAO PORT HORIZ 1 EMMETI","","","2025-10-02","0","0","10","10","UN","10","10","UN","0L","MM 0020, vendas, livre","BRL","408.30","0","06:49:22","1","18","05","00","A","","","","",
"1012","PKL","PHI180500A","89451264","VALV RETENCAO PORT HORIZ 1.1/2 EMMETI","","","2025-10-02","0","0","2","2","UN","2","2","UN","0L","MM 0020, vendas, livre","BRL","206.72","0","06:49:22","1","18","05","00","A","","","","",
"1012","PKL","PHI180500A","89451285","VALV RETENCAO PORT HORIZ 1/2 EMMETI","","","2025-10-02","0","0","11","11","UN","11","11","UN","0L","MM 0020, vendas, livre","BRL","208.67","0","06:49:22","1","18","05","00","A","","","","",
"1012","PKL","PHI180500A","89451292","VALV RETENCAO PORT HORIZ 2 EMMETI","","","2025-10-02","0","0","3","3","UN","3","3","UN","0L","MM 0020, vendas, livre","BRL","355.14","0","06:49:22","1","18","05","00","A","","","","",
"1012","PKL","PHI180500A","89451341","VALV RETENCAO VERTICAL 1.1/2 EMMETI","","","2024-09-09","0","0","3","3","UN","3","3","UN","0L","MM 0020, vendas, livre","BRL","218.76","0","12:13:29","1","18","05","00","A","","","","",
"1012","PKL","PHI180500A","89451362","VALV RETENCAO VERTICAL 1/2 EMMETI","","","2026-01-08","0","0","54","54","UN","54","54","UN","0L","MM 0020, vendas, livre","BRL","962.28","0","10:33:31","1","18","05","00","A","","","","",
"1012","PKL","PHI180500A","89451376","VALV RETENCAO VERTICAL 2 EMMETI","","","2026-01-08","0","0","14","14","UN","14","14","UN","0L","MM 0020, vendas, livre","BRL","1619.80","0","10:33:31","1","18","05","00","A","","","","",
"1012","PKL","PHI180500A","89451390","VALV RETENCAO VERTICAL MET 3/4 EMMETI","","","2026-01-26","0","0","190","190","UN","190","190","UN","0L","MM 0020, vendas, livre","BRL","4637.90","0","17:40:52","1","18","05","00","A","","","","",
"1012","PKL","PHI180500A","89451404","VALV FILTRO Y 1 EMMETI","","","2024-09-23","0","0","8","8","UN","8","8","UN","0L","MM 0020, vendas, livre","BRL","208.00","0","09:01:25","1","18","05","00","A","","","","",
"1012","PKL","PHI180500A","89451411","VALV FILTRO Y 1.1/2 EMMETI","","","2024-09-23","0","0","8","8","UN","8","8","UN","0L","MM 0020, vendas, livre","BRL","588.72","0","09:01:25","1","18","05","00","A","","","","",
"1012","PKL","PHI180500A","89451446","VALV FILTRO Y 1/2 EMMETI","","","2024-10-22","0","0","18","18","UN","18","18","UN","0L","MM 0020, vendas, livre","BRL","182.70","0","12:34:35","1","18","05","00","A","","","","",
"1012","PKL","PHI180500A","89451474","VALV FILTRO Y 3/4 EMMETI","","","2026-01-16","0","0","66","66","UN","66","66","UN","0L","MM 0020, vendas, livre","BRL","1145.10","0","12:22:36","1","18","05","00","A","","","","",
"1012","PKL","PHI180500A","89451572","VALV ESF FF BSP PN25 ALAV 1 EMMETI","","","2025-10-30","0","0","11","11","UN","11","11","UN","0L","MM 0020, vendas, livre","BRL","348.48","0","08:59:02","1","18","05","00","A","","","","",
"1012","PKL","PHI180500A","89451586","VALV ESF FF BSP PN25 ALAV 1.1/2 EMMETI","","","2024-09-09","0","0","12","12","UN","12","12","UN","0L","MM 0020, vendas, livre","BRL","660.72","0","12:11:24","1","18","05","00","A","","","","",
"1012","PKL","PHI180600A","89289963","TE RED SOLD 32X25MM FORTLEV","","","2026-01-09","0","0","72","72","UN","72","72","UN","0L","MM 0020, vendas, livre","BRL","324.72","0","09:48:39","1","18","06","00","A","","","","",
"1012","PKL","PHI180600A","89289501","BUCHA RED SOLD CURTA 32X25MM FORTLEV","","","2026-01-13","0","0","818","818","UN","818","818","UN","0L","MM 0020, vendas, livre","BRL","539.88","0","08:30:07","1","18","06","00","A","","","","",
"1012","PKL","PHI180600A","89290271","ADAPT SOLD CURTO 40MMX1.1/4 FORTLEV","","","2025-10-09","0","0","165","165","UN","165","165","UN","0L","MM 0020, vendas, livre","BRL","359.70","0","14:25:56","1","18","06","00","A","","","","",
"1012","PKL","PHI180600A","89288080","LUVA SOLD TAPA FURO 32MM ESTRELA","","","2024-09-09","0","0","10","10","UN","10","10","UN","0L","MM 0020, vendas, livre","BRL","97.20","0","09:38:10","1","18","06","00","A","","","","",
"1012","PKL","PHI180600A","89208770","UNIAO SOLD 32MM FORTLEV","","","2026-01-09","0","0","92","92","UN","92","92","UN","0L","MM 0020, vendas, livre","BRL","876.76","0","09:48:33","1","18","06","00","A","","","","",
"1012","PKL","PHI180600A","89208714","CURVA TRANSPOSICAO SOLD 32MM FORTLEV","","","2024-10-09","0","0","17","17","UN","17","17","UN","0L","MM 0020, vendas, livre","BRL","155.72","0","16:58:10","1","18","06","00","A","","","","",
"1012","PKL","PHI180600A","89208665","CURVA 45 SOLD 40MM FORTLEV","","","2025-12-19","0","0","25","25","UN","25","25","UN","0L","MM 0020, vendas, livre","BRL","125.25","0","09:57:13","1","18","06","00","A","","","","",
"1012","PKL","PHI180600A","89208651","CURVA 45 SOLD 32MM FORTLEV","","","2026-01-30","0","0","24","24","UN","24","24","UN","0L","MM 0020, vendas, livre","BRL","113.28","0","10:54:02","1","18","06","00","A","","","","",
"1012","PKL","PHI180600A","89208364","LUVA CORRER SOLD 40MM FORTLEV","","","2025-08-08","0","0","21","21","UN","21","21","UN","0L","MM 0020, vendas, livre","BRL","281.82","0","11:47:09","1","18","06","00","A","","","","",
"1012","PKL","PHI180600A","89208350","LUVA CORRER SOLD 32MM FORTLEV","","","2026-01-09","0","0","34","34","UN","34","34","UN","0L","MM 0020, vendas, livre","BRL","454.58","0","09:48:48","1","18","06","00","A","","","","",
"1012","PKL","PHI180600A","89207636","ADAPT ANEL SOLD CX DAGUA 40MM FORTLEV","","","2026-01-14","0","0","55","55","UN","55","55","UN","0L","MM 0020, vendas, livre","BRL","710.60","0","14:31:40","1","18","06","00","A","","","","",
"1012","PKL","PHI180600A","89207524","ADAPT ANEL SOLD CX DAGUA 32MM FORTLEV","","","2025-12-11","0","0","24","24","UN","24","24","UN","0L","MM 0020, vendas, livre","BRL","238.56","0","17:27:27","1","18","06","00","A","","","","",
"1012","PKL","PHI180600A","89208700","TUBO SOLD AF PVC 3M 40MM FORTLEV","","","2026-02-02","0","0","100","100","UN","100","100","UN","0L","MM 0020, vendas, livre","BRL","2732.00","0","11:08:06","1","18","06","00","A","","","","",
"1012","PKL","PHI180600A","89208595","TUBO SOLD AF PVC 3M 32MM FORTLEV","","","2026-01-14","0","0","109","109","UN","109","109","UN","0L","MM 0020, vendas, livre","BRL","1892.24","0","11:39:08","1","18","06","00","A","","","","",
"1012","PKL","PHI180600A","89041414","TUBO ROSC AF PVC 3M 1 TIGRE","","","2025-12-16","0","0","10","10","UN","10","10","UN","0L","MM 0020, vendas, livre","BRL","1089.70","0","18:51:15","1","18","06","00","A","","","","",
"1012","PKL","PHI180600A","89289935","TE SOLD 40MM FORTLEV","","","2026-01-20","0","0","90","90","UN","90","90","UN","0L","MM 0020, vendas, livre","BRL","445.50","0","20:35:42","1","18","06","00","A","","","","",
"1012","PKL","PHI180600A","89289921","TE SOLD 32MM FORTLEV","","","2026-01-17","0","0","351","351","UN","351","351","UN","0L","MM 0020, vendas, livre","BRL","947.70","0","12:40:40","1","18","06","00","A","","","","",
"1012","PKL","PHI180600A","89289886","LUVA RED SOLD 32X25MM FORTLEV","","","2026-01-09","0","0","442","442","UN","442","442","UN","0L","MM 0020, vendas, livre","BRL","1029.86","0","09:48:39","1","18","06","00","A","","","","",
"1012","PKL","PHI180600A","89289830","LUVA SOLD 40MM FORTLEV","","","2026-01-20","0","0","70","70","UN","70","70","UN","0L","MM 0020, vendas, livre","BRL","156.10","0","20:35:42","1","18","06","00","A","","","","",
"1012","PKL","PHI180600A","89289823","LUVA SOLD 32MM FORTLEV","","","2026-01-05","0","0","320","320","UN","320","320","UN","0L","MM 0020, vendas, livre","BRL","412.80","0","11:25:26","1","18","06","00","A","","","","",
"1012","PKL","PHI180600A","89289746","JOELHO 90 SOLD 40MM FORTLEV","","","2026-01-18","0","0","107","107","UN","107","107","UN","0L","MM 0020, vendas, livre","BRL","262.15","0","15:59:42","1","18","06","00","A","","","","",
"1012","PKL","PHI180600A","89289732","JOELHO 90 SOLD 32MM FORTLEV","","","2026-01-09","0","0","571","571","UN","571","571","UN","0L","MM 0020, vendas, livre","BRL","730.88","0","09:48:43","1","18","06","00","A","","","","",
"1012","PKL","PHI180600A","89289683","JOELHO 45 SOLD 40MM FORTLEV","","","2026-01-30","0","0","111","111","UN","111","111","UN","0L","MM 0020, vendas, livre","BRL","442.89","0","10:54:02","1","18","06","00","A","","","","",
"1012","PKL","PHI180600A","89289676","JOELHO 45 SOLD 32MM FORTLEV","","","2025-11-04","0","0","549","549","UN","549","549","UN","0L","MM 0020, vendas, livre","BRL","1317.60","0","20:13:59","1","18","06","00","A","","","","",
"1012","PKL","PHI180600A","89289634","CURVA 90 SOLD 40MM FORTLEV","","","2025-12-20","0","0","82","82","UN","82","82","UN","0L","MM 0020, vendas, livre","BRL","615.00","0","09:36:15","1","18","06","00","A","","","","",
"1012","PKL","PHI180600A","89289620","CURVA 90 SOLD 32MM FORTLEV","","","2026-01-16","0","0","184","184","UN","184","184","UN","0L","MM 0020, vendas, livre","BRL","793.04","0","14:57:34","1","18","06","00","A","","","","",
"1012","PKL","PHI180600A","89289571","CAP SOLD 40MM FORTLEV","","","2025-12-11","0","0","114","114","UN","114","114","UN","0L","MM 0020, vendas, livre","BRL","291.84","0","17:32:33","1","18","06","00","A","","","","",
"1012","PKL","PHI180600A","89289564","CAP SOLD 32MM FORTLEV","","","2025-12-11","0","0","218","218","UN","218","218","UN","0L","MM 0020, vendas, livre","BRL","279.04","0","17:27:31","1","18","06","00","A","","","","",
"1012","PKL","PHI180600A","89289522","BUCHA RED SOLD LONGA 40X25MM FORTLEV","","","2026-01-19","0","0","155","155","UN","155","155","UN","0L","MM 0020, vendas, livre","BRL","254.20","0","11:03:45","1","18","06","00","A","","","","",
"1012","PKL","PHI180600A","89289515","BUCHA RED SOLD CURTA 40X32MM FORTLEV","","","2025-12-20","0","0","91","91","UN","91","91","UN","0L","MM 0020, vendas, livre","BRL","141.05","0","08:32:08","1","18","06","00","A","","","","",
"1012","PKL","PHI180600A","89610766","REG ESF SOLD C/ ANEL PVC 40MM FORTLEV","","","2025-10-31","0","0","26","26","UN","26","26","UN","0L","MM 0020, vendas, livre","BRL","687.70","0","15:16:47","1","18","06","00","A","","","","",
"1012","PKL","PHI180600A","89565343","BUCHA RED ROSC 1X1/2 KRONA","","","2025-09-16","0","0","111","111","UN","111","111","UN","0L","MM 0020, vendas, livre","BRL","176.49","0","12:41:30","1","18","06","00","A","","","","",
"1012","PKL","PHI180600A","89565350","BUCHA RED ROSC 1X3/4 KRONA","","","2025-06-23","0","0","54","54","UN","54","54","UN","0L","MM 0020, vendas, livre","BRL","86.94","0","12:50:44","1","18","06","00","A","","","","",
"1012","PKL","PHI180600A","89565413","CAP ROSC 1 KRONA","","","2025-06-02","0","0","347","347","UN","347","347","UN","0L","MM 0020, vendas, livre","BRL","985.48","0","16:05:16","1","18","06","00","A","","","","",
"1012","PKL","PHI180600A","89565441","JOELHO 45 ROSC 1 KRONA","","","2025-08-25","0","0","247","247","UN","247","247","UN","0L","MM 0020, vendas, livre","BRL","1459.77","0","16:36:57","1","18","06","00","A","","","","",
"1012","PKL","PHI180600A","89565476","JOELHO 90 ROSC 1 KRONA","","","2025-08-25","0","0","516","516","UN","516","516","UN","0L","MM 0020, vendas, livre","BRL","1517.04","0","11:13:38","1","18","06","00","A","","","","",
"1012","PKL","PHI180600A","89565490","JOELHO 90 RED ROSC 1X3/4 KRONA","","","2024-09-24","0","0","292","292","UN","292","292","UN","0L","MM 0020, vendas, livre","BRL","1004.48","0","11:46:46","1","18","06","00","A","","","","",
"1012","PKL","PHI180600A","89565525","LUVA ROSC 1 KRONA","","","2025-10-02","0","0","225","225","UN","225","225","UN","0L","MM 0020, vendas, livre","BRL","499.50","0","06:49:22","1","18","06","00","A","","","","",
"1012","PKL","PHI180600A","89565560","NIPLE ROSC 1 KRONA","","","2026-01-22","0","0","232","232","UN","232","232","UN","0L","MM 0020, vendas, livre","BRL","396.72","0","18:27:49","1","18","06","00","A","","","","",
"1012","PKL","PHI180600A","89565595","PLUG ROSC 1 KRONA","","","2026-01-16","0","0","987","987","UN","987","987","UN","0L","MM 0020, vendas, livre","BRL","2102.31","0","19:36:45","1","18","06","00","A","","","","",
"1012","PKL","PHI180600A","89565616","TE ROSC 1 KRONA","","","2025-11-30","0","0","147","147","UN","147","147","UN","0L","MM 0020, vendas, livre","BRL","808.50","0","12:51:25","1","18","06","00","A","","","","",
"1012","PKL","PHI180600A","89565651","UNIAO ROSC 1 KRONA","","","2025-09-16","0","0","66","66","UN","66","66","UN","0L","MM 0020, vendas, livre","BRL","648.12","0","12:41:30","1","18","06","00","A","","","","",
"1012","PKL","PHI180600A","89567352","REG ESF SOLD COMP PVC 32MM KRONA","","","2026-01-02","0","0","82","82","UN","82","82","UN","0L","MM 0020, vendas, livre","BRL","559.24","0","15:15:12","1","18","06","00","A","","","","",
"1012","PKL","PHI180600A","89567793","REG ESF SOLD COMP PVC 40MM KRONA","","","2026-01-02","0","0","27","27","UN","27","27","UN","0L","MM 0020, vendas, livre","BRL","285.12","0","15:15:12","1","18","06","00","A","","","","",
"1012","PKL","PHI180600A","89610752","REG ESF SOLD C/ ANEL PVC 32MM FORTLEV","","","2025-11-21","0","0","33","33","UN","33","33","UN","0L","MM 0020, vendas, livre","BRL","636.57","0","16:20:49","1","18","06","00","A","","","","",
"1012","PKL","PHI180700A","89103910","ENGATE FLEX METAL MF 30CM 1/2 DECA","","","2025-10-06","0","0","60","60","UN","60","60","UN","0L","MM 0020, vendas, livre","BRL","983.40","0","13:31:21","1","18","07","00","A","","","","",
"1012","PKL","PHI180700A","89073236","ENGATE FLEX METAL MF 40CM 1/2 DECA","","","2025-10-02","0","0","37","37","UN","37","37","UN","0L","MM 0020, vendas, livre","BRL","703.00","0","06:49:21","1","18","07","00","A","","","","",
"1012","PKL","PHI180700A","89053223","TUBO EXT MAQUINA LAVAR CZ BLUKIT","","","2025-11-13","0","0","7","7","UN","7","7","UN","0L","MM 0020, vendas, livre","BRL","93.31","0","10:48:58","1","18","07","00","A","","","","",
"1012","PKL","PHI180700A","89053174","TUBO LIG EXT AJUST VASO BR 1.1/2 BLUKIT","","","2026-01-07","0","0","17","17","UN","17","17","UN","0L","MM 0020, vendas, livre","BRL","151.98","0","09:44:08","1","18","07","00","A","","","","",
"1012","PKL","PHI180700A","89052271","ESPUDE C/PARAF TB LIG BR 1.1/2X40MM BLUK","","","2025-10-02","0","0","1","1","UN","1","1","UN","0L","MM 0020, vendas, livre","BRL","16.22","0","06:49:21","1","18","07","00","A","","","","",
"1012","PKL","PHI180700A","89047154","ESPUDE PLAST VASO SANIT 1.1/2 ASTRA","","","2026-01-28","0","0","103","103","UN","103","103","UN","0L","MM 0020, vendas, livre","BRL","319.30","0","08:40:49","1","18","07","00","A","","","","",
"1012","PKL","PHI180700A","89045313","CX DESCARGA CZ 6/9L ASTRA","","","2026-01-28","0","0","19","19","UN","19","19","UN","0L","MM 0020, vendas, livre","BRL","530.67","0","08:40:50","1","18","07","00","A","","","","",
"1012","PKL","PHI180700A","89045306","CX DESCARGA BR 6/9L ASTRA","","","2026-01-14","0","0","43","43","UN","43","43","UN","0L","MM 0020, vendas, livre","BRL","1200.56","0","08:37:20","1","18","07","00","A","","","","",
"1012","PKL","PHI180700A","89045285","ESPUDE PLAST VASO SANIT 2.1/2 ASTRA","","","2024-09-02","0","0","22","22","UN","22","22","UN","0L","MM 0020, vendas, livre","BRL","183.92","0","15:29:49","1","18","07","00","A","","","","",
"1012","PKL","PHI180700A","89045264","BOLSA LIGACAO VASO SANIT 1.1/2 ASTRA","","","2025-12-12","0","0","8","8","UN","8","8","UN","0L","MM 0020, vendas, livre","BRL","49.76","0","09:00:01","1","18","07","00","A","","","","",
"1012","PKL","PHI180700A","89043136","ENGATE FLEX PLAST AF FF 60CM 1/2 TIGRE","","","2026-01-06","0","0","58","58","UN","58","58","UN","0L","MM 0020, vendas, livre","BRL","244.76","0","13:44:35","1","18","07","00","A","","","","",
"1012","PKL","PHI180700A","89043122","ENGATE FLEX PLAST AF FF 50CM 1/2 TIGRE","","","2026-01-31","0","0","102","102","UN","102","102","UN","0L","MM 0020, vendas, livre","BRL","350.88","0","14:11:20","1","18","07","00","A","","","","",
"1012","PKL","PHI180700A","89043094","ADAPT P/ MAQ LAVAR 1 E 3/4 TIGRE","","","2025-10-02","0","0","9","9","UN","9","9","UN","0L","MM 0020, vendas, livre","BRL","149.13","0","06:49:21","1","18","07","00","A","","","","",
"1012","PKL","PHI180700A","89407563","ACAB VALV DESCARGA BR DOCOL CENSI","","","2026-01-29","0","0","10","10","UN","10","10","UN","0L","MM 0020, vendas, livre","BRL","190.10","0","10:44:33","1","18","07","00","A","","","","",
"1012","PKL","PHI180700A","89407661","ENGATE RIG METAL MF 40CM 3/4 DISTAK","","","2025-10-02","0","0","12","12","UN","12","12","UN","0L","MM 0020, vendas, livre","BRL","514.92","0","06:49:21","1","18","07","00","A","","","","",
"1012","PKL","PHI180700A","89407654","ENGATE RIG METAL MF 40CM 1/2 DISTAK","","","2025-10-02","0","0","10","10","UN","10","10","UN","0L","MM 0020, vendas, livre","BRL","341.50","0","06:49:21","1","18","07","00","A","","","","",
"1012","PKL","PHI180700A","89103924","ENGATE FLEX METAL MF 50CM 1/2 DECA","","","2025-11-14","0","0","53","53","UN","53","53","UN","0L","MM 0020, vendas, livre","BRL","1535.94","0","11:06:30","1","18","07","00","A","","","","",
"1012","PKL","PHI180700A","89104036","REPARO VALV DESCARGA HYDRA MAX","","","2024-09-05","0","0","117","117","UN","117","117","UN","0L","MM 0020, vendas, livre","BRL","6169.41","0","15:04:00","1","18","07","00","A","","","","",
"1012","PKL","PHI180700A","89104120","BASE VALV DESC 1.1/2 HYDRA MAX","","","2025-11-21","0","0","20","20","UN","20","20","UN","0L","MM 0020, vendas, livre","BRL","2924.00","0","09:51:18","1","18","07","00","A","","","","",
"1012","PKL","PHI180700A","89109741","ACAB VALV DESCARGA CR HYDRA MAX CENSI","","","2026-01-29","0","0","19","19","UN","19","19","UN","0L","MM 0020, vendas, livre","BRL","735.49","0","10:44:33","1","18","07","00","A","","","","",
"1012","PKL","PHI180700A","89109853","ACAB VALV DESCARGA CR HYDRA CENSI","","","2025-12-04","0","0","11","11","UN","11","11","UN","0L","MM 0020, vendas, livre","BRL","521.18","0","13:59:00","1","18","07","00","A","","","","",
"1012","PKL","PHI180700A","89109965","ACAB VALV DESCARGA CR/PT DOCOL CENSI","","","2025-12-04","0","0","13","13","UN","13","13","UN","0L","MM 0020, vendas, livre","BRL","475.67","0","13:59:00","1","18","07","00","A","","","","",
"1012","PKL","PHI180700A","89110294","REPARO VALV DESCARGA DECA CENSI","","","2025-10-10","0","0","20","20","UN","20","20","UN","0L","MM 0020, vendas, livre","BRL","469.80","0","11:38:05","1","18","07","00","A","","","","",
"1012","PKL","PHI180700A","89110511","REPARO VALV DESCARGA HYDRA MAX","","","2026-01-29","0","0","29","29","UN","29","29","UN","0L","MM 0020, vendas, livre","BRL","919.01","0","10:44:33","1","18","07","00","A","","","","",
"1012","PKL","PHI180700A","89268886","BASE VALV DESC 1.1/2 DOCOL","","","2026-01-08","0","0","10","10","UN","10","10","UN","0L","MM 0020, vendas, livre","BRL","1114.80","0","18:33:28","1","18","07","00","A","","","","",
"1012","PKL","PHI180700A","89278196","CONEXAO MAQ LAVAR BLUKIT","","","2025-11-23","0","0","5","5","UN","5","5","UN","0L","MM 0020, vendas, livre","BRL","71.70","0","14:57:16","1","18","07","00","A","","","","",
"1012","PKL","PHI180700A","89288283","ENGATE FLEX METAL MF 60CM 1/2 WOG","","","2026-01-07","0","0","51","51","UN","51","51","UN","0L","MM 0020, vendas, livre","BRL","760.41","0","14:26:31","1","18","07","00","A","","","","",
"1012","PKL","PHI180700A","89288346","ENGATE FLEX METAL MF 40CM 1/2 WOG","","","2025-08-20","0","0","24","24","UN","24","24","UN","0L","MM 0020, vendas, livre","BRL","272.88","0","21:09:49","1","18","07","00","A","","","","",
"1012","PKL","PHI180700A","89288353","ENGATE FLEX METAL MF 50CM 1/2 WOG","","","2025-12-28","0","0","23","23","UN","23","23","UN","0L","MM 0020, vendas, livre","BRL","285.89","0","11:32:14","1","18","07","00","A","","","","",
"1012","PKL","PHI180700A","89288374","ENGATE FLEX METAL FF 40CM 1/2 WOG","","","2025-11-21","0","0","11","11","UN","11","11","UN","0L","MM 0020, vendas, livre","BRL","119.79","0","09:14:03","1","18","07","00","A","","","","",
"1012","PKL","PHI180700A","89288241","ENGATE FLEX METAL MF 30CM 1/2 WOG","","","2024-11-19","0","0","3","3","UN","3","3","UN","0L","MM 0020, vendas, livre","BRL","32.61","0","08:56:18","1","18","07","00","A","","","","",
"1012","PKL","PHI180700A","89311222","ENGATE FLEX PLAST AF FF 30CM 1/2 LUCON","","","2025-10-19","0","0","175","175","UN","175","175","UN","0L","MM 0020, vendas, livre","BRL","455.00","0","14:01:54","1","18","07","00","A","","","","",
"1012","PKL","PHI180700A","89311565","TUBO LIG RIG AJUST VASO BR 1.1/2 LUCONI","","","2025-05-23","0","0","14","14","UN","14","14","UN","0L","MM 0020, vendas, livre","BRL","62.16","0","14:11:57","1","18","07","00","A","","","","",
"1012","PKL","PHI180700A","89393836","CONTRA SEDE VALV HYDRAMAX 1.1/2 E 1.1/4","","","2025-12-01","0","0","6","6","UN","6","6","UN","0L","MM 0020, vendas, livre","BRL","41.16","0","16:09:54","1","18","07","00","A","","","","",
"1012","PKL","PHI180700A","89800284","ENGATE FLEX METAL MF 60CM 1/2 EMMETI","","","2026-01-16","0","0","36","36","UN","36","36","UN","0L","MM 0020, vendas, livre","BRL","504.72","0","15:55:58","1","18","07","00","A","","","","",
"1012","PKL","PHI180700A","89800291","ENGATE FLEX METAL FF 40CM 1/2 EMMETI","","","2026-01-16","0","0","31","31","UN","31","31","UN","0L","MM 0020, vendas, livre","BRL","311.86","0","15:55:58","1","18","07","00","A","","","","",
"1012","PKL","PHI180700A","89800536","ENGATE FLEX METAL MF 40CM 1/2 EMMETI","","","2025-12-19","0","0","15","15","UN","15","15","UN","0L","MM 0020, vendas, livre","BRL","188.85","0","11:18:10","1","18","07","00","A","","","","",
"1012","PKL","PHI180700A","89800543","ENGATE FLEX METAL MF 30CM 1/2 EMMETI","","","2025-08-11","0","0","26","26","UN","26","26","UN","0L","MM 0020, vendas, livre","BRL","308.36","0","15:32:26","1","18","07","00","A","","","","",
"1012","PKL","PHI180700A","89537252","KIT ACIONADO VALV DESCARGA FABRIMAR FLUX","","","2026-01-07","0","0","5","5","UN","5","5","UN","0L","MM 0020, vendas, livre","BRL","197.15","0","09:44:08","1","18","07","00","A","","","","",
"1012","PKL","PHI180700A","89540234","ENGATE FLEX PLAST AF FF 1M 1/2 KRONA","","","2026-01-13","0","0","38","38","UN","38","38","UN","0L","MM 0020, vendas, livre","BRL","255.36","0","19:02:20","1","18","07","00","A","","","","",
"1012","PKL","PHI180700A","89564874","ACAB VALV DESCARGA DUAL FLUX BR FABRIMAR","","","2026-02-02","0","0","5","5","UN","5","5","UN","0L","MM 0020, vendas, livre","BRL","140.15","0","08:21:20","1","18","07","00","A","","","","",
"1012","PKL","PHI180700A","89564895","ACAB VALV DESCARGA DUAL FLUX CR FABRIMAR","","","2026-02-02","0","0","5","5","UN","5","5","UN","0L","MM 0020, vendas, livre","BRL","210.95","0","08:21:20","1","18","07","00","A","","","","",
"1012","PKL","PHI180700A","89564902","ACAB VALV DESCARGA MUNDI CR FABRIMAR","","","2026-02-02","0","0","4","4","UN","4","4","UN","0L","MM 0020, vendas, livre","BRL","347.88","0","08:21:20","1","18","07","00","A","","","","",
"1012","PKL","PHI180700A","89647586","MANG SAIDA TANQUINHO 1,30M COFLEX","","","2024-09-26","0","0","18","18","UN","18","18","UN","0L","MM 0020, vendas, livre","BRL","142.38","0","17:32:58","1","18","07","00","A","","","","",
"1012","PKL","PHI180700A","89647593","MANG ENTRADA TANQUINHO 1,20M COFLEX","","","2024-09-26","0","0","14","14","UN","14","14","UN","0L","MM 0020, vendas, livre","BRL","114.94","0","17:32:58","1","18","07","00","A","","","","",
"1012","PKL","PHI180700A","89659885","ADAPT P/ MAQ LAVAR 1 E 3/4 BLUKIT","","","2024-10-03","0","0","1","1","UN","1","1","UN","0L","MM 0020, vendas, livre","BRL","17.42","0","12:49:02","1","18","07","00","A","","","","",
"1012","PKL","PHI180700A","89911815","REGULADOR VAZAO ECONOMASTER CR FABRIMAR","","","2025-10-30","0","0","4","4","UN","4","4","UN","0L","MM 0020, vendas, livre","BRL","223.24","0","10:41:53","1","18","07","00","A","","","","",
"1012","PKL","PHI180700A","89738915","KIT ENGATE MET, ESPUDE, PARAF INOX B10","","","2026-01-09","0","0","1","1","UN","1","1","UN","0L","MM 0020, vendas, livre","BRL","63.94","0","11:05:29","1","18","07","00","A","","","","",
"1012","PKL","PHI180700A","89715745","MANG ENTRADA MAQ LAVAR 1,4M CRISTAL PLAS","","","2025-12-03","0","0","43","43","UN","43","43","UN","0L","MM 0020, vendas, livre","BRL","246.82","0","15:56:25","1","18","07","00","A","","","","",
"1012","PKL","PHI180700A","89715794","MANG SAIDA MAQ LAV RETO 1,40M PLASBOHN","","","2025-06-24","0","0","28","28","UN","28","28","UN","0L","MM 0020, vendas, livre","BRL","98.28","0","15:45:38","1","18","07","00","A","","","","",
"1012","PKL","PHI180700A","89700324","ENGATE FLEX PLAST AF FF 40CM 1/2 PT ASTR","","","2026-01-14","0","0","9","9","UN","9","9","UN","0L","MM 0020, vendas, livre","BRL","44.37","0","08:37:20","1","18","07","00","A","","","","",
"1012","PKL","PHI180800A","89568010","REG ESF SOLD COMP PVC 60MM KRONA","","","2025-12-23","0","0","13","13","UN","13","13","UN","0L","MM 0020, vendas, livre","BRL","288.99","0","08:28:12","1","18","08","00","A","","","","",
"1012","PKL","PHI180800A","89610780","REG ESF SOLD C/ ANEL PVC 50MM FORTLEV","","","2025-12-29","0","0","74","74","UN","74","74","UN","0L","MM 0020, vendas, livre","BRL","1621.34","0","10:49:48","1","18","08","00","A","","","","",
"1012","PKL","PHI180800A","89055652","ABRAC ENCAIXE TUBO PVC 20MM TIGRE","","","2025-12-02","0","0","108","108","UN","108","108","UN","0L","MM 0020, vendas, livre","BRL","496.80","0","12:38:41","1","18","08","00","A","","","","",
"1012","PKL","PHI180800A","89055953","CURVA 45 SOLD 20MM TIGRE","","","2025-11-25","0","0","24","24","UN","24","24","UN","0L","MM 0020, vendas, livre","BRL","67.44","0","13:25:30","1","18","08","00","A","","","","",
"1012","PKL","PHI180800A","89207195","TUBO SOLD AF PVC 3M 50MM FORTLEV","","","2026-01-15","0","4","224","228","UN","224","228","UN","0L","MM 0020, vendas, livre","BRL","6958.56","0","20:44:36","1","18","08","00","A","","","","",
"1012","PKL","PHI180800A","89207741","ADAPT ANEL SOLD CX DAGUA 50MM FORTLEV","","","2025-12-19","0","0","377","377","UN","377","377","UN","0L","MM 0020, vendas, livre","BRL","4799.21","0","09:57:13","1","18","08","00","A","","","","",
"1012","PKL","PHI180800A","89208385","LUVA CORRER SOLD 50MM FORTLEV","","","2025-12-11","0","0","31","31","UN","31","31","UN","0L","MM 0020, vendas, livre","BRL","542.81","0","17:27:31","1","18","08","00","A","","","","",
"1012","PKL","PHI180800A","89739426","PLUG ROSC 1.1/2 KRONA","","","2025-12-11","0","0","63","63","UN","63","63","UN","0L","MM 0020, vendas, livre","BRL","322.56","0","15:05:31","1","18","08","00","A","","","","",
"1012","PKL","PHI180800A","89739412","NIPLE ROSC 1.1/2 KRONA","","","2025-12-30","0","0","270","270","UN","270","270","UN","0L","MM 0020, vendas, livre","BRL","1109.70","0","15:49:28","1","18","08","00","A","","","","",
"1012","PKL","PHI180800A","89739405","CAP ROSC 1.1/2 KRONA","","","2024-09-24","0","0","123","123","UN","123","123","UN","0L","MM 0020, vendas, livre","BRL","738.00","0","11:46:47","1","18","08","00","A","","","","",
"1012","PKL","PHI180800A","89289970","TE RED SOLD 50X25MM FORTLEV","","","2026-01-14","0","0","179","179","UN","179","179","UN","0L","MM 0020, vendas, livre","BRL","971.97","0","14:29:08","1","18","08","00","A","","","","",
"1012","PKL","PHI180800A","89289942","TE SOLD 50MM FORTLEV","","","2025-12-23","0","0","188","188","UN","188","188","UN","0L","MM 0020, vendas, livre","BRL","921.20","0","08:28:12","1","18","08","00","A","","","","",
"1012","PKL","PHI180800A","89289844","LUVA SOLD 50MM FORTLEV","","","2026-01-23","0","0","441","441","UN","441","441","UN","0L","MM 0020, vendas, livre","BRL","1076.04","0","19:10:56","1","18","08","00","A","","","","",
"1012","PKL","PHI180800A","89289753","JOELHO 90 SOLD 50MM FORTLEV","","","2026-01-15","0","0","338","338","UN","338","338","UN","0L","MM 0020, vendas, livre","BRL","757.12","0","20:44:36","1","18","08","00","A","","","","",
"1012","PKL","PHI180800A","89289704","JOELHO 45 SOLD 50MM FORTLEV","","","2025-12-19","0","0","166","166","UN","166","166","UN","0L","MM 0020, vendas, livre","BRL","861.54","0","09:57:12","1","18","08","00","A","","","","",
"1012","PKL","PHI180800A","89289641","CURVA 90 SOLD 50MM FORTLEV","","","2026-01-26","0","0","86","86","UN","86","86","UN","0L","MM 0020, vendas, livre","BRL","756.80","0","12:38:25","1","18","08","00","A","","","","",
"1012","PKL","PHI180800A","89289592","CAP SOLD 50MM FORTLEV","","","2026-01-14","0","0","298","298","UN","298","298","UN","0L","MM 0020, vendas, livre","BRL","1197.96","0","14:29:08","1","18","08","00","A","","","","",
"1012","PKL","PHI180800A","89289543","BUCHA RED SOLD LONGA 50X32MM FORTLEV","","","2025-12-21","0","0","265","265","UN","265","265","UN","0L","MM 0020, vendas, livre","BRL","702.25","0","12:17:09","1","18","08","00","A","","","","",
"1012","PKL","PHI180800A","89289536","BUCHA RED SOLD LONGA 50X25MM FORTLEV","","","2026-01-23","0","0","492","492","UN","492","492","UN","0L","MM 0020, vendas, livre","BRL","905.28","0","19:10:56","1","18","08","00","A","","","","",
"1012","PKL","PHI180800A","89289480","ADAPT SOLD CURTO 50MMX1.1/2 FORTLEV","","","2026-01-24","0","0","42","42","UN","42","42","UN","0L","MM 0020, vendas, livre","BRL","125.58","0","10:14:49","1","18","08","00","A","","","","",
"1012","PKL","PHI180800A","89288094","LUVA SOLD TAPA FURO 50MM ESTRELA","","","2025-11-29","0","0","4","4","UN","4","4","UN","0L","MM 0020, vendas, livre","BRL","70.88","0","18:07:21","1","18","08","00","A","","","","",
"1012","PKL","PHI180800A","89208791","UNIAO SOLD 50MM FORTLEV","","","2026-01-09","0","0","252","252","UN","252","252","UN","0L","MM 0020, vendas, livre","BRL","4883.76","0","09:48:33","1","18","08","00","A","","","","",
"1012","PKL","PHI180800A","89208672","CURVA 45 SOLD 50MM FORTLEV","","","2025-12-11","0","0","27","27","UN","27","27","UN","0L","MM 0020, vendas, livre","BRL","282.42","0","17:32:33","1","18","08","00","A","","","","",
"1012","PKL","PHI180800A","89567905","REG ESF SOLD COMP PVC 50MM KRONA","","","2026-01-02","0","0","249","249","UN","249","249","UN","0L","MM 0020, vendas, livre","BRL","3052.74","0","15:15:12","1","18","08","00","A","","","","",
"1012","PKL","PHI180800A","89565385","BUCHA RED ROSC 2X1 KRONA","","","2024-11-08","0","0","31","31","UN","31","31","UN","0L","MM 0020, vendas, livre","BRL","231.88","0","09:46:38","1","18","08","00","A","","","","",
"1012","PKL","PHI180800A","89565371","BUCHA RED ROSC 1.1/2X1 KRONA","","","2025-11-14","0","0","279","279","UN","279","279","UN","0L","MM 0020, vendas, livre","BRL","1057.41","0","17:18:47","1","18","08","00","A","","","","",
"1012","PKL","PHI180800A","89565364","BUCHA RED ROSC 1.1/2X3/4 KRONA","","","2024-12-17","0","0","38","38","UN","38","38","UN","0L","MM 0020, vendas, livre","BRL","134.90","0","16:24:14","1","18","08","00","A","","","","",
"1012","PKL","PHI180800A","89565315","TUBO ROSC AF PVC 3M 1 KRONA","","","2025-10-02","0","0","42","42","UN","42","42","UN","0L","MM 0020, vendas, livre","BRL","1588.02","0","06:49:20","1","18","08","00","A","","","","",
"1012","PKL","PHI180800A","89466832","TE SOLD LIGA FACIL 50MM ESTRELA","","","2024-09-09","0","0","42","42","UN","42","42","UN","0L","MM 0020, vendas, livre","BRL","1127.70","0","09:40:13","1","18","08","00","A","","","","",
"1012","PKL","PHI180800A","89808271","REG ESF SOLD COMP PVC 75MM KRONA","","","2025-08-25","0","0","1","1","UN","1","1","UN","0L","MM 0020, vendas, livre","BRL","68.94","0","11:13:38","1","18","08","00","A","","","","",
"1012","PKL","PHI180900A","89647523","KIT ACIONADO VALV DESCARGA NOVA FLUX","","","2025-12-05","0","0","2","2","UN","2","2","UN","0L","MM 0020, vendas, livre","BRL","198.14","0","08:28:24","1","18","09","00","A","","","","",
"1012","PKL","PHI180900A","89659892","CONECTOR MANGUEIRA ER 5/8 E 3/4 TRAMONT","","","2025-12-29","0","0","28","28","UN","28","28","UN","0L","MM 0020, vendas, livre","BRL","259.00","0","09:08:48","1","18","09","00","A","","","","",
"1012","PKL","PHI180900A","89715983","VALV DESC E ACAB CR 1.1/2 DOCOL","","","2025-10-02","0","0","4","4","UN","4","4","UN","0L","MM 0020, vendas, livre","BRL","1079.76","0","06:49:19","1","18","09","00","A","","","","",
"1012","PKL","PHI180900A","89716011","REPARO VALV DESCARGA 6 EM 1 ORIENTE BLUK","","","2024-10-03","0","0","4","4","UN","4","4","UN","0L","MM 0020, vendas, livre","BRL","80.32","0","12:49:02","1","18","09","00","A","","","","",
"1012","PKL","PHI180900A","89703194","SIFAO TUBO EXTENSIVEL PARA VALV BLUKIT","","","2025-10-02","0","0","11","11","UN","11","11","UN","0L","MM 0020, vendas, livre","BRL","110.22","0","06:49:19","1","18","09","00","A","","","","",
"1012","PKL","PHI180900A","89403125","MECAN ENTRA UNIV CX ACOP KEU ASTRA","","","2026-01-28","0","0","16","16","UN","16","16","UN","0L","MM 0020, vendas, livre","BRL","436.16","0","08:40:50","1","18","09","00","A","","","","",
"1012","PKL","PHI180900A","89407563","ACAB VALV DESCARGA BR DOCOL CENSI","","","2025-09-28","0","0","9","9","UN","9","9","UN","0L","MM 0020, vendas, livre","BRL","171.09","0","10:34:54","1","18","09","00","A","","","","",
"1012","PKL","PHI180900A","89047203","MECAN SAIDA UNIV CX ACOP MSU","","","2026-01-28","0","0","13","13","UN","13","13","UN","0L","MM 0020, vendas, livre","BRL","516.75","0","08:40:49","1","18","09","00","A","","","","",
"1012","PKL","PHI180900A","89047210","MECAN COMPL CX ACOP SIMPL SUP MU/S","","","2026-01-28","0","0","33","33","UN","33","33","UN","0L","MM 0020, vendas, livre","BRL","2803.35","0","08:40:50","1","18","09","00","A","","","","",
"1012","PKL","PHI180900A","89047231","ACAB VALV DESCARGA UNIV BR ASTRA","","","2026-01-22","0","0","42","42","UN","42","42","UN","0L","MM 0020, vendas, livre","BRL","993.30","0","11:37:53","1","18","09","00","A","","","","",
"1012","PKL","PHI180900A","89103952","ACAB VALV DESCARGA BR HYDRA MAX","","","2024-11-12","0","0","64","64","UN","64","64","UN","0L","MM 0020, vendas, livre","BRL","2792.96","0","10:47:46","1","18","09","00","A","","","","",
"1012","PKL","PHI180900A","89103966","ACAB VALV DESCARGA BG HYDRA MAX","","","2024-11-12","0","0","50","50","UN","50","50","UN","0L","MM 0020, vendas, livre","BRL","2182.00","0","10:47:46","1","18","09","00","A","","","","",
"1012","PKL","PHI180900A","89104043","REPARO VALV DESCARGA UNIFICADO DECA","","","2024-09-05","0","0","10","10","UN","10","10","UN","0L","MM 0020, vendas, livre","BRL","294.20","0","15:03:56","1","18","09","00","A","","","","",
"1012","PKL","PHI180900A","89104134","BASE VALV DESC 1.1/4 HYDRA MAX","","","2025-01-14","0","0","20","20","UN","20","20","UN","0L","MM 0020, vendas, livre","BRL","2533.20","0","12:06:09","1","18","09","00","A","","","","",
"1012","PKL","PHI180900A","89109741","ACAB VALV DESCARGA CR HYDRA MAX CENSI","","","2025-10-02","0","0","11","11","UN","11","11","UN","0L","MM 0020, vendas, livre","BRL","425.81","0","06:49:19","1","18","09","00","A","","","","",
"1012","PKL","PHI180900A","89109965","ACAB VALV DESCARGA CR/PT DOCOL CENSI","","","2025-10-02","0","0","8","8","UN","8","8","UN","0L","MM 0020, vendas, livre","BRL","292.72","0","06:49:19","1","18","09","00","A","","","","",
"1012","PKL","PHI180900A","89110182","REPARO VALV DESCARGA DOCOL 1.1/2 CENSI","","","2025-12-04","0","0","39","39","UN","39","39","UN","0L","MM 0020, vendas, livre","BRL","1483.95","0","13:58:57","1","18","09","00","A","","","","",
"1012","PKL","PHI180900A","89110294","REPARO VALV DESCARGA DECA CENSI","","","2025-05-22","0","0","40","40","UN","40","40","UN","0L","MM 0020, vendas, livre","BRL","939.60","0","10:07:13","1","18","09","00","A","","","","",
"1012","PKL","PHI180900A","89110406","REPARO VALV DESCARGA HYDRA LX 1.1/2","","","2024-09-20","0","0","10","10","UN","10","10","UN","0L","MM 0020, vendas, livre","BRL","187.50","0","10:40:15","1","18","09","00","A","","","","",
"1012","PKL","PHI180900A","89268991","BASE VALV DESC 1.1/4 DOCOL","","","2026-01-29","0","0","12","12","UN","12","12","UN","0L","MM 0020, vendas, livre","BRL","1326.96","0","16:57:57","1","18","09","00","A","","","","",
"1012","PKL","PHI180900A","89273135","TUBO VALV DESCARGA TIGRE","","","2026-01-06","0","0","4","4","UN","4","4","UN","0L","MM 0020, vendas, livre","BRL","23.44","0","13:44:38","1","18","09","00","A","","","","",
"1012","PKL","PHI180900A","89282711","ACAB VALV DESCARGA BR DOCOL","","","2025-10-02","0","0","5","5","UN","5","5","UN","0L","MM 0020, vendas, livre","BRL","168.25","0","06:49:19","1","18","09","00","A","","","","",
"1012","PKL","PHI180900A","89298034","REPARO VALV DESCARGA HYDRA LUXO / MASTER","","","2025-01-30","0","0","38","38","UN","38","38","UN","0L","MM 0020, vendas, livre","BRL","1717.22","0","14:47:56","1","18","09","00","A","","","","",
"1012","PKL","PHI180900A","89335862","CRUZETA VAL DESC HYDRAMAX 1.1/4 E 1.1/2","","","2024-10-03","0","0","24","24","UN","24","24","UN","0L","MM 0020, vendas, livre","BRL","43.20","0","12:49:00","1","18","09","00","A","","","","",
"1012","PKL","PHI180900A","89846785","TUBO VALV DESCARGA AMANCO","","","2026-01-26","0","0","159","159","UN","159","159","UN","0L","MM 0020, vendas, livre","BRL","1019.19","0","14:10:13","1","18","09","00","A","","","","",
"1012","PKL","PHI180900A","89564951","CONVERS ACAB VALV DESC QUART/FLUX CR FAB","","","2025-10-02","0","0","18","18","UN","18","18","UN","0L","MM 0020, vendas, livre","BRL","420.84","0","06:49:19","1","18","09","00","A","","","","",
"1012","PKL","PHI180900A","89564944","CONVERS ACAB VALV DESC MUNDI CR FABRIMAR","","","2025-01-17","0","0","18","18","UN","18","18","UN","0L","MM 0020, vendas, livre","BRL","514.80","0","10:02:05","1","18","09","00","A","","","","",
"1012","PKL","PHI180900A","89580722","MECAN SAIDA UNIV CX ACOP 9450 CENSI","","","2026-01-29","0","0","25","25","UN","25","25","UN","0L","MM 0020, vendas, livre","BRL","780.25","0","10:44:33","1","18","09","00","A","","","","",
"1012","PKL","PHI180900A","89537231","REPARO VALV DESCARGA FLUX FABRIMAR/TIGRE","","","2026-01-24","0","0","41","41","UN","41","41","UN","0L","MM 0020, vendas, livre","BRL","1418.60","0","16:59:48","1","18","09","00","A","","","","",
"1012","PKL","PHI180900A","89497933","CONVERS VALV DESC CX BAIXA CR ASTRA","","","2024-09-02","0","0","16","16","UN","16","16","UN","0L","MM 0020, vendas, livre","BRL","864.48","0","15:29:47","1","18","09","00","A","","","","",
"1012","PKL","PHI180900A","89497821","CONVERS VALV DESC CX BAIXA BR ASTRA","","","2025-10-03","0","0","5","5","UN","5","5","UN","0L","MM 0020, vendas, livre","BRL","207.55","0","16:26:05","1","18","09","00","A","","","","",
"1012","PKL","PHI180900A","89440456","TUBO DESCARGA SOBREPOR 40MMX1,60M AMANCO","","","2026-01-26","0","0","54","54","UN","54","54","UN","0L","MM 0020, vendas, livre","BRL","628.02","0","14:10:13","1","18","09","00","A","","","","",
"1012","PKL","PHI180900A","89437866","MECAN SAIDA UNIV CX ACOP DUAL MDUS/R","","","2026-01-28","0","0","11","11","UN","11","11","UN","0L","MM 0020, vendas, livre","BRL","787.49","0","08:40:46","1","18","09","00","A","","","","",
"1012","PKL","PHI180900A","89437796","CX DESC ACOP UNIVERSAL ASTRA","","","2026-01-28","0","0","2","2","UN","2","2","UN","0L","MM 0020, vendas, livre","BRL","224.48","0","08:40:46","1","18","09","00","A","","","","",
"1012","PKL","PHI180900A","89820234","CAIXA DESCARGA BR 6,8/9L TIGRE","","","2026-01-29","0","0","109","109","UN","109","109","UN","0L","MM 0020, vendas, livre","BRL","3880.40","0","11:28:21","1","18","09","00","A","","","","",
"1012","PKL","PHI181000A","89056373","JOELHO 90 SOLD RED 25X20MM TIGRE","","","2026-01-06","0","0","10","10","UN","10","10","UN","0L","MM 0020, vendas, livre","BRL","31.60","0","13:43:46","1","18","10","00","A","","","","",
"1012","PKL","PHI181000A","89056352","JOELHO 90 SOLD LR 25MMX3/4 TIGRE","","","2025-10-09","0","0","21","21","UN","21","21","UN","0L","MM 0020, vendas, livre","BRL","37.38","0","16:22:51","1","18","10","00","A","","","","",
"1012","PKL","PHI181000A","89056310","JOELHO 90 SOLD BC LT AZ 25MMX3/4 TIGRE","","","2025-11-19","0","0","278","278","UN","278","278","UN","0L","MM 0020, vendas, livre","BRL","2287.94","0","16:32:04","1","18","10","00","A","","","","",
"1012","PKL","PHI181000A","89056303","JOELHO 90 SOLD BC LT AZ 20MMX1/2 TIGRE","","","2026-02-02","0","0","272","272","UN","272","272","UN","0L","MM 0020, vendas, livre","BRL","1430.72","0","12:33:57","1","18","10","00","A","","","","",
"1012","PKL","PHI181000A","89056212","JOELHO 90 SOLD 20MM TIGRE","","","2026-01-06","0","0","929","929","UN","929","929","UN","0L","MM 0020, vendas, livre","BRL","427.34","0","13:43:46","1","18","10","00","A","","","","",
"1012","PKL","PHI181000A","89056156","JOELHO 45 SOLD 25MM TIGRE","","","2025-12-11","0","0","549","549","UN","549","549","UN","0L","MM 0020, vendas, livre","BRL","631.35","0","08:43:29","1","18","10","00","A","","","","",
"1012","PKL","PHI181000A","89056142","JOELHO 45 SOLD 20MM TIGRE","","","2026-01-06","0","0","231","231","UN","231","231","UN","0L","MM 0020, vendas, livre","BRL","293.37","0","13:43:46","1","18","10","00","A","","","","",
"1012","PKL","PHI181000A","89056121","CURVA TRANSPOSICAO SOLD 25MM TIGRE","","","2026-01-06","0","0","110","110","UN","110","110","UN","0L","MM 0020, vendas, livre","BRL","943.80","0","13:43:46","1","18","10","00","A","","","","",
"1012","PKL","PHI181000A","89056030","CURVA 90 SOLD 20MM TIGRE","","","2026-01-06","0","0","231","231","UN","231","231","UN","0L","MM 0020, vendas, livre","BRL","508.20","0","13:43:46","1","18","10","00","A","","","","",
"1012","PKL","PHI181000A","89055960","CURVA 45 SOLD 25MM TIGRE","","","2026-01-28","0","0","49","49","UN","49","49","UN","0L","MM 0020, vendas, livre","BRL","153.86","0","20:06:57","1","18","10","00","A","","","","",
"1012","PKL","PHI181000A","89055953","CURVA 45 SOLD 20MM TIGRE","","","2025-11-21","0","0","36","36","UN","36","36","UN","0L","MM 0020, vendas, livre","BRL","101.16","0","12:52:15","1","18","10","00","A","","","","",
"1012","PKL","PHI181000A","89055932","CRUZETA SOLD 25MM TIGRE","","","2025-12-02","0","0","23","23","UN","23","23","UN","0L","MM 0020, vendas, livre","BRL","347.53","0","12:38:41","1","18","10","00","A","","","","",
"1012","PKL","PHI181000A","89055862","CAP SOLD 25MM TIGRE","","","2026-01-09","0","0","730","730","UN","730","730","UN","0L","MM 0020, vendas, livre","BRL","912.50","0","16:21:08","1","18","10","00","A","","","","",
"1012","PKL","PHI181000A","89055855","CAP SOLD 20MM TIGRE","","","2026-01-29","0","0","112","112","UN","112","112","UN","0L","MM 0020, vendas, livre","BRL","142.24","0","11:28:18","1","18","10","00","A","","","","",
"1012","PKL","PHI181000A","89055680","BUCHA RED SOLD CURTA 25X20MM TIGRE","","","2026-01-29","0","0","416","416","UN","416","416","UN","0L","MM 0020, vendas, livre","BRL","241.28","0","11:28:18","1","18","10","00","A","","","","",
"1012","PKL","PHI181000A","89055666","ABRAC ENCAIXE TUBO PVC 25MM TIGRE","","","2025-12-03","0","0","51","51","UN","51","51","UN","0L","MM 0020, vendas, livre","BRL","329.97","0","08:52:26","1","18","10","00","A","","","","",
"1012","PKL","PHI181000A","89055575","ADAPT SOLD CURTO 25MMX3/4 TIGRE","","","2026-01-26","0","0","1101","1101","UN","1101","1101","UN","0L","MM 0020, vendas, livre","BRL","781.71","0","11:37:48","1","18","10","00","A","","","","",
"1012","PKL","PHI181000A","89055554","ADAPT SOLD CURTO 20MMX1/2 TIGRE","","","2026-01-02","0","0","364","364","UN","364","364","UN","0L","MM 0020, vendas, livre","BRL","305.76","0","08:49:46","1","18","10","00","A","","","","",
"1012","PKL","PHI181000A","89056394","LUVA CORRER SOLD 20MM TIGRE","","","2025-11-11","0","0","26","26","UN","26","26","UN","0L","MM 0020, vendas, livre","BRL","213.20","0","14:09:49","1","18","10","00","A","","","","",
"1012","PKL","PHI181000A","89056464","LUVA RED SOLD 25X20MM TIGRE","","","2026-01-14","0","0","135","135","UN","135","135","UN","0L","MM 0020, vendas, livre","BRL","213.30","0","15:48:44","1","18","10","00","A","","","","",
"1012","PKL","PHI181000A","89056513","LUVA SOLD 20MM TIGRE","","","2026-01-06","0","0","539","539","UN","539","539","UN","0L","MM 0020, vendas, livre","BRL","458.15","0","13:43:46","1","18","10","00","A","","","","",
"1012","PKL","PHI181000A","89056583","LUVA SOLD BUCHA LT AZ 20MMX1/2 TIGRE","","","2026-01-06","0","0","127","127","UN","127","127","UN","0L","MM 0020, vendas, livre","BRL","699.77","0","13:43:46","1","18","10","00","A","","","","",
"1012","PKL","PHI181000A","89056611","LUVA SOLD LR 20MMX1/2 TIGRE","","","2026-01-06","0","0","175","175","UN","175","175","UN","0L","MM 0020, vendas, livre","BRL","264.25","0","13:43:46","1","18","10","00","A","","","","",
"1012","PKL","PHI181000A","89056625","LUVA SOLD LR 25MMX3/4 TIGRE","","","2026-01-28","0","0","16","16","UN","16","16","UN","0L","MM 0020, vendas, livre","BRL","29.60","0","20:06:57","1","18","10","00","A","","","","",
"1012","PKL","PHI181000A","89056660","TE SOLD 20MM TIGRE","","","2025-12-16","0","0","277","277","UN","277","277","UN","0L","MM 0020, vendas, livre","BRL","227.14","0","18:51:33","1","18","10","00","A","","","","",
"1012","PKL","PHI181000A","89056744","TE SOLD BUCHA LT AZ 20MMX1/2 TIGRE","","","2026-01-24","0","0","38","38","UN","38","38","UN","0L","MM 0020, vendas, livre","BRL","355.30","0","19:49:49","1","18","10","00","A","","","","",
"1012","PKL","PHI181000A","89056751","TE SOLD BUCHA LT AZ 25MMX3/4 TIGRE","","","2025-12-16","0","0","17","17","UN","17","17","UN","0L","MM 0020, vendas, livre","BRL","195.67","0","18:51:46","1","18","10","00","A","","","","",
"1012","PKL","PHI181000A","89056765","TE SOLD LR 20MMX1/2 TIGRE","","","2026-01-06","0","0","54","54","UN","54","54","UN","0L","MM 0020, vendas, livre","BRL","167.94","0","13:43:46","1","18","10","00","A","","","","",
"1012","PKL","PHI181000A","89056772","TE SOLD LR 25MMX3/4 TIGRE","","","2025-12-16","0","0","23","23","UN","23","23","UN","0L","MM 0020, vendas, livre","BRL","109.94","0","18:51:33","1","18","10","00","A","","","","",
"1012","PKL","PHI181000A","89056814","TE RED SOLD 25X20MM TIGRE","","","2026-01-14","0","0","47","47","UN","47","47","UN","0L","MM 0020, vendas, livre","BRL","190.35","0","15:48:44","1","18","10","00","A","","","","",
"1012","PKL","PHI181000A","89197206","JOELHO 90 SOLD LR 25MMX1/2 TIGRE","","","2026-01-22","0","0","70","70","UN","70","70","UN","0L","MM 0020, vendas, livre","BRL","333.90","0","10:49:55","1","18","10","00","A","","","","",
"1012","PKL","PHI181000A","89197724","JOELHO 90 SOLD BC LT AZ 25MMX1/2 TIGRE","","","2025-12-30","0","0","389","389","UN","389","389","UN","0L","MM 0020, vendas, livre","BRL","1738.83","0","15:49:28","1","18","10","00","A","","","","",
"1012","PKL","PHI181000A","89286785","LUVA SOLD BUCHA LT AZ 25MMX1/2 TIGRE","","","2025-12-16","0","0","226","226","UN","226","226","UN","0L","MM 0020, vendas, livre","BRL","1096.10","0","18:51:17","1","18","10","00","A","","","","",
"1012","PKL","PHI181000A","89286792","TE SOLD BUCHA LT AZ 25MMX1/2 TIGRE","","","2026-01-05","0","0","376","376","UN","376","376","UN","0L","MM 0020, vendas, livre","BRL","2940.32","0","20:18:31","1","18","10","00","A","","","","",
"1012","PKL","PHI181000A","89293932","LUVA SOLD LR 25MMX1/2 TIGRE","","","2026-01-06","0","0","113","113","UN","113","113","UN","0L","MM 0020, vendas, livre","BRL","244.08","0","13:43:46","1","18","10","00","A","","","","",
"1012","PKL","PHI181000A","89293946","TE SOLD LR 25MMX1/2 TIGRE","","","2026-01-06","0","0","22","22","UN","22","22","UN","0L","MM 0020, vendas, livre","BRL","119.24","0","13:43:46","1","18","10","00","A","","","","",
"1012","PKL","PHI181000A","89055505","ADAPT ANEL SOLD CX DAGUA 20MM TIGRE","","","2025-10-07","0","0","8","8","UN","8","8","UN","0L","MM 0020, vendas, livre","BRL","101.76","0","17:02:54","1","18","10","00","A","","","","",
"1012","PKL","PHI181000A","89039601","TUBO SOLD AF PVC 3M 20MM TIGRE","","","2025-11-13","0","0","219","219","UN","219","219","UN","0L","MM 0020, vendas, livre","BRL","2233.80","0","10:25:11","1","18","10","00","A","","","","",
"1012","PKL","PHI181000A","89039615","TUBO SOLD AF PVC 3M 25MM TIGRE","","","2026-01-06","0","0","427","427","UN","427","427","UN","0L","MM 0020, vendas, livre","BRL","4748.24","0","13:43:39","1","18","10","00","A","","","","",
"1012","PKL","PHI181000A","89039741","UNIAO SOLD 20MM TIGRE","","","2025-11-21","0","0","23","23","UN","23","23","UN","0L","MM 0020, vendas, livre","BRL","154.79","0","12:52:15","1","18","10","00","A","","","","",
"1012","PKL","PHI181000A","89039755","UNIAO SOLD 25MM TIGRE","","","2026-01-06","0","0","617","617","UN","617","617","UN","0L","MM 0020, vendas, livre","BRL","4633.67","0","13:43:44","1","18","10","00","A","","","","",
"1012","PKL","PHI181000A","89041624","REG ESF SOLD COMP PVC 20MM TIGRE","","","2026-01-06","0","0","302","302","UN","302","302","UN","0L","MM 0020, vendas, livre","BRL","1661.00","0","13:44:31","1","18","10","00","A","","","","",
"1012","PKL","PHI181000A","89041680","REG ESF ROSC BORB M PVC 1/2 TIGRE","","","2026-01-22","0","0","13","13","UN","13","13","UN","0L","MM 0020, vendas, livre","BRL","223.08","0","10:49:55","1","18","10","00","A","","","","",
"1012","PKL","PHI181000A","89041701","REG ESF ROSC BORB M PVC 3/4 TIGRE","","","2025-12-16","0","0","62","62","UN","62","62","UN","0L","MM 0020, vendas, livre","BRL","1076.32","0","18:51:23","1","18","10","00","A","","","","",
"1012","PKL","PHI181000A","89041771","REG ESF SOLD C/ ANEL PVC 20MM TIGRE","","","2026-01-06","0","0","64","64","UN","64","64","UN","0L","MM 0020, vendas, livre","BRL","570.24","0","13:44:31","1","18","10","00","A","","","","",
"1012","PKL","PHI181000A","89041785","REG ESF SOLD C/ ANEL PVC 25MM TIGRE","","","2025-12-16","0","0","91","91","UN","91","91","UN","0L","MM 0020, vendas, livre","BRL","945.49","0","18:51:25","1","18","10","00","A","","","","",
"1012","PKL","PHI181000A","89042016","VALV RETENCAO SOLD PVC 25MM TIGRE","","","2025-10-02","0","0","25","25","UN","25","25","UN","0L","MM 0020, vendas, livre","BRL","713.25","0","06:49:43","1","18","10","00","A","","","","",
"1012","PKL","PHI181000A","89042072","ADESIVO PLAST PVC BISNAGA 17G TIGRE","","","2025-11-30","0","0","279","279","UN","279","279","UN","0L","MM 0020, vendas, livre","BRL","602.64","0","09:35:24","1","18","10","00","A","","","","",
"1012","PKL","PHI181000A","89042086","ADESIVO PLAST PVC BISNAGA 75G TIGRE","","","2025-12-16","0","0","112","112","UN","112","112","UN","0L","MM 0020, vendas, livre","BRL","469.28","0","18:51:25","1","18","10","00","A","","","","",
"1012","PKL","PHI181000A","89042093","ADESIVO PLAST PVC FRASCO 175G TIGRE","","","2026-01-24","0","0","355","355","UN","355","355","UN","0L","MM 0020, vendas, livre","BRL","3262.45","0","15:30:26","1","18","10","00","A","","","","",
"1012","PKL","PHI181000A","89042100","ADESIVO PLAST PVC FRASCO 850G TIGRE","","","2025-11-25","0","0","4","4","UN","4","4","UN","0L","MM 0020, vendas, livre","BRL","134.76","0","13:25:24","1","18","10","00","A","","","","",
"1012","PKL","PHI181000A","89042170","SOLUCAO LIMPADORA FRASCO 200ML TIGRE","","","2026-01-24","0","0","14","14","UN","14","14","UN","0L","MM 0020, vendas, livre","BRL","124.60","0","15:30:26","1","18","10","00","A","","","","",
"1012","PKL","PHI181000A","89043066","FITA VEDA ROSCA 18MMX10M TIGRE","","","2026-01-06","0","0","589","589","UN","589","589","UN","0L","MM 0020, vendas, livre","BRL","1519.62","0","13:44:30","1","18","10","00","A","","","","",
"1012","PKL","PHI181000A","89043073","FITA VEDA ROSCA 18MMX25M TIGRE","","","2025-12-19","0","0","333","333","UN","333","333","UN","0L","MM 0020, vendas, livre","BRL","1744.92","0","12:42:11","1","18","10","00","A","","","","",
"1012","PKL","PHI181000A","89043080","FITA VEDA ROSCA 18MMX50M TIGRE","","","2025-12-16","0","0","289","289","UN","289","289","UN","0L","MM 0020, vendas, livre","BRL","2985.37","0","18:51:42","1","18","10","00","A","","","","",
"1012","PKL","PHI181000A","89043220","LUVA SOLD BUCHA LT AZ 25MMX3/4 TIGRE","","","2025-12-16","0","0","374","374","UN","374","374","UN","0L","MM 0020, vendas, livre","BRL","1993.42","0","18:51:24","1","18","10","00","A","","","","",
"1012","PKL","PHI181000A","89055491","ADAPT ANEL SOLD CX DAGUA 25MM TIGRE","","","2026-01-27","0","0","124","124","UN","124","124","UN","0L","MM 0020, vendas, livre","BRL","1227.60","0","10:56:55","1","18","10","00","A","","","","",
"1012","PKL","PHI181100A","89304530","BOLSA VEDACAO SAIDA UNIV CX ACOP BLUKIT","","","2026-02-02","0","0","2","2","UN","2","2","UN","0L","MM 0020, vendas, livre","BRL","11.38","0","11:27:03","1","18","11","00","A","","","","",
"1012","PKL","PHI181100A","89304831","BOTAO ACIONADOR CX ACOP FRONTAL BLUKIT","","","2025-11-17","0","0","20","20","UN","20","20","UN","0L","MM 0020, vendas, livre","BRL","455.00","0","17:55:51","1","18","11","00","A","","","","",
"1012","PKL","PHI181100A","89304796","CASTELO MECANISMO SAIDA CX ACOP 9517","","","2024-12-29","0","0","29","29","UN","29","29","UN","0L","MM 0020, vendas, livre","BRL","391.21","0","15:25:01","1","18","11","00","A","","","","",
"1012","PKL","PHI181100A","89304782","BOTAO ACIONADOR CX ACOP SUP 9515 CENSI","","","2026-01-29","0","0","23","23","UN","23","23","UN","0L","MM 0020, vendas, livre","BRL","454.25","0","10:44:33","1","18","11","00","A","","","","",
"1012","PKL","PHI181100A","89209820","TORN BOIA BALAO PLAST VZ TOT 3/4 AZ GARD","","","2026-01-16","0","0","41","41","UN","41","41","UN","0L","MM 0020, vendas, livre","BRL","1942.17","0","09:09:56","1","18","11","00","A","","","","",
"1012","PKL","PHI181100A","89209806","TORN BOIA PLAST ZAMAC 3/4 AZ GARDEN","","","2025-10-02","0","0","17","17","UN","17","17","UN","0L","MM 0020, vendas, livre","BRL","205.87","0","06:49:16","1","18","11","00","A","","","","",
"1012","PKL","PHI181100A","89111743","BOTAO ACIONADOR CX ACOP SUP 9580 CENSI","","","2026-01-29","0","0","39","39","UN","39","39","UN","0L","MM 0020, vendas, livre","BRL","779.22","0","10:44:33","1","18","11","00","A","","","","",
"1012","PKL","PHI181100A","89111624","BOTAO ACIONADOR CX ACOP DUAL 9564 CENSI","","","2026-01-02","0","0","32","32","UN","32","32","UN","0L","MM 0020, vendas, livre","BRL","872.64","0","14:39:27","1","18","11","00","A","","","","",
"1012","PKL","PHI181100A","89111512","MECAN ENTRA UNIV CX ACOP MASTERFLUX 9000","","","2026-01-31","0","0","28","28","UN","28","28","UN","0L","MM 0020, vendas, livre","BRL","1052.24","0","17:36:58","1","18","11","00","A","","","","",
"1012","PKL","PHI181100A","89111400","MECAN SAIDA UNIV CX ACOP DUAL 9555 CENSI","","","2025-11-11","0","0","9","9","UN","9","9","UN","0L","MM 0020, vendas, livre","BRL","872.73","0","20:01:10","1","18","11","00","A","","","","",
"1012","PKL","PHI181100A","89111183","FERRAMENTA CX ACOPLADA UNIV CENSI","","","2025-12-04","0","0","27","27","UN","27","27","UN","0L","MM 0020, vendas, livre","BRL","1192.05","0","13:58:57","1","18","11","00","A","","","","",
"1012","PKL","PHI181100A","89046335","OBTURADOR UNIV CX ACOP KSOU ASTRA","","","2026-01-28","0","0","65","65","UN","65","65","UN","0L","MM 0020, vendas, livre","BRL","761.80","0","08:40:49","1","18","11","00","A","","","","",
"1012","PKL","PHI181100A","89304621","BOTAO ACIONADOR CX ACOP DUAL MBD/U2","","","2025-12-12","0","0","10","10","UN","10","10","UN","0L","MM 0020, vendas, livre","BRL","308.20","0","09:00:01","1","18","11","00","A","","","","",
"1012","PKL","PHI181100A","89304635","BOTAO ACIONADOR CX ACOP LATERAL EXTERN","","","2026-01-28","0","0","16","16","UN","16","16","UN","0L","MM 0020, vendas, livre","BRL","401.12","0","08:40:49","1","18","11","00","A","","","","",
"1012","PKL","PHI181100A","89304642","BOTAO ACIONADOR CX ACOP SUP MB ASTRA","","","2026-01-24","0","0","11","11","UN","11","11","UN","0L","MM 0020, vendas, livre","BRL","204.16","0","16:49:47","1","18","11","00","A","","","","",
"1012","PKL","PHI181100A","89304663","TORN BOIA CX ACOP KF ASTRA","","","2026-01-14","0","0","14","14","UN","14","14","UN","0L","MM 0020, vendas, livre","BRL","255.64","0","08:37:23","1","18","11","00","A","","","","",
"1012","PKL","PHI181100A","89304670","BOLSA VEDACAO SAIDA UNIV CX ACOP ASTRA","","","2025-12-12","0","0","31","31","UN","31","31","UN","0L","MM 0020, vendas, livre","BRL","257.61","0","09:00:01","1","18","11","00","A","","","","",
"1012","PKL","PHI181100A","89304684","REPARO MECAN ENTRA CX ACOP KE/DFN ASTRA","","","2025-10-28","0","0","12","12","UN","12","12","UN","0L","MM 0020, vendas, livre","BRL","145.08","0","08:56:22","1","18","11","00","A","","","","",
"1012","PKL","PHI181100A","89304691","CASTELO MECANISMO SAIDA CX ACOP KS/CAS","","","2025-12-12","0","0","9","9","UN","9","9","UN","0L","MM 0020, vendas, livre","BRL","185.04","0","09:00:01","1","18","11","00","A","","","","",
"1012","PKL","PHI181100A","89304705","CORRENTE FIXADOR CX ACOP ASTRA","","","2025-11-06","0","0","121","121","UN","121","121","UN","0L","MM 0020, vendas, livre","BRL","348.48","0","12:39:56","1","18","11","00","A","","","","",
"1012","PKL","PHI181100A","89304712","OBTURADOR UNIV CX ACOP KS/O ASTRA","","","2026-01-29","0","0","20","20","UN","20","20","UN","0L","MM 0020, vendas, livre","BRL","133.80","0","19:29:55","1","18","11","00","A","","","","",
"1012","PKL","PHI181100A","89335876","BOTAO ACIONADOR CX ACOP SUP BR BLUKIT","","","2026-01-07","0","0","5","5","UN","5","5","UN","0L","MM 0020, vendas, livre","BRL","66.65","0","09:44:08","1","18","11","00","A","","","","",
"1012","PKL","PHI181100A","89387424","MECAN ENTRA UNIV CX ACOP MASTERFLUX PRO","","","2024-11-22","0","0","8","8","UN","8","8","UN","0L","MM 0020, vendas, livre","BRL","344.08","0","10:58:51","1","18","11","00","A","","","","",
"1012","PKL","PHI181100A","89387431","MECAN COMPL CX ACOP SIMPL SUP 9563","","","2025-05-22","0","0","38","38","UN","38","38","UN","0L","MM 0020, vendas, livre","BRL","3318.16","0","10:07:13","1","18","11","00","A","","","","",
"1012","PKL","PHI181100A","89045411","CX DESC BAIXA DUPLO ACION ASTRA","","","2026-01-28","0","0","6","6","UN","6","6","UN","0L","MM 0020, vendas, livre","BRL","868.50","0","08:40:46","1","18","11","00","A","","","","",
"1012","PKL","PHI181100A","89403125","MECAN ENTRA UNIV CX ACOP KEU ASTRA","","","2025-12-12","0","0","8","8","UN","8","8","UN","0L","MM 0020, vendas, livre","BRL","218.08","0","09:00:01","1","18","11","00","A","","","","",
"1012","PKL","PHI181100A","89873546","KIT ACIO DUPLO P/CAIXA ACOPLADA BLUKIT","","","2026-01-31","0","0","91","91","UN","91","91","UN","0L","MM 0020, vendas, livre","BRL","9170.07","0","15:40:58","1","18","11","00","A","","","","",
"1012","PKL","PHI181100A","89873511","KIT ACIO P/ CAIXA ACOPLADA CASTELO BRA","","","2025-12-30","0","0","18","18","UN","18","18","UN","0L","MM 0020, vendas, livre","BRL","984.06","0","16:33:20","1","18","11","00","A","","","","",
"1012","PKL","PHI181100A","89738922","MECAN COMPL CX ACOP SIMPL SUP 9562 CENSI","","","2025-11-06","0","0","38","38","UN","38","38","UN","0L","MM 0020, vendas, livre","BRL","4700.60","0","09:52:04","1","18","11","00","A","","","","",
"1012","PKL","PHI181100A","89580722","MECAN SAIDA UNIV CX ACOP 9450 CENSI","","","2024-11-26","0","0","4","4","UN","4","4","UN","0L","MM 0020, vendas, livre","BRL","124.84","0","14:01:53","1","18","11","00","A","","","","",
"1012","PKL","PHI181100A","89583641","TORN BOIA LATAO 3/4 DECA","","","2025-10-14","0","0","27","27","UN","27","27","UN","0L","MM 0020, vendas, livre","BRL","1762.56","0","09:31:25","1","18","11","00","A","","","","",
"1012","PKL","PHI181100A","89537343","PARAFUSO PLAST CX ACOPLADA BLUKIT","","","2026-01-07","0","0","19","19","UN","19","19","UN","0L","MM 0020, vendas, livre","BRL","119.89","0","09:44:08","1","18","11","00","A","","","","",
"1012","PKL","PHI181100A","89437810","MECAN ENTRA UNIV CX ACOP HEU2 ASTRA","","","2026-01-28","0","0","32","32","UN","32","32","UN","0L","MM 0020, vendas, livre","BRL","1005.76","0","08:40:50","1","18","11","00","A","","","","",
"1012","PKL","PHI181200A","89293932","LUVA SOLD LR 25MMX1/2 TIGRE","","","2025-11-04","0","0","29","29","UN","29","29","UN","0L","MM 0020, vendas, livre","BRL","62.64","0","12:46:21","1","18","12","00","A","","","","",
"1012","PKL","PHI181200A","89056366","JOELHO 90 SOLD LR 32MMX3/4 TIGRE","","","2026-01-06","0","0","20","20","UN","20","20","UN","0L","MM 0020, vendas, livre","BRL","255.00","0","13:43:46","1","18","12","00","A","","","","",
"1012","PKL","PHI181200A","89056352","JOELHO 90 SOLD LR 25MMX3/4 TIGRE","","","2025-10-02","0","0","41","41","UN","41","41","UN","0L","MM 0020, vendas, livre","BRL","72.98","0","06:49:17","1","18","12","00","A","","","","",
"1012","PKL","PHI181200A","89056324","JOELHO 90 SOLD BC LT AZ 32MMX3/4 TIGRE","","","2025-12-16","0","0","15","15","UN","15","15","UN","0L","MM 0020, vendas, livre","BRL","313.95","0","18:51:46","1","18","12","00","A","","","","",
"1012","PKL","PHI181200A","89056310","JOELHO 90 SOLD BC LT AZ 25MMX3/4 TIGRE","","","2025-10-02","0","0","39","39","UN","39","39","UN","0L","MM 0020, vendas, livre","BRL","320.97","0","06:49:17","1","18","12","00","A","","","","",
"1012","PKL","PHI181200A","89056254","JOELHO 90 SOLD 32MM TIGRE","","","2025-10-16","0","0","96","96","UN","96","96","UN","0L","MM 0020, vendas, livre","BRL","181.44","0","19:09:44","1","18","12","00","A","","","","",
"1012","PKL","PHI181200A","89056240","JOELHO 90 SOLD 25MM TIGRE","","","2026-01-22","0","0","556","556","UN","556","556","UN","0L","MM 0020, vendas, livre","BRL","305.80","0","09:52:49","1","18","12","00","A","","","","",
"1012","PKL","PHI181200A","89056170","JOELHO 45 SOLD 40MM TIGRE","","","2025-12-16","0","0","65","65","UN","65","65","UN","0L","MM 0020, vendas, livre","BRL","410.15","0","19:02:04","1","18","12","00","A","","","","",
"1012","PKL","PHI181200A","89056163","JOELHO 45 SOLD 32MM TIGRE","","","2025-12-08","0","0","7","7","UN","7","7","UN","0L","MM 0020, vendas, livre","BRL","29.26","0","20:43:31","1","18","12","00","A","","","","",
"1012","PKL","PHI181200A","89056156","JOELHO 45 SOLD 25MM TIGRE","","","2025-10-02","0","0","26","26","UN","26","26","UN","0L","MM 0020, vendas, livre","BRL","29.90","0","06:49:17","1","18","12","00","A","","","","",
"1012","PKL","PHI181200A","89056065","CURVA 90 SOLD 40MM TIGRE","","","2026-01-06","0","0","34","34","UN","34","34","UN","0L","MM 0020, vendas, livre","BRL","426.02","0","13:43:46","1","18","12","00","A","","","","",
"1012","PKL","PHI181200A","89056051","CURVA 90 SOLD 32MM TIGRE","","","2025-08-12","0","0","39","39","UN","39","39","UN","0L","MM 0020, vendas, livre","BRL","184.47","0","10:48:09","1","18","12","00","A","","","","",
"1012","PKL","PHI181200A","89056044","CURVA 90 SOLD 25MM TIGRE","","","2026-01-14","0","0","678","678","UN","678","678","UN","0L","MM 0020, vendas, livre","BRL","1566.18","0","15:48:44","1","18","12","00","A","","","","",
"1012","PKL","PHI181200A","89055932","CRUZETA SOLD 25MM TIGRE","","","2025-10-07","0","0","10","10","UN","10","10","UN","0L","MM 0020, vendas, livre","BRL","151.10","0","17:02:33","1","18","12","00","A","","","","",
"1012","PKL","PHI181200A","89055883","CAP SOLD 40MM TIGRE","","","2026-01-03","0","0","11","11","UN","11","11","UN","0L","MM 0020, vendas, livre","BRL","51.48","0","11:50:24","1","18","12","00","A","","","","",
"1012","PKL","PHI181200A","89240375","TUBO SOLD AF PVC 1M 32MM AMBARTECH-TIGRE","","","2026-01-02","0","0","56","56","UN","56","56","UN","0L","MM 0020, vendas, livre","BRL","770.00","0","09:19:41","1","18","12","00","A","","","","",
"1012","PKL","PHI181200A","89056800","TE SOLD BUCHA LT AZ 32MMX3/4 TIGRE","","","2026-01-06","0","0","10","10","UN","10","10","UN","0L","MM 0020, vendas, livre","BRL","115.80","0","13:43:46","1","18","12","00","A","","","","",
"1012","PKL","PHI181200A","89056793","TE SOLD LR 32MMX3/4 TIGRE","","","2026-01-04","0","0","1","1","UN","1","1","UN","0L","MM 0020, vendas, livre","BRL","12.35","0","11:26:23","1","18","12","00","A","","","","",
"1012","PKL","PHI181200A","89056702","TE SOLD 40MM TIGRE","","","2026-01-19","0","0","55","55","UN","55","55","UN","0L","MM 0020, vendas, livre","BRL","534.05","0","11:03:45","1","18","12","00","A","","","","",
"1012","PKL","PHI181200A","89056681","TE SOLD 25MM TIGRE","","","2026-01-06","0","0","1372","1372","UN","1372","1372","UN","0L","MM 0020, vendas, livre","BRL","1289.68","0","13:43:56","1","18","12","00","A","","","","",
"1012","PKL","PHI181200A","89056646","LUVA SOLD LR 40MMX1.1/4 TIGRE","","","2025-12-16","0","0","34","34","UN","34","34","UN","0L","MM 0020, vendas, livre","BRL","406.98","0","18:51:31","1","18","12","00","A","","","","",
"1012","PKL","PHI181200A","89056632","LUVA SOLD LR 32MMX1 TIGRE","","","2026-01-06","0","0","106","106","UN","106","106","UN","0L","MM 0020, vendas, livre","BRL","561.80","0","13:43:46","1","18","12","00","A","","","","",
"1012","PKL","PHI181200A","89056625","LUVA SOLD LR 25MMX3/4 TIGRE","","","2025-11-13","0","0","114","114","UN","114","114","UN","0L","MM 0020, vendas, livre","BRL","210.90","0","10:25:15","1","18","12","00","A","","","","",
"1012","PKL","PHI181200A","89056534","LUVA SOLD 32MM TIGRE","","","2025-12-16","0","0","32","32","UN","32","32","UN","0L","MM 0020, vendas, livre","BRL","65.28","0","18:51:33","1","18","12","00","A","","","","",
"1012","PKL","PHI181200A","89056520","LUVA SOLD 25MM TIGRE","","","2025-12-16","0","0","1033","1033","UN","1033","1033","UN","0L","MM 0020, vendas, livre","BRL","671.45","0","18:51:37","1","18","12","00","A","","","","",
"1012","PKL","PHI181200A","89056485","LUVA RED SOLD 40X32MM TIGRE","","","2026-01-06","0","0","80","80","UN","80","80","UN","0L","MM 0020, vendas, livre","BRL","440.80","0","13:43:46","1","18","12","00","A","","","","",
"1012","PKL","PHI181200A","89056471","LUVA RED SOLD 32X25MM TIGRE","","","2026-01-05","0","0","5","5","UN","5","5","UN","0L","MM 0020, vendas, livre","BRL","16.20","0","11:25:26","1","18","12","00","A","","","","",
"1012","PKL","PHI181200A","89056415","LUVA CORRER SOLD 32MM TIGRE","","","2026-01-06","0","0","19","19","UN","19","19","UN","0L","MM 0020, vendas, livre","BRL","409.07","0","13:43:46","1","18","12","00","A","","","","",
"1012","PKL","PHI181200A","89056401","LUVA CORRER SOLD 25MM TIGRE","","","2025-10-07","0","0","67","67","UN","67","67","UN","0L","MM 0020, vendas, livre","BRL","837.50","0","17:02:35","1","18","12","00","A","","","","",
"1012","PKL","PHI181200A","89056380","JOELHO 90 SOLD RED 32X25MM TIGRE","","","2026-01-06","0","0","35","35","UN","35","35","UN","0L","MM 0020, vendas, livre","BRL","209.30","0","13:43:46","1","18","12","00","A","","","","",
"1012","PKL","PHI181200A","89055876","CAP SOLD 32MM TIGRE","","","2026-01-06","0","0","17","17","UN","17","17","UN","0L","MM 0020, vendas, livre","BRL","40.29","0","13:43:46","1","18","12","00","A","","","","",
"1012","PKL","PHI181200A","89039762","UNIAO SOLD 32MM TIGRE","","","2025-12-16","0","0","40","40","UN","40","40","UN","0L","MM 0020, vendas, livre","BRL","544.80","0","18:51:23","1","18","12","00","A","","","","",
"1012","PKL","PHI181200A","89039776","UNIAO SOLD 40MM TIGRE","","","2026-01-06","0","0","23","23","UN","23","23","UN","0L","MM 0020, vendas, livre","BRL","624.45","0","13:43:46","1","18","12","00","A","","","","",
"1012","PKL","PHI181200A","89041533","ADAPT SOLD CX DAGUA C/REG 25MM TIGRE","","","2024-09-18","0","0","8","8","UN","8","8","UN","0L","MM 0020, vendas, livre","BRL","457.12","0","11:46:24","1","18","12","00","A","","","","",
"1012","PKL","PHI181200A","89041631","REG ESF SOLD COMP PVC 25MM TIGRE","","","2026-01-07","0","0","256","256","UN","256","256","UN","0L","MM 0020, vendas, livre","BRL","1950.72","0","17:57:29","1","18","12","00","A","","","","",
"1012","PKL","PHI181200A","89041645","REG ESF SOLD COMP PVC 32MM TIGRE","","","2025-11-13","0","0","70","70","UN","70","70","UN","0L","MM 0020, vendas, livre","BRL","1010.10","0","10:25:17","1","18","12","00","A","","","","",
"1012","PKL","PHI181200A","89041652","REG ESF SOLD COMP PVC 40MM TIGRE","","","2025-12-16","0","0","60","60","UN","60","60","UN","0L","MM 0020, vendas, livre","BRL","1149.00","0","18:51:42","1","18","12","00","A","","","","",
"1012","PKL","PHI181200A","89041785","REG ESF SOLD C/ ANEL PVC 25MM TIGRE","","","2026-01-06","0","0","79","79","UN","79","79","UN","0L","MM 0020, vendas, livre","BRL","820.81","0","13:44:31","1","18","12","00","A","","","","",
"1012","PKL","PHI181200A","89043220","LUVA SOLD BUCHA LT AZ 25MMX3/4 TIGRE","","","2025-10-02","0","0","160","160","UN","160","160","UN","0L","MM 0020, vendas, livre","BRL","852.80","0","06:49:17","1","18","12","00","A","","","","",
"1012","PKL","PHI181200A","89055512","ADAPT ANEL SOLD CX DAGUA 32MM TIGRE","","","2026-01-06","0","0","77","77","UN","77","77","UN","0L","MM 0020, vendas, livre","BRL","1524.60","0","13:43:46","1","18","12","00","A","","","","",
"1012","PKL","PHI181200A","89055526","ADAPT ANEL SOLD CX DAGUA 40MM TIGRE","","","2026-01-29","0","0","17","17","UN","17","17","UN","0L","MM 0020, vendas, livre","BRL","495.04","0","11:28:18","1","18","12","00","A","","","","",
"1012","PKL","PHI181200A","89055582","ADAPT SOLD CURTO 32MMX1 TIGRE","","","2026-01-09","0","0","196","196","UN","196","196","UN","0L","MM 0020, vendas, livre","BRL","362.60","0","15:51:36","1","18","12","00","A","","","","",
"1012","PKL","PHI181200A","89055596","ADAPT SOLD CURTO 40MMX1.1/2 TIGRE","","","2025-12-16","0","0","30","30","UN","30","30","UN","0L","MM 0020, vendas, livre","BRL","191.70","0","18:51:48","1","18","12","00","A","","","","",
"1012","PKL","PHI181200A","89055694","BUCHA RED SOLD CURTA 32X25MM TIGRE","","","2026-01-29","0","0","350","350","UN","350","350","UN","0L","MM 0020, vendas, livre","BRL","353.50","0","11:28:18","1","18","12","00","A","","","","",
"1012","PKL","PHI181200A","89055764","BUCHA RED SOLD LONGA 40X25MM TIGRE","","","2026-02-02","0","0","203","203","UN","203","203","UN","0L","MM 0020, vendas, livre","BRL","761.25","0","11:08:06","1","18","12","00","A","","","","",
"1012","PKL","PHI181300A","89111085","FILTRO ENTRADA BIG10 COND 4200L/H HIDROF","","","2025-04-11","0","0","1","1","UN","1","1","UN","0L","MM 0020, vendas, livre","BRL","204.53","0","11:57:39","1","18","13","00","A","","","","",
"1012","PKL","PHI181300A","89111050","FILTRO ENTRADA CX DAGUA 9.3/4 ECO HIDR","","","2026-01-27","0","0","3","3","UN","3","3","UN","0L","MM 0020, vendas, livre","BRL","122.43","0","13:50:22","1","18","13","00","A","","","","",
"1012","PKL","PHI181300A","89107760","BUCHA AUM INVERTIDA CR 1/2X3/4 GARDEN","","","2025-05-29","0","0","19","19","UN","19","19","UN","0L","MM 0020, vendas, livre","BRL","82.46","0","14:36:26","1","18","13","00","A","","","","",
"1012","PKL","PHI181300A","89107732","BUCHA RED CR 3/4 X 1/2 GARDEN","","","2025-04-12","0","0","57","57","UN","57","57","UN","0L","MM 0020, vendas, livre","BRL","169.86","0","14:04:06","1","18","13","00","A","","","","",
"1012","PKL","PHI181300A","89107214","TORN BOIA PLAST BR 1 GARDEN","","","2025-10-02","0","0","20","20","UN","20","20","UN","0L","MM 0020, vendas, livre","BRL","1417.80","0","06:49:16","1","18","13","00","A","","","","",
"1012","PKL","PHI181300A","89102951","VALV ALTERNADORA PRESSAO CX DAGUA CENSI","","","2026-01-30","0","0","1","1","UN","1","1","UN","0L","MM 0020, vendas, livre","BRL","84.34","0","13:38:56","1","18","13","00","A","","","","",
"1012","PKL","PHI181300A","89053216","VALV ALTERNADORA PRESSAO CX DAGUA BLUKIT","","","2025-10-02","0","0","22","22","UN","22","22","UN","0L","MM 0020, vendas, livre","BRL","2081.20","0","06:49:16","1","18","13","00","A","","","","",
"1012","PKL","PHI181300A","89052740","NIPLE LATAO CR LONGO 1/2 BSP BLUKIT","","","2025-11-14","0","0","2","2","UN","2","2","UN","0L","MM 0020, vendas, livre","BRL","53.52","0","09:48:10","1","18","13","00","A","","","","",
"1012","PKL","PHI181300A","89048064","TORN BOIA PLAST CLICK 1-1/2-3/4 TIGRE","","","2025-10-02","0","0","4","4","UN","4","4","UN","0L","MM 0020, vendas, livre","BRL","299.72","0","06:49:16","1","18","13","00","A","","","","",
"1012","PKL","PHI181300A","89048050","TORN BOIA PLAST AZ 3/4 TIGRE","","","2025-02-20","0","0","95","95","UN","95","95","UN","0L","MM 0020, vendas, livre","BRL","1767.00","0","13:17:29","1","18","13","00","A","","","","",
"1012","PKL","PHI181300A","89048043","TORN BOIA PLAST AZ 1/2 TIGRE","","","2025-10-23","0","0","19","19","UN","19","19","UN","0L","MM 0020, vendas, livre","BRL","344.47","0","15:53:53","1","18","13","00","A","","","","",
"1012","PKL","PHI181300A","89394221","JUNCAO Y P/ FILTRO CR 1/2 GARDEN","","","2025-11-14","0","0","122","122","UN","122","122","UN","0L","MM 0020, vendas, livre","BRL","1068.72","0","13:24:36","1","18","13","00","A","","","","",
"1012","PKL","PHI181300A","89643925","LUVA ROSC GAS F ZAMAC 1/2 GARDEN","","","2026-01-16","0","0","48","48","UN","48","48","UN","0L","MM 0020, vendas, livre","BRL","245.28","0","09:09:56","1","18","13","00","A","","","","",
"1012","PKL","PHI181300A","89643883","JOELHO 90 F CR ZAMAC 3/4 GARDEN","","","2025-08-16","0","0","25","25","UN","25","25","UN","0L","MM 0020, vendas, livre","BRL","155.75","0","12:07:18","1","18","13","00","A","","","","",
"1012","PKL","PHI181300A","89643876","JOELHO 90 F CR ZAMAC 1/2 GARDEN","","","2025-05-29","0","0","16","16","UN","16","16","UN","0L","MM 0020, vendas, livre","BRL","89.92","0","14:36:26","1","18","13","00","A","","","","",
"1012","PKL","PHI181300A","89643862","TE ROSC F ZAMAC 3/4 GARDEN","","","2024-09-09","0","0","25","25","UN","25","25","UN","0L","MM 0020, vendas, livre","BRL","203.75","0","09:09:08","1","18","13","00","A","","","","",
"1012","PKL","PHI181300A","89643855","TE ROSC F ZAMAC 1/2 GARDEN","","","2026-01-16","0","0","48","48","UN","48","48","UN","0L","MM 0020, vendas, livre","BRL","354.72","0","08:40:06","1","18","13","00","A","","","","",
"1012","PKL","PHI181300A","89111092","REFIL FILTRO BIG POE 10 4200L/H COND","","","2025-01-17","0","0","5","5","UN","5","5","UN","0L","MM 0020, vendas, livre","BRL","352.25","0","10:59:00","1","18","13","00","A","","","","",
"1012","PKL","PHI181300A","89111106","FILTRO P/ BEBED CARV ATIV BR 9.3/4","","","2025-11-28","0","0","6","6","UN","6","6","UN","0L","MM 0020, vendas, livre","BRL","354.84","0","08:41:42","1","18","13","00","A","","","","",
"1012","PKL","PHI181300A","89111120","FILTRO P/ BEBED CARV ATIV TRANSP 5","","","2026-01-27","0","0","6","6","UN","6","6","UN","0L","MM 0020, vendas, livre","BRL","338.40","0","13:50:22","1","18","13","00","A","","","","",
"1012","PKL","PHI181300A","89111134","FILTRO POU C/ TORN CARVAO ATIV BR 5POL","","","2025-01-17","0","0","3","3","UN","3","3","UN","0L","MM 0020, vendas, livre","BRL","237.48","0","10:59:00","1","18","13","00","A","","","","",
"1012","PKL","PHI181300A","89111141","REFIL FILTRO BEBED CARV ATI 5 80LH","","","2025-11-28","0","0","3","3","UN","3","3","UN","0L","MM 0020, vendas, livre","BRL","43.05","0","08:41:42","1","18","13","00","A","","","","",
"1012","PKL","PHI181300A","89111155","REFIL FILTRO BEBED CARV ATI 7 100L/H","","","2025-11-14","0","0","2","2","UN","2","2","UN","0L","MM 0020, vendas, livre","BRL","38.44","0","11:17:13","1","18","13","00","A","","","","",
"1012","PKL","PHI181300A","89183024","PROLONG CURTO MF ZAMAC CR 1/2 GARDEN","","","2026-01-09","0","0","177","177","UN","177","177","UN","0L","MM 0020, vendas, livre","BRL","722.16","0","08:01:36","1","18","13","00","A","","","","",
"1012","PKL","PHI181300A","89183031","PROLONG MEDIO MF ZAMAC CR 1/2 GARDEN","","","2025-11-21","0","0","43","43","UN","43","43","UN","0L","MM 0020, vendas, livre","BRL","202.96","0","20:49:14","1","18","13","00","A","","","","",
"1012","PKL","PHI181300A","89183052","PROLONG LONGO MF ZAMAC CR 1/2 GARDEN","","","2025-12-15","0","0","82","82","UN","82","82","UN","0L","MM 0020, vendas, livre","BRL","454.28","0","13:12:38","1","18","13","00","A","","","","",
"1012","PKL","PHI181300A","89183066","PROLONG CURTO MF ZAMAC CR 3/4 GARDEN","","","2025-11-02","0","0","63","63","UN","63","63","UN","0L","MM 0020, vendas, livre","BRL","273.42","0","16:41:59","1","18","13","00","A","","","","",
"1012","PKL","PHI181300A","89183073","PROLONG MEDIO MF ZAMAC CR 3/4 GARDEN","","","2025-09-18","0","0","35","35","UN","35","35","UN","0L","MM 0020, vendas, livre","BRL","154.70","0","19:18:56","1","18","13","00","A","","","","",
"1012","PKL","PHI181300A","89183080","PROLONG LONGO MF ZAMAC CR 3/4 GARDEN","","","2025-07-29","0","0","28","28","UN","28","28","UN","0L","MM 0020, vendas, livre","BRL","149.24","0","17:59:00","1","18","13","00","A","","","","",
"1012","PKL","PHI181300A","89207874","TORN BOIA PLAST AZ 1/2-3/4 FORTLEV","","","2025-10-21","0","0","55","55","UN","55","55","UN","0L","MM 0020, vendas, livre","BRL","526.35","0","15:43:47","1","18","13","00","A","","","","",
"1012","PKL","PHI181300A","89209813","TORN BOIA BALAO PLAST VZ TOT 1/2 AZ GARD","","","2025-10-02","0","0","19","19","UN","19","19","UN","0L","MM 0020, vendas, livre","BRL","822.13","0","06:49:16","1","18","13","00","A","","","","",
"1012","PKL","PHI181300A","89209834","TORN BOIA BALAO PLAST VZ TOT 1 AZ GARDEN","","","2025-10-02","0","0","15","15","UN","15","15","UN","0L","MM 0020, vendas, livre","BRL","656.10","0","06:49:16","1","18","13","00","A","","","","",
"1012","PKL","PHI181300A","89250784","CAIXA PROTECAO PASSEIO PP 1/2 E 3/4 DOAL","","","2025-07-24","0","0","23","23","UN","23","23","UN","0L","MM 0020, vendas, livre","BRL","943.92","0","11:02:17","1","18","13","00","A","","","","",
"1012","PKL","PHI181300A","89250665","UNIAO TUBO PEAD DN20 DOAL","","","2026-01-11","0","0","1","1","UN","1","1","UN","0L","MM 0020, vendas, livre","BRL","3.27","0","14:00:32","1","18","13","00","A","","","","",
"1012","PKL","PHI181300A","89643813","DERIVADOR PAR P/ MAQ LAVAR GARDEN","","","2025-12-15","0","0","41","41","UN","41","41","UN","0L","MM 0020, vendas, livre","BRL","362.44","0","11:01:33","1","18","13","00","A","","","","",
"1012","PKL","PHI181300A","89564104","HIDROMETRO MULTJ 20M3/H QN10 1.1/2 MET","","","2026-01-19","0","0","1","1","UN","1","1","UN","0L","MM 0020, vendas, livre","BRL","593.11","0","15:18:48","1","18","13","00","A","","","","",
"1012","PKL","PHI181300A","89564202","HIDROMETRO UNIJ 5M3/H QN2,5 3/4 115 MET","","","2025-12-10","0","0","3","3","UN","3","3","UN","0L","MM 0020, vendas, livre","BRL","266.34","0","12:04:18","1","18","13","00","A","","","","",
"1012","PKL","PHI181300A","89564300","HIDROMETRO UNIJ 3M3/H QN1,5 3/4 PLAST","","","2025-12-10","0","0","15","15","UN","15","15","UN","0L","MM 0020, vendas, livre","BRL","731.85","0","12:04:18","1","18","13","00","A","","","","",
"1012","PKL","PHI181300A","89564314","HIDROMETRO UNIJ 3M3/H QN1,5 3/4 115 MET","","","2025-12-10","0","0","14","14","UN","14","14","UN","0L","MM 0020, vendas, livre","BRL","889.00","0","12:04:18","1","18","13","00","A","","","","",
"1012","PKL","PHI181300A","89564342","HIDROMETRO MULTJ 10M3/H QN5,0 1 260 MET","","","2026-01-19","0","0","2","2","UN","2","2","UN","0L","MM 0020, vendas, livre","BRL","541.46","0","15:18:48","1","18","13","00","A","","","","",
"1012","PKL","PHI181300A","89599846","COLAR TOMADA PVC DN50X3/4 TIGRE","","","2026-01-18","0","0","38","38","UN","38","38","UN","0L","MM 0020, vendas, livre","BRL","299.44","0","13:56:39","1","18","13","00","A","","","","",
"1012","PKL","PHI181300A","89610430","PROLONG LONGO MF LATAO CR 60MM 1/2 FURKI","","","2025-12-09","0","0","12","12","UN","12","12","UN","0L","MM 0020, vendas, livre","BRL","122.88","0","11:20:45","1","18","13","00","A","","","","",
"1012","PKL","PHI181300A","89610451","NIPLE LATAO CR 1/2 BSP FURKIN","","","2026-01-16","0","0","52","52","UN","52","52","UN","0L","MM 0020, vendas, livre","BRL","352.56","0","08:40:06","1","18","13","00","A","","","","",
"1012","PKL","PHI181300A","89610472","PROLONG CURTO MF LATAO CR 20MM 1/2 FURKI","","","2025-12-09","0","0","130","130","UN","130","130","UN","0L","MM 0020, vendas, livre","BRL","975.00","0","11:20:45","1","18","13","00","A","","","","",
"1012","PKL","PHI181300A","89673962","NIPLE LATAO CR 3/4 BSP FURKIN","","","2024-09-11","0","0","4","4","UN","4","4","UN","0L","MM 0020, vendas, livre","BRL","65.44","0","11:54:05","1","18","13","00","A","","","","",
"1012","PKL","PHI181300A","89673955","NIPLE RED CR 1/2XM14 FURKIN","","","2025-01-28","0","0","10","10","UN","10","10","UN","0L","MM 0020, vendas, livre","BRL","97.50","0","07:48:23","1","18","13","00","A","","","","",
"1012","PKL","PHI181300A","89673941","TE M CR LATAO 1/2 FURKIN","","","2025-12-09","0","0","48","48","UN","48","48","UN","0L","MM 0020, vendas, livre","BRL","1099.20","0","11:20:45","1","18","13","00","A","","","","",
"1012","PKL","PHI181300A","89673920","JOELHO 90 MF CR 3/4 FURKIN","","","2025-03-13","0","0","33","33","UN","33","33","UN","0L","MM 0020, vendas, livre","BRL","682.11","0","18:34:54","1","18","13","00","A","","","","",
"1012","PKL","PHI181300A","89673913","JOELHO 90 MF CR 1/2 FURKIN","","","2025-04-25","0","0","7","7","UN","7","7","UN","0L","MM 0020, vendas, livre","BRL","148.68","0","15:15:24","1","18","13","00","A","","","","",
"1012","PKL","PHI181300A","89673731","NIPLE LATAO CR 1/2 X 3/4 BSP FURKIN","","","2026-01-19","0","0","13","13","UN","13","13","UN","0L","MM 0020, vendas, livre","BRL","234.13","0","15:54:40","1","18","13","00","A","","","","",
"1012","PKL","PHI181300A","89673745","PROLONG MEDIO MF LATAO CR 40MM 1/2 FURKI","","","2025-12-09","0","0","15","15","UN","15","15","UN","0L","MM 0020, vendas, livre","BRL","158.10","0","11:20:45","1","18","13","00","A","","","","",
"1012","PKL","PHI181300A","89673892","CHAVE FILTRO SLIM HIDROFILTROS","","","2025-11-28","0","0","7","7","UN","7","7","UN","0L","MM 0020, vendas, livre","BRL","62.58","0","08:41:42","1","18","13","00","A","","","","",
"1012","PKL","PHI181300A","89673836","LUVA LATAO CR 1/2 FURKIN","","","2025-06-09","0","0","27","27","UN","27","27","UN","0L","MM 0020, vendas, livre","BRL","324.27","0","15:22:22","1","18","13","00","A","","","","",
"1012","PKL","PHI181400A","89056366","JOELHO 90 SOLD LR 32MMX3/4 TIGRE","","","2024-09-18","0","0","8","8","UN","8","8","UN","0L","MM 0020, vendas, livre","BRL","102.00","0","09:23:45","1","18","14","00","A","","","","",
"1012","PKL","PHI181400A","89056415","LUVA CORRER SOLD 32MM TIGRE","","","2024-12-26","0","0","8","8","UN","8","8","UN","0L","MM 0020, vendas, livre","BRL","172.24","0","16:01:05","1","18","14","00","A","","","","",
"1012","PKL","PHI181400A","89056261","JOELHO 90 SOLD 40MM TIGRE","","","2026-02-02","0","0","147","147","UN","147","147","UN","0L","MM 0020, vendas, livre","BRL","682.08","0","11:08:06","1","18","14","00","A","","","","",
"1012","PKL","PHI181400A","89056163","JOELHO 45 SOLD 32MM TIGRE","","","2025-11-04","0","0","163","163","UN","163","163","UN","0L","MM 0020, vendas, livre","BRL","681.34","0","12:46:21","1","18","14","00","A","","","","",
"1012","PKL","PHI181400A","89056422","LUVA CORRER SOLD 40MM TIGRE","","","2024-09-18","0","0","4","4","UN","4","4","UN","0L","MM 0020, vendas, livre","BRL","88.68","0","09:22:41","1","18","14","00","A","","","","",
"1012","PKL","PHI181400A","89056436","LUVA CORRER SOLD 50MM TIGRE","","","2026-01-30","0","0","22","22","UN","22","22","UN","0L","MM 0020, vendas, livre","BRL","674.30","0","11:59:55","1","18","14","00","A","","","","",
"1012","PKL","PHI181400A","89056471","LUVA RED SOLD 32X25MM TIGRE","","","2025-11-30","0","0","123","123","UN","123","123","UN","0L","MM 0020, vendas, livre","BRL","398.52","0","09:35:24","1","18","14","00","A","","","","",
"1012","PKL","PHI181400A","89056485","LUVA RED SOLD 40X32MM TIGRE","","","2025-10-02","0","0","16","16","UN","16","16","UN","0L","MM 0020, vendas, livre","BRL","88.16","0","06:49:15","1","18","14","00","A","","","","",
"1012","PKL","PHI181400A","89056492","LUVA RED SOLD 60X50MM TIGRE","","","2026-01-25","0","0","46","46","UN","46","46","UN","0L","MM 0020, vendas, livre","BRL","592.02","0","09:04:45","1","18","14","00","A","","","","",
"1012","PKL","PHI181400A","89056065","CURVA 90 SOLD 40MM TIGRE","","","2025-10-02","0","0","2","2","UN","2","2","UN","0L","MM 0020, vendas, livre","BRL","25.06","0","06:49:15","1","18","14","00","A","","","","",
"1012","PKL","PHI181400A","89056051","CURVA 90 SOLD 32MM TIGRE","","","2025-10-02","0","0","11","11","UN","11","11","UN","0L","MM 0020, vendas, livre","BRL","52.03","0","06:49:15","1","18","14","00","A","","","","",
"1012","PKL","PHI181400A","89055995","CURVA 45 SOLD 50MM TIGRE","","","2026-01-06","0","0","17","17","UN","17","17","UN","0L","MM 0020, vendas, livre","BRL","202.47","0","13:43:46","1","18","14","00","A","","","","",
"1012","PKL","PHI181400A","89055981","CURVA 45 SOLD 40MM TIGRE","","","2024-12-03","0","0","12","12","UN","12","12","UN","0L","MM 0020, vendas, livre","BRL","63.12","0","09:29:25","1","18","14","00","A","","","","",
"1012","PKL","PHI181400A","89055974","CURVA 45 SOLD 32MM TIGRE","","","2026-01-06","0","0","2","2","UN","2","2","UN","0L","MM 0020, vendas, livre","BRL","9.36","0","13:43:46","1","18","14","00","A","","","","",
"1012","PKL","PHI181400A","89055946","CRUZETA SOLD 50MM TIGRE","","","2026-01-06","0","0","6","6","UN","6","6","UN","0L","MM 0020, vendas, livre","BRL","175.38","0","13:43:46","1","18","14","00","A","","","","",
"1012","PKL","PHI181400A","89055911","CAP SOLD 60MM TIGRE","","","2026-01-22","0","0","48","48","UN","48","48","UN","0L","MM 0020, vendas, livre","BRL","634.08","0","09:52:49","1","18","14","00","A","","","","",
"1012","PKL","PHI181400A","89055841","BUCHA RED SOLD LONGA 75X50MM TIGRE","","","2026-01-10","0","0","1","1","UN","1","1","UN","0L","MM 0020, vendas, livre","BRL","15.78","0","16:59:58","1","18","14","00","A","","","","",
"1012","PKL","PHI181400A","89055820","BUCHA RED SOLD LONGA 60X32MM TIGRE","","","2026-01-29","0","0","16","16","UN","16","16","UN","0L","MM 0020, vendas, livre","BRL","211.84","0","11:28:18","1","18","14","00","A","","","","",
"1012","PKL","PHI181400A","89056534","LUVA SOLD 32MM TIGRE","","","2025-10-02","0","0","69","69","UN","69","69","UN","0L","MM 0020, vendas, livre","BRL","140.76","0","06:49:15","1","18","14","00","A","","","","",
"1012","PKL","PHI181400A","89056541","LUVA SOLD 40MM TIGRE","","","2025-11-04","0","0","71","71","UN","71","71","UN","0L","MM 0020, vendas, livre","BRL","313.82","0","12:46:19","1","18","14","00","A","","","","",
"1012","PKL","PHI181400A","89745775","TUBO SOLD AF PVC 1M 60MM AMBARTECH-TIGRE","","","2025-09-12","0","0","1","1","UN","1","1","UN","0L","MM 0020, vendas, livre","BRL","34.57","0","16:35:02","1","18","14","00","A","","","","",
"1012","PKL","PHI181400A","89056870","TE RED SOLD 50X32MM TIGRE","","","2026-01-18","0","0","61","61","UN","61","61","UN","0L","MM 0020, vendas, livre","BRL","947.33","0","13:56:39","1","18","14","00","A","","","","",
"1012","PKL","PHI181400A","89056856","TE RED SOLD 50X20MM TIGRE","","","2026-01-30","0","0","8","8","UN","8","8","UN","0L","MM 0020, vendas, livre","BRL","74.48","0","11:59:55","1","18","14","00","A","","","","",
"1012","PKL","PHI181400A","89056842","TE RED SOLD 40X32MM TIGRE","","","2025-10-02","0","0","27","27","UN","27","27","UN","0L","MM 0020, vendas, livre","BRL","211.41","0","06:49:15","1","18","14","00","A","","","","",
"1012","PKL","PHI181400A","89056835","TE RED SOLD 40X25MM TIGRE","","","2025-12-16","0","0","52","52","UN","52","52","UN","0L","MM 0020, vendas, livre","BRL","422.24","0","18:51:31","1","18","14","00","A","","","","",
"1012","PKL","PHI181400A","89056821","TE RED SOLD 32X25MM TIGRE","","","2026-01-06","0","0","81","81","UN","81","81","UN","0L","MM 0020, vendas, livre","BRL","557.28","0","13:44:37","1","18","14","00","A","","","","",
"1012","PKL","PHI181400A","89056800","TE SOLD BUCHA LT AZ 32MMX3/4 TIGRE","","","2025-04-10","0","0","10","10","UN","10","10","UN","0L","MM 0020, vendas, livre","BRL","115.80","0","13:44:27","1","18","14","00","A","","","","",
"1012","PKL","PHI181400A","89056793","TE SOLD LR 32MMX3/4 TIGRE","","","2024-09-24","0","0","28","28","UN","28","28","UN","0L","MM 0020, vendas, livre","BRL","345.80","0","15:49:13","1","18","14","00","A","","","","",
"1012","PKL","PHI181400A","89056730","TE SOLD 75MM TIGRE","","","2026-01-24","0","0","1","1","UN","1","1","UN","0L","MM 0020, vendas, livre","BRL","44.63","0","15:30:26","1","18","14","00","A","","","","",
"1012","PKL","PHI181400A","89056723","TE SOLD 60MM TIGRE","","","2026-01-13","0","0","39","39","UN","39","39","UN","0L","MM 0020, vendas, livre","BRL","946.92","0","08:30:07","1","18","14","00","A","","","","",
"1012","PKL","PHI181400A","89056716","TE SOLD 50MM TIGRE","","","2026-01-06","0","0","31","31","UN","31","31","UN","0L","MM 0020, vendas, livre","BRL","234.67","0","13:44:38","1","18","14","00","A","","","","",
"1012","PKL","PHI181400A","89056695","TE SOLD 32MM TIGRE","","","2025-12-16","0","0","129","129","UN","129","129","UN","0L","MM 0020, vendas, livre","BRL","380.55","0","18:51:46","1","18","14","00","A","","","","",
"1012","PKL","PHI181400A","89056653","LUVA SOLD LR 50MMX1.1/2 TIGRE","","","2026-01-06","0","0","45","45","UN","45","45","UN","0L","MM 0020, vendas, livre","BRL","922.05","0","13:43:46","1","18","14","00","A","","","","",
"1012","PKL","PHI181400A","89056632","LUVA SOLD LR 32MMX1 TIGRE","","","2025-10-02","0","0","74","74","UN","74","74","UN","0L","MM 0020, vendas, livre","BRL","392.20","0","06:49:15","1","18","14","00","A","","","","",
"1012","PKL","PHI181400A","89056604","LUVA SOLD BUCHA LT AZ 32MMX1 TIGRE","","","2026-01-06","0","0","26","26","UN","26","26","UN","0L","MM 0020, vendas, livre","BRL","473.98","0","13:43:46","1","18","14","00","A","","","","",
"1012","PKL","PHI181400A","89056576","LUVA SOLD 60MM TIGRE","","","2026-01-22","0","0","16","16","UN","16","16","UN","0L","MM 0020, vendas, livre","BRL","219.84","0","18:27:49","1","18","14","00","A","","","","",
"1012","PKL","PHI181400A","89039622","TUBO SOLD AF PVC 3M 32MM TIGRE","","","2026-01-06","0","0","694","694","UN","694","694","UN","0L","MM 0020, vendas, livre","BRL","17232.02","0","13:43:43","1","18","14","00","A","","","","",
"1012","PKL","PHI181400A","89039636","TUBO SOLD AF PVC 3M 40MM TIGRE","","","2025-12-16","0","0","102","102","UN","102","102","UN","0L","MM 0020, vendas, livre","BRL","4110.60","0","18:51:15","1","18","14","00","A","","","","",
"1012","PKL","PHI181400A","89039762","UNIAO SOLD 32MM TIGRE","","","2025-10-02","0","0","34","34","UN","34","34","UN","0L","MM 0020, vendas, livre","BRL","463.08","0","06:49:15","1","18","14","00","A","","","","",
"1012","PKL","PHI181400A","89039790","UNIAO SOLD 60MM TIGRE","","","2025-12-16","0","0","18","18","UN","18","18","UN","0L","MM 0020, vendas, livre","BRL","1225.44","0","18:51:25","1","18","14","00","A","","","","",
"1012","PKL","PHI181400A","89039804","UNIAO SOLD 75MM TIGRE","","","2026-01-24","0","0","1","1","UN","1","1","UN","0L","MM 0020, vendas, livre","BRL","131.22","0","15:30:26","1","18","14","00","A","","","","",
"1012","PKL","PHI181400A","89041673","REG ESF SOLD COMP PVC 60MM TIGRE","","","2025-11-04","0","0","23","23","UN","23","23","UN","0L","MM 0020, vendas, livre","BRL","662.17","0","12:46:25","1","18","14","00","A","","","","",
"1012","PKL","PHI181400A","89041792","REG ESF SOLD C/ ANEL PVC 32MM TIGRE","","","2025-12-16","0","0","70","70","UN","70","70","UN","0L","MM 0020, vendas, livre","BRL","1127.70","0","18:51:41","1","18","14","00","A","","","","",
"1012","PKL","PHI181400A","89041820","REG ESF SOLD C/ ANEL PVC 40MM TIGRE","","","2026-01-30","0","0","34","34","UN","34","34","UN","0L","MM 0020, vendas, livre","BRL","616.76","0","08:30:09","1","18","14","00","A","","","","",
"1012","PKL","PHI181400A","89042023","VALV RETENCAO SOLD PVC 32MM TIGRE","","","2025-10-02","0","0","7","7","UN","7","7","UN","0L","MM 0020, vendas, livre","BRL","279.30","0","06:49:15","1","18","14","00","A","","","","",
"1012","PKL","PHI181400A","89042044","VALV RETENCAO SOLD PVC 40MM TIGRE","","","2025-12-23","0","0","3","3","UN","3","3","UN","0L","MM 0020, vendas, livre","BRL","162.78","0","11:31:26","1","18","14","00","A","","","","",
"1012","PKL","PHI181400A","89042065","VALV RETENCAO SOLD PVC 60MM TIGRE","","","2024-09-18","0","0","8","8","UN","8","8","UN","0L","MM 0020, vendas, livre","BRL","693.84","0","11:46:24","1","18","14","00","A","","","","",
"1012","PKL","PHI181400A","89055512","ADAPT ANEL SOLD CX DAGUA 32MM TIGRE","","","2025-10-02","0","0","17","17","UN","17","17","UN","0L","MM 0020, vendas, livre","BRL","336.60","0","06:49:15","1","18","14","00","A","","","","",
"1012","PKL","PHI181400A","89055526","ADAPT ANEL SOLD CX DAGUA 40MM TIGRE","","","2025-11-26","0","0","25","25","UN","25","25","UN","0L","MM 0020, vendas, livre","BRL","728.00","0","15:49:19","1","18","14","00","A","","","","",
"1012","PKL","PHI181400A","89055603","ADAPT SOLD CURTO 40MMX1.1/4 TIGRE","","","2025-10-28","0","0","115","115","UN","115","115","UN","0L","MM 0020, vendas, livre","BRL","424.35","0","10:34:25","1","18","14","00","A","","","","",
"1012","PKL","PHI181400A","89055624","ADAPT SOLD CURTO 50MMX1.1/4 TIGRE","","","2026-01-06","0","0","30","30","UN","30","30","UN","0L","MM 0020, vendas, livre","BRL","247.80","0","13:43:46","1","18","14","00","A","","","","",
"1012","PKL","PHI181400A","89055701","BUCHA RED SOLD CURTA 40X32MM TIGRE","","","2025-11-04","0","0","84","84","UN","84","84","UN","0L","MM 0020, vendas, livre","BRL","183.12","0","12:46:21","1","18","14","00","A","","","","",
"1012","PKL","PHI181400A","89055715","BUCHA RED SOLD CURTA 50X40MM TIGRE","","","2026-01-16","0","0","122","122","UN","122","122","UN","0L","MM 0020, vendas, livre","BRL","463.60","0","14:59:48","1","18","14","00","A","","","","",
"1012","PKL","PHI181400A","89055743","BUCHA RED SOLD LONGA 32X20MM TIGRE","","","2026-01-29","0","0","57","57","UN","57","57","UN","0L","MM 0020, vendas, livre","BRL","168.15","0","11:28:18","1","18","14","00","A","","","","",
"1012","PKL","PHI181400A","89055792","BUCHA RED SOLD LONGA 50X25MM TIGRE","","","2025-10-23","0","0","240","240","UN","240","240","UN","0L","MM 0020, vendas, livre","BRL","1039.20","0","15:53:52","1","18","14","00","A","","","","",
"1012","PKL","PHI181400A","89055813","BUCHA RED SOLD LONGA 60X25MM TIGRE","","","2026-01-06","0","0","17","17","UN","17","17","UN","0L","MM 0020, vendas, livre","BRL","176.97","0","13:44:37","1","18","14","00","A","","","","",
"1012","PKL","PHI181500A","89564300","HIDROMETRO UNIJ 3M3/H QN1,5 3/4 PLAST","","","2024-10-03","0","0","2","2","UN","2","2","UN","0L","MM 0020, vendas, livre","BRL","97.58","0","10:45:54","1","18","15","00","A","","","","",
"1012","PKL","PHI181500A","89564314","HIDROMETRO UNIJ 3M3/H QN1,5 3/4 115 MET","","","2024-10-03","0","0","9","9","UN","9","9","UN","0L","MM 0020, vendas, livre","BRL","571.50","0","10:45:54","1","18","15","00","A","","","","",
"1012","PKL","PHI181500A","89715556","EXTINTOR CO2 CLASSE B 6KG MOCELIN","","","2025-11-12","0","0","2","2","UN","2","2","UN","0L","MM 0020, vendas, livre","BRL","1039.06","0","10:39:52","1","18","15","00","A","","","","",
"1012","PKL","PHI181500A","89250623","ADAPT M P/ TUBO PEAD PT DN20X3/4 DOAL","","","2024-09-25","0","0","15","15","UN","15","15","UN","0L","MM 0020, vendas, livre","BRL","31.35","0","11:23:53","1","18","15","00","A","","","","",
"1012","PKL","PHI181500A","89250735","CAP TUBO PEAD DN20 DOAL","","","2024-09-25","0","0","13","13","UN","13","13","UN","0L","MM 0020, vendas, livre","BRL","29.90","0","11:21:53","1","18","15","00","A","","","","",
"1012","PKL","PHI181500A","89250742","COLAR TOMADA PP DN50/60X3/4","","","2025-10-02","0","0","17","17","UN","17","17","UN","0L","MM 0020, vendas, livre","BRL","322.83","0","06:49:14","1","18","15","00","A","","","","",
"1012","PKL","PHI181500A","89250532","COTOVELO ADAPT TB PEAD F DN20 DOAL","","","2024-09-25","0","0","1","1","UN","1","1","UN","0L","MM 0020, vendas, livre","BRL","5.18","0","11:21:53","1","18","15","00","A","","","","",
"1012","PKL","PHI181500A","89250581","KIT CAVALETE EXTERNO HIDR BR 3/4 DOAL","","","2024-09-25","0","0","6","6","UN","6","6","UN","0L","MM 0020, vendas, livre","BRL","417.60","0","11:21:53","1","18","15","00","A","","","","",
"1012","PKL","PHI181500A","89250602","TE SERVICO ART DN20 DN50/DE60","","","2025-12-18","0","0","33","33","UN","33","33","UN","0L","MM 0020, vendas, livre","BRL","957.33","0","19:00:24","1","18","15","00","A","","","","",
"1012","PKL","PHI181500A","89250644","TE COMPRESSAO DN20 DOAL","","","2024-09-25","0","0","11","11","UN","11","11","UN","0L","MM 0020, vendas, livre","BRL","73.04","0","11:21:53","1","18","15","00","A","","","","",
"1012","PKL","PHI181500A","89250665","UNIAO TUBO PEAD DN20 DOAL","","","2024-09-25","0","0","56","56","UN","56","56","UN","0L","MM 0020, vendas, livre","BRL","183.12","0","11:23:53","1","18","15","00","A","","","","",
"1012","PKL","PHI181500A","89301184","UNIDADE DE MEDICAO STANDARD DOAL","","","2024-09-25","0","0","7","7","UN","7","7","UN","0L","MM 0020, vendas, livre","BRL","254.17","0","11:21:53","1","18","15","00","A","","","","",
"1012","PKL","PHI181500A","89301191","TUBETE OITAVADO CURTO PP 1/2 DOAL","","","2024-09-25","0","0","83","83","UN","83","83","UN","0L","MM 0020, vendas, livre","BRL","52.29","0","11:21:53","1","18","15","00","A","","","","",
"1012","PKL","PHI181500A","89301205","TUBETE OITAVADO CURTO PP 3/4 DOAL","","","2025-06-30","0","0","699","699","UN","699","699","UN","0L","MM 0020, vendas, livre","BRL","531.24","0","14:44:15","1","18","15","00","A","","","","",
"1012","PKL","PHI181500A","89301135","TUBETE OITAVADO LONGO PP 3/4 DOAL","","","2024-09-25","0","0","21","21","UN","21","21","UN","0L","MM 0020, vendas, livre","BRL","38.43","0","11:21:53","1","18","15","00","A","","","","",
"1012","PKL","PHI181500A","89301142","PORCA PP SEXTAVADA 1 DOAL","","","2024-09-25","0","0","533","533","UN","533","533","UN","0L","MM 0020, vendas, livre","BRL","804.83","0","11:21:53","1","18","15","00","A","","","","",
"1012","PKL","PHI181500A","89301156","PORCA PP SEXTAVADA 3/4 DOAL","","","2024-09-25","0","0","98","98","UN","98","98","UN","0L","MM 0020, vendas, livre","BRL","123.48","0","11:21:53","1","18","15","00","A","","","","",
"1012","PKL","PHI181500A","89333272","ANEL VED PORCA SEXTAVADA 20MM 10PCS","","","2024-09-25","0","0","3","3","UN","3","3","UN","0L","MM 0020, vendas, livre","BRL","8.49","0","11:21:53","1","18","15","00","A","","","","",
"1012","PKL","PHI181500A","89333111","ANEL VED PORCA SEXTAVADA 15MM 10PCS","","","2025-01-11","0","0","11","11","UN","11","11","UN","0L","MM 0020, vendas, livre","BRL","25.41","0","13:32:19","1","18","15","00","A","","","","",
"1012","PKL","PHI181500A","89564202","HIDROMETRO UNIJ 5M3/H QN2,5 3/4 115 MET","","","2025-12-22","0","0","1","1","UN","1","1","UN","0L","MM 0020, vendas, livre","BRL","88.78","0","19:39:45","1","18","15","00","A","","","","",
"1012","PKL","PHI181500A","89470521","BLOQUEADOR DE AR POUPA AGUA 3/4 ESTRELA","","","2025-10-10","0","0","34","34","UN","34","34","UN","0L","MM 0020, vendas, livre","BRL","614.38","0","09:13:40","1","18","15","00","A","","","","",
"1012","PKL","PHI181500A","89498031","CAIXA PROTECAO AGUASBR NTS303 DOAL","","","2024-09-25","0","0","2","2","UN","2","2","UN","0L","MM 0020, vendas, livre","BRL","229.08","0","11:23:53","1","18","15","00","A","","","","",
"1012","PKL","PHI181500A","89497940","CAIXA PROTECAO CEDAE N-02 DOAL","","","2024-09-25","0","0","1","1","UN","1","1","UN","0L","MM 0020, vendas, livre","BRL","84.36","0","11:23:53","1","18","15","00","A","","","","",
"1012","PKL","PHI181500M","89282620","TUBO PE RAMAL DN32 AMANCO","","","2025-10-31","0","0","50","50","M","50","50","M","0L","MM 0020, vendas, livre","BRL","515.50","0","11:57:32","1","18","15","00","M","","","","",
"1012","PKL","PHI181500M","89282613","TUBO PE RAMAL DN20 AMANCO","","","2026-01-16","0","0","100","100","M","100","100","M","0L","MM 0020, vendas, livre","BRL","520.00","0","13:27:42","1","18","15","00","M","","","","",
"1012","PKL","PHI181500M","89647572","MANG POLIETILENO PONTA AZUL 1 COFLEX","","","2026-01-07","0","0","95","95","M","95","95","M","0L","MM 0020, vendas, livre","BRL","342.00","0","07:57:07","1","18","15","00","M","","","","",
"1012","PKL","PHI181500M","89647565","MANG POLIETILENO PONTA AZUL 3/4 COFLEX","","","2026-01-07","0","0","54","54","M","54","54","M","0L","MM 0020, vendas, livre","BRL","131.22","0","07:57:04","1","18","15","00","M","","","","",
"1012","PKL","PHI181500M","89647551","MANG POLIETILENO PONTA AZUL 1/2 COFLEX","","","2026-01-07","0","0","14","14","M","14","14","M","0L","MM 0020, vendas, livre","BRL","23.94","0","07:57:04","1","18","15","00","M","","","","",
"1012","PKL","PHI181600A","89055540","ADAPT ANEL SOLD CX DAGUA 60MM TIGRE","","","2026-01-06","0","0","29","29","UN","29","29","UN","0L","MM 0020, vendas, livre","BRL","1438.40","0","13:43:46","1","18","16","00","A","","","","",
"1012","PKL","PHI181600A","89055610","ADAPT SOLD CURTO 50MMX1.1/2 TIGRE","","","2025-12-30","0","0","40","40","UN","40","40","UN","0L","MM 0020, vendas, livre","BRL","136.00","0","15:49:28","1","18","16","00","A","","","","",
"1012","PKL","PHI181600A","89055631","ADAPT SOLD CURTO 60MMX2 TIGRE","","","2025-12-16","0","0","13","13","UN","13","13","UN","0L","MM 0020, vendas, livre","BRL","151.45","0","18:51:23","1","18","16","00","A","","","","",
"1012","PKL","PHI181600A","89055715","BUCHA RED SOLD CURTA 50X40MM TIGRE","","","2025-10-07","0","0","102","102","UN","102","102","UN","0L","MM 0020, vendas, livre","BRL","387.60","0","17:02:33","1","18","16","00","A","","","","",
"1012","PKL","PHI181600A","89055722","BUCHA RED SOLD CURTA 60X50MM TIGRE","","","2026-01-06","0","0","186","186","UN","186","186","UN","0L","MM 0020, vendas, livre","BRL","1329.90","0","13:43:46","1","18","16","00","A","","","","",
"1012","PKL","PHI181600A","89055806","BUCHA RED SOLD LONGA 50X32MM TIGRE","","","2026-01-29","0","0","110","110","UN","110","110","UN","0L","MM 0020, vendas, livre","BRL","656.70","0","11:28:18","1","18","16","00","A","","","","",
"1012","PKL","PHI181600A","89055813","BUCHA RED SOLD LONGA 60X25MM TIGRE","","","2026-02-01","0","0","37","37","UN","37","37","UN","0L","MM 0020, vendas, livre","BRL","385.17","0","10:37:57","1","18","16","00","A","","","","",
"1012","PKL","PHI181600A","89055904","CAP SOLD 50MM TIGRE","","","2026-01-21","0","0","135","135","UN","135","135","UN","0L","MM 0020, vendas, livre","BRL","1039.50","0","14:19:48","1","18","16","00","A","","","","",
"1012","PKL","PHI181600A","89055946","CRUZETA SOLD 50MM TIGRE","","","2025-07-01","0","0","8","8","UN","8","8","UN","0L","MM 0020, vendas, livre","BRL","233.84","0","10:11:57","1","18","16","00","A","","","","",
"1012","PKL","PHI181600A","89056016","CURVA 45 SOLD 60MM TIGRE","","","2025-11-14","0","0","10","10","UN","10","10","UN","0L","MM 0020, vendas, livre","BRL","128.30","0","10:39:46","1","18","16","00","A","","","","",
"1012","PKL","PHI181600A","89056072","CURVA 90 SOLD 50MM TIGRE","","","2025-10-09","0","0","51","51","UN","51","51","UN","0L","MM 0020, vendas, livre","BRL","494.19","0","16:22:40","1","18","16","00","A","","","","",
"1012","PKL","PHI181600A","89056086","CURVA 90 SOLD 60MM TIGRE","","","2025-12-02","0","0","12","12","UN","12","12","UN","0L","MM 0020, vendas, livre","BRL","316.08","0","12:38:41","1","18","16","00","A","","","","",
"1012","PKL","PHI181600A","89847030","TUBO SOLD PP 110X3M AMANCO","","","2025-07-30","0","0","3","3","UN","3","3","UN","0L","MM 0020, vendas, livre","BRL","871.05","0","11:19:41","1","18","16","00","A","","","","",
"1012","PKL","PHI181600A","89847023","TUBO SOLD PP 85X3M AMANCO","","","2025-11-10","0","0","16","16","UN","16","16","UN","0L","MM 0020, vendas, livre","BRL","2681.44","0","14:31:01","1","18","16","00","A","","","","",
"1012","PKL","PHI181600A","89847016","TUBO SOLD PP 75X3M AMANCO","","","2026-01-24","0","0","30","30","UN","30","30","UN","0L","MM 0020, vendas, livre","BRL","4097.10","0","15:30:26","1","18","16","00","A","","","","",
"1012","PKL","PHI181600A","89056863","TE RED SOLD 50X25MM TIGRE","","","2025-12-02","0","0","19","19","UN","19","19","UN","0L","MM 0020, vendas, livre","BRL","151.81","0","12:38:41","1","18","16","00","A","","","","",
"1012","PKL","PHI181600A","89056856","TE RED SOLD 50X20MM TIGRE","","","2025-06-12","0","0","7","7","UN","7","7","UN","0L","MM 0020, vendas, livre","BRL","65.17","0","15:28:08","1","18","16","00","A","","","","",
"1012","PKL","PHI181600A","89056730","TE SOLD 75MM TIGRE","","","2025-04-11","0","0","11","11","UN","11","11","UN","0L","MM 0020, vendas, livre","BRL","490.93","0","14:43:42","1","18","16","00","A","","","","",
"1012","PKL","PHI181600A","89056723","TE SOLD 60MM TIGRE","","","2026-01-06","0","0","23","23","UN","23","23","UN","0L","MM 0020, vendas, livre","BRL","558.44","0","13:44:38","1","18","16","00","A","","","","",
"1012","PKL","PHI181600A","89056653","LUVA SOLD LR 50MMX1.1/2 TIGRE","","","2025-11-04","0","0","59","59","UN","59","59","UN","0L","MM 0020, vendas, livre","BRL","1208.91","0","12:46:19","1","18","16","00","A","","","","",
"1012","PKL","PHI181600A","89056576","LUVA SOLD 60MM TIGRE","","","2025-12-16","0","0","26","26","UN","26","26","UN","0L","MM 0020, vendas, livre","BRL","357.24","0","18:51:23","1","18","16","00","A","","","","",
"1012","PKL","PHI181600A","89056555","LUVA SOLD 50MM TIGRE","","","2026-01-10","0","0","87","87","UN","87","87","UN","0L","MM 0020, vendas, livre","BRL","298.41","0","16:59:58","1","18","16","00","A","","","","",
"1012","PKL","PHI181600A","89056443","LUVA CORRER SOLD 60MM TIGRE","","","2025-10-28","0","0","32","32","UN","32","32","UN","0L","MM 0020, vendas, livre","BRL","1250.88","0","10:34:23","1","18","16","00","A","","","","",
"1012","PKL","PHI181600A","89056436","LUVA CORRER SOLD 50MM TIGRE","","","2025-10-28","0","0","10","10","UN","10","10","UN","0L","MM 0020, vendas, livre","BRL","306.50","0","10:34:23","1","18","16","00","A","","","","",
"1012","PKL","PHI181600A","89056282","JOELHO 90 SOLD 60MM TIGRE","","","2025-12-08","0","0","17","17","UN","17","17","UN","0L","MM 0020, vendas, livre","BRL","374.68","0","20:43:31","1","18","16","00","A","","","","",
"1012","PKL","PHI181600A","89056275","JOELHO 90 SOLD 50MM TIGRE","","","2026-01-29","0","0","33","33","UN","33","33","UN","0L","MM 0020, vendas, livre","BRL","129.36","0","16:53:46","1","18","16","00","A","","","","",
"1012","PKL","PHI181600A","89056191","JOELHO 45 SOLD 60MM TIGRE","","","2025-12-16","0","0","90","90","UN","90","90","UN","0L","MM 0020, vendas, livre","BRL","2480.40","0","18:51:31","1","18","16","00","A","","","","",
"1012","PKL","PHI181600A","89056184","JOELHO 45 SOLD 50MM TIGRE","","","2025-10-02","0","0","7","7","UN","7","7","UN","0L","MM 0020, vendas, livre","BRL","38.85","0","06:49:14","1","18","16","00","A","","","","",
"1012","PKL","PHI181600A","89055533","ADAPT ANEL SOLD CX DAGUA 50MM TIGRE","","","2026-01-16","0","0","53","53","UN","53","53","UN","0L","MM 0020, vendas, livre","BRL","1181.37","0","14:59:48","1","18","16","00","A","","","","",
"1012","PKL","PHI181600A","89599846","COLAR TOMADA PVC DN50X3/4 TIGRE","","","2025-11-13","0","0","13","13","UN","13","13","UN","0L","MM 0020, vendas, livre","BRL","102.44","0","10:25:15","1","18","16","00","A","","","","",
"1012","PKL","PHI181600A","89394193","ADAPT SOLD CX DAGUA C/REG 50MM TIGRE","","","2024-09-17","0","0","23","23","UN","23","23","UN","0L","MM 0020, vendas, livre","BRL","1826.20","0","17:07:26","1","18","16","00","A","","","","",
"1012","PKL","PHI181600A","89424195","LUVA CORRER SOLD 75MM PBA TIGRE","","","2025-03-27","0","0","7","7","UN","7","7","UN","0L","MM 0020, vendas, livre","BRL","348.04","0","12:56:57","1","18","16","00","A","","","","",
"1012","PKL","PHI181600A","89039643","TUBO SOLD AF PVC 3M 50MM TIGRE","","","2026-01-21","0","0","341","341","UN","341","341","UN","0L","MM 0020, vendas, livre","BRL","13790.04","0","14:54:47","1","18","16","00","A","","","","",
"1012","PKL","PHI181600A","89039650","TUBO SOLD AF PVC 3M 60MM TIGRE","","","2025-12-16","0","0","16","16","UN","16","16","UN","0L","MM 0020, vendas, livre","BRL","1566.40","0","18:51:15","1","18","16","00","A","","","","",
"1012","PKL","PHI181600A","89039783","UNIAO SOLD 50MM TIGRE","","","2026-01-22","0","0","51","51","UN","51","51","UN","0L","MM 0020, vendas, livre","BRL","1106.70","0","09:52:49","1","18","16","00","A","","","","",
"1012","PKL","PHI181600A","89039790","UNIAO SOLD 60MM TIGRE","","","2024-09-18","0","0","13","13","UN","13","13","UN","0L","MM 0020, vendas, livre","BRL","885.04","0","11:48:25","1","18","16","00","A","","","","",
"1012","PKL","PHI181600A","89041666","REG ESF SOLD COMP PVC 50MM TIGRE","","","2026-01-07","0","0","28","28","UN","28","28","UN","0L","MM 0020, vendas, livre","BRL","558.32","0","15:32:33","1","18","16","00","A","","","","",
"1012","PKL","PHI181600A","89041834","REG ESF SOLD C/ ANEL PVC 50MM TIGRE","","","2026-01-23","0","0","100","100","UN","100","100","UN","0L","MM 0020, vendas, livre","BRL","2036.00","0","19:10:56","1","18","16","00","A","","","","",
"1012","PKL","PHI181600A","89041841","REG ESF SOLD C/ ANEL PVC 60MM TIGRE","","","2026-01-20","0","0","16","16","UN","16","16","UN","0L","MM 0020, vendas, livre","BRL","665.12","0","11:20:10","1","18","16","00","A","","","","",
"1012","PKL","PHI181600A","89042051","VALV RETENCAO SOLD PVC 50MM TIGRE","","","2025-12-16","0","0","40","40","UN","40","40","UN","0L","MM 0020, vendas, livre","BRL","2700.80","0","18:51:25","1","18","16","00","A","","","","",
"1012","PKL","PHI181600A","89042065","VALV RETENCAO SOLD PVC 60MM TIGRE","","","2025-10-19","0","0","11","11","UN","11","11","UN","0L","MM 0020, vendas, livre","BRL","954.03","0","13:24:51","1","18","16","00","A","","","","",
"1012","PKL","PHI200100A","89821445","BOMBA CENTRI WMCM 158H 127V CLAW","","","2025-12-11","0","0","1","1","UN","1","1","UN","0L","MM 0020, vendas, livre","BRL","295.04","0","09:36:53","1","20","01","00","A","","","","",
"1012","PKL","PHI200100A","89823216","BOMBA SUB DRAIN FIT 127V ANAUGER","","","2025-10-01","0","0","3","3","UN","3","3","UN","0L","MM 0020, vendas, livre","BRL","837.00","0","16:24:53","1","20","01","00","A","","","","",
"1012","PKL","PHI200100A","89791380","BOMBA SUBMERSIV AGUA XKS 450P 1/2CV 127V","","","2025-10-02","0","0","3","3","UN","3","3","UN","0L","MM 0020, vendas, livre","BRL","921.63","0","06:49:13","1","20","01","00","A","","","","",
"1012","PKL","PHI200100A","89468274","BOMBA CENTRI PERIF 1CV BIV UP56 KOMECO","","","2025-09-16","0","0","1","1","UN","1","1","UN","0L","MM 0020, vendas, livre","BRL","318.61","0","11:44:42","1","20","01","00","A","","","","",
"1012","PKL","PHI200100A","89540304","BOMBA CENTRI CP-4R MONO 1/2CV 127/220V","","","2026-01-22","0","0","2","2","UN","2","2","UN","0L","MM 0020, vendas, livre","BRL","758.56","0","20:35:45","1","20","01","00","A","","","","",
"1012","PKL","PHI200100A","89470332","BOMBA SUB 400L 50MCA 127V 3/4 BLUMA 5.0","","","2025-12-09","0","0","2","2","UN","2","2","UN","0L","MM 0020, vendas, livre","BRL","309.76","0","10:32:18","1","20","01","00","A","","","","",
"1012","PKL","PHI200100A","89890710","BOMBA PERIF ACQUAPUMP 1/2CV 127V FERRARI","","","2025-11-24","0","0","27","27","UN","27","27","UN","0L","MM 0020, vendas, livre","BRL","2475.36","0","10:35:31","1","20","01","00","A","","","","",
"1012","PKL","PHI200100A","89896912","REG BOIA NIV 15A CB-2001 1,5M MARGIRIUS","","","2025-12-11","0","0","9","9","UN","9","9","UN","0L","MM 0020, vendas, livre","BRL","177.12","0","11:27:32","1","20","01","00","A","","","","",
"1012","PKL","PHI200100A","89896933","REG BOIA NIV 15A CB-2003 3M MARGIRIUS","","","2025-11-27","0","0","21","21","UN","21","21","UN","0L","MM 0020, vendas, livre","BRL","620.97","0","09:58:03","1","20","01","00","A","","","","",
"1012","PKL","PHI200100A","89896954","REG BOIA NIV 25A CB-3001 1,5M MARGIRIUS","","","2026-01-22","0","0","67","67","UN","67","67","UN","0L","MM 0020, vendas, livre","BRL","1423.08","0","08:07:44","1","20","01","00","A","","","","",
"1012","PKL","PHI200100A","89896975","REG BOIA NIV 25A CB-3003 3M MARGIRIUS","","","2025-11-05","0","0","2","2","UN","2","2","UN","0L","MM 0020, vendas, livre","BRL","61.58","0","13:29:00","1","20","01","00","A","","","","",
"1012","PKL","PHI200100A","89949566","BOMBA PERIF CP-60H 1/2CV 127V CLAW","","","2026-02-01","0","0","77","77","UN","77","77","UN","0L","MM 0020, vendas, livre","BRL","6541.15","0","13:37:05","1","20","01","00","A","","","","",
"1012","PKL","PHI200100A","89913544","BOMBA SUBMERSIV AGUA WMS75H 127 CLAW","","","2025-11-19","0","0","1","1","UN","1","1","UN","0L","MM 0020, vendas, livre","BRL","346.71","0","09:56:50","1","20","01","00","A","","","","",
"1012","PKL","PHI200100A","89772284","BOMBA AUTOASP TPS-60 MONO 1/2CV 127/220V","","","2026-01-28","0","0","2","2","UN","2","2","UN","0L","MM 0020, vendas, livre","BRL","298.90","0","09:51:52","1","20","01","00","A","","","","",
"1012","PKL","PHI200100A","89643785","CONTROLADOR PRES JET PRESSURE BIV 60HZ","","","2024-12-16","0","0","2","2","UN","2","2","UN","0L","MM 0020, vendas, livre","BRL","283.00","0","13:05:40","1","20","01","00","A","","","","",
"1012","PKL","PHI200100A","89402901","FLUXOSTATO JET COMFORT DANCOR","","","2025-11-15","0","0","7","7","UN","7","7","UN","0L","MM 0020, vendas, livre","BRL","742.56","0","15:47:11","1","20","01","00","A","","","","",
"1012","PKL","PHI200100A","89044592","BOIA DE NIVEL AUTOMATICA 15A 1,5M ANAUGE","","","2026-01-09","0","0","18","18","UN","18","18","UN","0L","MM 0020, vendas, livre","BRL","414.18","0","18:13:04","1","20","01","00","A","","","","",
"1012","PKL","PHI200100A","89127745","BOMBA SUBMERSIV AGUA DS-9 1/2CV 127V","","","2025-10-01","0","0","1","1","UN","1","1","UN","0L","MM 0020, vendas, livre","BRL","944.25","0","16:24:53","1","20","01","00","A","","","","",
"1012","PKL","PHI200100A","89127780","BOMBA AUTOASP AP-3C MONO 1CV BIV DANCOR","","","2026-01-19","0","0","15","15","UN","15","15","UN","0L","MM 0020, vendas, livre","BRL","10044.45","0","12:36:41","1","20","01","00","A","","","","",
"1012","PKL","PHI200100A","89127801","BOMBA CENTRI CAM-W6 MONO BIV 2CV DANCOR","","","2026-01-15","0","0","1","1","UN","1","1","UN","0L","MM 0020, vendas, livre","BRL","1735.93","0","11:32:23","1","20","01","00","A","","","","",
"1012","PKL","PHI200100A","89276705","BOMBA SUB 700L 70MCA 127V 1 ANAU900 5G","","","2026-01-15","0","0","1","1","UN","1","1","UN","0L","MM 0020, vendas, livre","BRL","351.30","0","11:28:00","1","20","01","00","A","","","","",
"1012","PKL","PHI200100A","89838882","MOTOBOMBA SUBM W2.5Sdim2/16 1/2Cv 127V","","*","","14","0","20","20","UN","20","20","UN","0L","MM 0020, vendas, livre","BRL","7753.40","0","00:00:00","1","20","01","00","A","","","","",
"1012","PKL","PHI200100A","89848024","BOMBA PRATIKA CP-6R 1CV 127/220/254V","","","2026-01-15","0","0","2","2","UN","2","2","UN","0L","MM 0020, vendas, livre","BRL","1479.28","0","11:32:23","1","20","01","00","A","","","","",
"1012","PKL","PHI200100A","89821410","BOMBA CENTRI WMCM130H 127V CLAW","","","2025-10-22","0","0","1","1","UN","1","1","UN","0L","MM 0020, vendas, livre","BRL","213.05","0","14:36:00","1","20","01","00","A","","","","",
"1012","PKL","PHI200100A","89821396","BOMBA SUB CONTROL W2.5SDIM2/11 127V CLAW","","*","","30","0","17","17","UN","17","17","UN","0L","MM 0020, vendas, livre","BRL","5361.63","0","00:00:00","1","20","01","00","A","","","","",
"1012","PKL","PHI200100A","89821375","BOMBA SUB CONTROL W2.5SDIM2/8 127V CLAW","","","2025-11-22","0","0","1","1","UN","1","1","UN","0L","MM 0020, vendas, livre","BRL","297.21","0","17:48:18","1","20","01","00","A","","","","",
"1012","PKL","PHI200100A","89821354","BOMBA SUBMERSIV DREN WMSE-550H 127V CLAW","","","2026-01-12","0","0","1","1","UN","1","1","UN","0L","MM 0020, vendas, livre","BRL","595.12","0","09:34:25","1","20","01","00","A","","","","",
"1012","PKL","PHI200100A","89821333","BOMBA SUBMERSIV AGUA WMSAT 7-18H CLAW","","*","","4","0","2","2","UN","2","2","UN","0L","MM 0020, vendas, livre","BRL","694.16","0","00:00:00","1","20","01","00","A","","","","",
"1012","PKL","PHI200100A","89821305","BOMBA SUBMERSIV AGUA WMSAT1.5-16H CLAW","","","2025-11-19","0","0","2","2","UN","2","2","UN","0L","MM 0020, vendas, livre","BRL","629.26","0","09:56:51","1","20","01","00","A","","","","",
"1012","PKL","PHI200100A","89821263","BOMBA SUBMERSIV AGUA WMS40H 127V CLAW","","","2025-09-24","0","0","3","3","UN","3","3","UN","0L","MM 0020, vendas, livre","BRL","564.75","0","20:19:49","1","20","01","00","A","","","","",
"1012","PKL","PHI200100A","89825463","BOMBA DE ÁGUA PERIF 1/2CV BA-40 FERRARI","","","2026-01-02","0","0","12","12","UN","12","12","UN","0L","MM 0020, vendas, livre","BRL","1692.96","0","15:32:26","1","20","01","00","A","","","","",
"1012","PKL","PHI200200A","89044151","JOELHO 90 TRANS F CPVC DN22X1/2 TIGRE","","","2026-02-02","0","0","190","190","UN","190","190","UN","0L","MM 0020, vendas, livre","BRL","1765.10","0","11:08:06","1","20","02","00","A","","","","",
"1012","PKL","PHI200200A","89047252","LUVA TRANS F CPVC DN22X3/4 TIGRE","","","2026-02-02","0","0","184","184","UN","184","184","UN","0L","MM 0020, vendas, livre","BRL","1547.44","0","11:08:06","1","20","02","00","A","","","","",
"1012","PKL","PHI200200A","89047266","CONECTOR TRANS FM CPVC DN22X3/4 TIGRE","","","2026-01-11","0","0","520","520","UN","520","520","UN","0L","MM 0020, vendas, livre","BRL","7144.80","0","09:41:35","1","20","02","00","A","","","","",
"1012","PKL","PHI200200A","89047294","BUCHA RED CPVC DN22X15 TIGRE","","","2025-03-08","0","0","42","42","UN","42","42","UN","0L","MM 0020, vendas, livre","BRL","27.72","0","19:10:32","1","20","02","00","A","","","","",
"1012","PKL","PHI200200A","89047301","BUCHA RED CPVC DN35X22 TIGRE","","","2025-10-09","0","0","10","10","UN","10","10","UN","0L","MM 0020, vendas, livre","BRL","88.40","0","16:22:32","1","20","02","00","A","","","","",
"1012","PKL","PHI200200A","89047322","CAP CPVC DN22 TIGRE","","","2025-11-04","0","0","94","94","UN","94","94","UN","0L","MM 0020, vendas, livre","BRL","132.54","0","12:46:21","1","20","02","00","A","","","","",
"1012","PKL","PHI200200A","89047336","CAP CPVC DN15 TIGRE","","","2025-05-06","0","0","32","32","UN","32","32","UN","0L","MM 0020, vendas, livre","BRL","36.48","0","14:14:42","1","20","02","00","A","","","","",
"1012","PKL","PHI200200A","89047343","JOELHO 90 TRANS F CPVC DN15X1/2 TIGRE","","","2025-09-09","0","0","45","45","UN","45","45","UN","0L","MM 0020, vendas, livre","BRL","319.05","0","14:59:33","1","20","02","00","A","","","","",
"1012","PKL","PHI200200A","89047385","JOELHO 45 CPVC DN22 TIGRE","","","2026-02-02","0","0","613","613","UN","613","613","UN","0L","MM 0020, vendas, livre","BRL","2280.36","0","11:08:06","1","20","02","00","A","","","","",
"1012","PKL","PHI200200A","89047392","JOELHO 90 CPVC DN15 TIGRE","","","2025-12-22","0","0","158","158","UN","158","158","UN","0L","MM 0020, vendas, livre","BRL","328.64","0","17:53:13","1","20","02","00","A","","","","",
"1012","PKL","PHI200200A","89047413","JOELHO 90 CPVC DN22 TIGRE","","","2026-02-02","0","0","855","855","UN","855","855","UN","0L","MM 0020, vendas, livre","BRL","2385.45","0","11:08:06","1","20","02","00","A","","","","",
"1012","PKL","PHI200200A","89047420","JOELHO 90 TRANS F CPVC DN22X3/4 TIGRE","","","2025-12-02","0","0","35","35","UN","35","35","UN","0L","MM 0020, vendas, livre","BRL","497.70","0","12:38:41","1","20","02","00","A","","","","",
"1012","PKL","PHI200200A","89047434","LUVA SIMPLES CPVC DN15 TIGRE","","","2025-11-25","0","0","121","121","UN","121","121","UN","0L","MM 0020, vendas, livre","BRL","142.78","0","13:25:32","1","20","02","00","A","","","","",
"1012","PKL","PHI200200A","89047441","TE TRANS CENTRAL F CPVC DN22X1/2 TIGRE","","","2025-10-09","0","0","30","30","UN","30","30","UN","0L","MM 0020, vendas, livre","BRL","213.60","0","16:22:32","1","20","02","00","A","","","","",
"1012","PKL","PHI200200A","89047455","LUVA TRANS F CPVC DN22X1/2 TIGRE","","","2026-01-08","0","0","72","72","UN","72","72","UN","0L","MM 0020, vendas, livre","BRL","498.24","0","19:56:31","1","20","02","00","A","","","","",
"1012","PKL","PHI200200A","89047462","LUVA TRANS F CPVC DN15X1/2 TIGRE","","","2026-01-06","0","0","32","32","UN","32","32","UN","0L","MM 0020, vendas, livre","BRL","240.64","0","13:44:35","1","20","02","00","A","","","","",
"1012","PKL","PHI200200A","89047490","JOELHO 45 CPVC DN15 TIGRE","","","2025-09-09","0","0","31","31","UN","31","31","UN","0L","MM 0020, vendas, livre","BRL","83.39","0","14:59:42","1","20","02","00","A","","","","",
"1012","PKL","PHI200200A","89047504","LUVA SIMPLES CPVC DN22 TIGRE","","","2025-12-16","0","0","690","690","UN","690","690","UN","0L","MM 0020, vendas, livre","BRL","1028.10","0","18:51:32","1","20","02","00","A","","","","",
"1012","PKL","PHI200200A","89047525","TE TRANS CENTRAL F CPVC DN15X1/2 TIGRE","","","2025-06-12","0","0","40","40","UN","40","40","UN","0L","MM 0020, vendas, livre","BRL","253.20","0","15:28:08","1","20","02","00","A","","","","",
"1012","PKL","PHI200200A","89047532","TE MISTURADOR F CPVC DN15X1/2 TIGRE","","","2024-09-18","0","0","15","15","UN","15","15","UN","0L","MM 0020, vendas, livre","BRL","198.00","0","10:51:41","1","20","02","00","A","","","","",
"1012","PKL","PHI200200A","89047595","TE CPVC DN22 TIGRE","","","2026-02-02","0","0","230","230","UN","230","230","UN","0L","MM 0020, vendas, livre","BRL","724.50","0","11:08:06","1","20","02","00","A","","","","",
"1012","PKL","PHI200200A","89047602","TE CPVC DN15 TIGRE","","","2026-01-06","0","0","62","62","UN","62","62","UN","0L","MM 0020, vendas, livre","BRL","142.60","0","13:44:35","1","20","02","00","A","","","","",
"1012","PKL","PHI200200A","89047616","TE RED CPVC DN22X15 TIGRE","","","2025-06-24","0","0","27","27","UN","27","27","UN","0L","MM 0020, vendas, livre","BRL","85.59","0","15:43:53","1","20","02","00","A","","","","",
"1012","PKL","PHI200200A","89047644","CURVA 90 CPVC DN22 TIGRE","","","2026-01-11","0","0","226","226","UN","226","226","UN","0L","MM 0020, vendas, livre","BRL","1017.00","0","09:41:35","1","20","02","00","A","","","","",
"1012","PKL","PHI200200A","89047651","CONECTOR TRANS FM CPVC DN15X1/2 TIGRE","","","2026-01-06","0","0","31","31","UN","31","31","UN","0L","MM 0020, vendas, livre","BRL","338.21","0","13:44:35","1","20","02","00","A","","","","",
"1012","PKL","PHI200200A","89047672","CONECTOR TRANS FM CPVC DN22X1/2 TIGRE","","","2025-11-14","0","0","259","259","UN","259","259","UN","0L","MM 0020, vendas, livre","BRL","4105.15","0","20:24:14","1","20","02","00","A","","","","",
"1012","PKL","PHI200200A","89047980","TUBO CPVC AGUA QUENTE 3M DN15 TIGRE","","","2026-01-24","0","0","27","27","UN","27","27","UN","0L","MM 0020, vendas, livre","BRL","675.54","0","08:53:47","1","20","02","00","A","","","","",
"1012","PKL","PHI200200A","89048015","TUBO CPVC AGUA QUENTE 3M DN22 TIGRE","","","2026-01-11","0","4","546","550","UN","546","550","UN","0L","MM 0020, vendas, livre","BRL","16241.50","0","09:43:32","1","20","02","00","A","","","","",
"1012","PKL","PHI200200A","89599825","TE TRANS CENTRAL F CPVC DN22X3/4 TIGRE","","","2024-09-18","0","0","21","21","UN","21","21","UN","0L","MM 0020, vendas, livre","BRL","212.52","0","09:47:18","1","20","02","00","A","","","","",
"1012","PKL","PHI200200A","89598712","TE MISTURADOR F CPVC DN22X3/4 TIGRE","","","2026-01-20","0","0","93","93","UN","93","93","UN","0L","MM 0020, vendas, livre","BRL","2022.75","0","11:20:12","1","20","02","00","A","","","","",
"1012","PKL","PHI200200A","89524246","LUVA TRANS F CPVC DN54X2 TIGRE","","","2026-01-10","0","0","1","1","SAC","2","2","UN","0L","MM 0020, vendas, livre","BRL","201.32","0","11:34:35","1","20","02","00","A","","","","",
"1012","PKL","PHI200200A","89523980","UNIAO CPVC DN22 TIGRE","","","2026-01-06","0","0","51","51","UN","51","51","UN","0L","MM 0020, vendas, livre","BRL","534.48","0","13:43:46","1","20","02","00","A","","","","",
"1012","PKL","PHI200200A","89523966","UNIAO CPVC DN15 TIGRE","","","2024-09-18","0","0","8","8","UN","8","8","UN","0L","MM 0020, vendas, livre","BRL","63.52","0","09:47:18","1","20","02","00","A","","","","",
"1012","PKL","PHI200200A","89523840","LUVA TRANS CPVC/PVC SOLD DN22X25 TIGRE","","","2025-12-16","0","0","135","135","UN","135","135","UN","0L","MM 0020, vendas, livre","BRL","203.85","0","18:51:33","1","20","02","00","A","","","","",
"1012","PKL","PHI200200A","89523833","LUVA TRANS CPVC/PVC SOLD DN15X20 TIGRE","","","2024-09-24","0","0","37","37","UN","37","37","UN","0L","MM 0020, vendas, livre","BRL","26.64","0","15:12:09","1","20","02","00","A","","","","",
"1012","PKL","PHI200200A","89523784","LUVA CORRER CPVC DN22 TIGRE","","","2026-02-02","0","0","36","36","UN","36","36","UN","0L","MM 0020, vendas, livre","BRL","222.12","0","11:08:06","1","20","02","00","A","","","","",
"1012","PKL","PHI200200A","89523770","LUVA CORRER CPVC DN15 TIGRE","","","2024-09-24","0","0","19","19","UN","19","19","UN","0L","MM 0020, vendas, livre","BRL","69.92","0","14:57:04","1","20","02","00","A","","","","",
"1012","PKL","PHI200200A","89523693","CURVA TRANSPOSICAO CPVC DN22 TIGRE","","","2026-02-02","0","0","81","81","UN","81","81","UN","0L","MM 0020, vendas, livre","BRL","571.05","0","11:08:06","1","20","02","00","A","","","","",
"1012","PKL","PHI200200A","89523686","CURVA TRANSPOSICAO CPVC DN15 TIGRE","","","2025-07-17","0","0","32","32","UN","32","32","UN","0L","MM 0020, vendas, livre","BRL","181.76","0","13:28:30","1","20","02","00","A","","","","",
"1012","PKL","PHI200200A","89523672","CURVA 90 CPVC DN15 TIGRE","","","2024-12-12","0","0","131","131","UN","131","131","UN","0L","MM 0020, vendas, livre","BRL","503.04","0","15:16:48","1","20","02","00","A","","","","",
"1012","PKL","PHI200200A","89822824","BOMBA AUTOASP WMPA37H 1/2CV 127V CLAW","","","2025-04-24","0","0","3","3","UN","3","3","UN","0L","MM 0020, vendas, livre","BRL","564.60","0","08:39:53","1","20","02","00","A","","","","",
"1012","PKL","PHI200300A","89821144","BOMBA AUTOASP WMA100H 127V CLAW","","","2026-01-12","0","0","4","4","UN","4","4","UN","0L","MM 0020, vendas, livre","BRL","1550.76","0","09:34:28","1","20","03","00","A","","","","",
"1012","PKL","PHI200300A","89821172","BOMBA AUTOASP WMA150H 127V CLAW","","*","","31","0","1","1","UN","1","1","UN","0L","MM 0020, vendas, livre","BRL","404.11","0","00:00:00","1","20","03","00","A","","","","",
"1012","PKL","PHI200300A","89821186","BOMBA AUTOASP WMA200H 127V CLAW","","*","","8","0","2","2","UN","2","2","UN","0L","MM 0020, vendas, livre","BRL","1317.56","0","00:00:00","1","20","03","00","A","","","","",
"1012","PKL","PHI200300A","89821466","BOMBA AUTOASP WMPA75H 1CV BIVOLT CLAW","","","2025-09-20","0","0","3","3","UN","3","3","UN","0L","MM 0020, vendas, livre","BRL","943.02","0","06:00:15","1","20","03","00","A","","","","",
"1012","PKL","PHI200300A","89812485","UNIAO SOLD 50MM MF 2PÇS DANCOR","","","2026-01-09","0","0","3","3","UN","3","3","UN","0L","MM 0020, vendas, livre","BRL","105.99","0","11:41:56","1","20","03","00","A","","","","",
"1012","PKL","PHI200300A","89823195","BOMBA SUB 650 5G 127V ANAUGER","","","2026-01-15","0","0","2","2","UN","2","2","UN","0L","MM 0020, vendas, livre","BRL","486.68","0","11:28:00","1","20","03","00","A","","","","",
"1012","PKL","PHI200300A","89468281","BOMBA AUTOASP UPA 32 MONO BIV 1/2CV KOME","","","2025-09-16","0","0","6","6","UN","6","6","UN","0L","MM 0020, vendas, livre","BRL","1377.18","0","11:44:42","1","20","03","00","A","","","","",
"1012","PKL","PHI200300A","89540283","BOMBA AUTOASP ULTRA DA-2 MONO 1/2CV 127V","","","2026-01-19","0","0","11","11","UN","11","11","UN","0L","MM 0020, vendas, livre","BRL","3736.92","0","14:45:40","1","20","03","00","A","","","","",
"1012","PKL","PHI200300A","89540311","BOMBA CENTRI ULTRA DC-4 MONO 1/2CV 127V","","","2025-03-24","0","0","4","4","UN","4","4","UN","0L","MM 0020, vendas, livre","BRL","1139.40","0","10:35:55","1","20","03","00","A","","","","",
"1012","PKL","PHI200300A","89470423","BOMBA SUB 650L 65MCA 127V 3/4 BLUMA 9.0","","","2026-01-13","0","0","5","5","UN","5","5","UN","0L","MM 0020, vendas, livre","BRL","1055.65","0","09:50:02","1","20","03","00","A","","","","",
"1012","PKL","PHI200300A","89470654","BOIA DE NIVEL AUTOMATICA 25A 1,5M BLUMA","","","2026-01-09","0","0","1","1","UN","1","1","UN","0L","MM 0020, vendas, livre","BRL","25.70","0","18:13:04","1","20","03","00","A","","","","",
"1012","PKL","PHI200300A","89867155","BOMBA AUTOASPIRA WMA75H 3/4CV 127V CLAW","","","2026-02-01","0","0","70","70","UN","70","70","UN","0L","MM 0020, vendas, livre","BRL","22054.20","0","11:54:54","1","20","03","00","A","","","","",
"1012","PKL","PHI200300A","89869983","BOMB PRATIK PF17 PLASTIK MONO 1/2CV 127V","","","2026-01-15","0","0","2","2","UN","2","2","UN","0L","MM 0020, vendas, livre","BRL","1014.80","0","11:32:23","1","20","03","00","A","","","","",
"1012","PKL","PHI200300A","89643736","BOMBA EJETORA EP-2-0 MONO 1CV BIV","","","2026-01-12","0","0","13","13","UN","13","13","UN","0L","MM 0020, vendas, livre","BRL","12391.73","0","15:20:41","1","20","03","00","A","","","","",
"1012","PKL","PHI200300A","89643743","BOMBA SUBMERSIV AGUA DS-5 1/2CV 127V","","","2026-01-21","0","0","4","4","UN","4","4","UN","0L","MM 0020, vendas, livre","BRL","1247.28","0","09:49:46","1","20","03","00","A","","","","",
"1012","PKL","PHI200300A","89127794","BOMBA AUTOASP AP-3C 2CV BIVOLT DANCOR","","","2025-11-10","0","0","2","2","UN","2","2","UN","0L","MM 0020, vendas, livre","BRL","2068.56","0","14:01:18","1","20","03","00","A","","","","",
"1012","PKL","PHI200300A","89127990","BOMBA AUTOASP AP-2R 1/2CV BIVOLT DANCOR","","","2026-01-09","0","0","8","8","UN","8","8","UN","0L","MM 0020, vendas, livre","BRL","3716.24","0","11:41:56","1","20","03","00","A","","","","",
"1012","PKL","PHI200300A","89821123","BOMBA AUTOASP WMA50H 127V CLAW","","","2026-01-09","0","0","21","21","UN","21","21","UN","0L","MM 0020, vendas, livre","BRL","5674.41","0","10:21:25","1","20","03","00","A","","","","",
"1012","PKL","PHI200300A","89820094","BOMBA AUTOASP DPA-40 MONO 1/2CV 127/220V","","","2026-01-27","0","1","23","24","UN","23","24","UN","0L","MM 0020, vendas, livre","BRL","3920.16","0","13:36:17","1","20","03","00","A","","","","",
"1012","PKL","PHI200400A","89523945","TE RED CPVC DN42X22 TIGRE","","","2025-08-01","0","0","24","24","UN","24","24","UN","0L","MM 0020, vendas, livre","BRL","396.96","0","10:41:04","1","20","04","00","A","","","","",
"1012","PKL","PHI200400A","89523952","TE RED CPVC DN54X22 TIGRE","","","2026-01-06","0","0","11","11","UN","11","11","UN","0L","MM 0020, vendas, livre","BRL","402.60","0","13:43:46","1","20","04","00","A","","","","",
"1012","PKL","PHI200400A","89523973","BUCHA RED CPVC DN42X35 TIGRE","","","2025-06-17","0","0","12","12","UN","12","12","UN","0L","MM 0020, vendas, livre","BRL","252.72","0","14:32:24","1","20","04","00","A","","","","",
"1012","PKL","PHI200400A","89523994","UNIAO CPVC DN35 TIGRE","","","2025-12-22","0","0","21","21","UN","21","21","UN","0L","MM 0020, vendas, livre","BRL","444.57","0","15:35:24","1","20","04","00","A","","","","",
"1012","PKL","PHI200400A","89524001","UNIAO CPVC DN42 TIGRE","","","2025-08-28","0","0","21","21","UN","21","21","UN","0L","MM 0020, vendas, livre","BRL","674.10","0","11:04:18","1","20","04","00","A","","","","",
"1012","PKL","PHI200400A","89524015","UNIAO CPVC DN54 TIGRE","","","2026-01-25","0","0","7","7","UN","7","7","UN","0L","MM 0020, vendas, livre","BRL","543.62","0","12:24:44","1","20","04","00","A","","","","",
"1012","PKL","PHI200400A","89524190","BUCHA RED CPVC DN54X42 TIGRE","","","2025-10-02","0","0","19","19","UN","19","19","UN","0L","MM 0020, vendas, livre","BRL","338.58","0","06:49:12","1","20","04","00","A","","","","",
"1012","PKL","PHI200400A","89524225","CONECTOR TRANS FM CPVC DN35X1.1/4 TIGRE","","","2025-11-19","0","0","22","22","UN","22","22","UN","0L","MM 0020, vendas, livre","BRL","632.28","0","10:28:52","1","20","04","00","A","","","","",
"1012","PKL","PHI200400A","89524232","CONECTOR TRANS FM CPVC DN54X2 TIGRE","","","2025-10-25","0","0","12","12","UN","12","12","UN","0L","MM 0020, vendas, livre","BRL","675.00","0","10:11:45","1","20","04","00","A","","","","",
"1012","PKL","PHI200400A","89524246","LUVA TRANS F CPVC DN54X2 TIGRE","","","2026-01-25","0","0","28","28","UN","28","28","UN","0L","MM 0020, vendas, livre","BRL","2818.48","0","12:21:01","1","20","04","00","A","","","","",
"1012","PKL","PHI200400A","89524253","CAP CPVC DN35 TIGRE","","","2024-09-18","0","0","18","18","UN","18","18","UN","0L","MM 0020, vendas, livre","BRL","65.88","0","09:47:18","1","20","04","00","A","","","","",
"1012","PKL","PHI200400A","89598740","LUVA TRANS F CPVC DN28X1 TIGRE","","","2026-01-08","0","0","38","38","UN","38","38","UN","0L","MM 0020, vendas, livre","BRL","609.52","0","19:56:31","1","20","04","00","A","","","","",
"1012","PKL","PHI200400A","89598754","JOELHO 90 TRANS F CPVC DN28X1 TIGRE","","","2025-07-21","0","0","17","17","UN","17","17","UN","0L","MM 0020, vendas, livre","BRL","361.59","0","15:32:54","1","20","04","00","A","","","","",
"1012","PKL","PHI200400A","89599832","UNIAO TRANS F CPVC 22X3/4 TIGRE","","","2024-09-18","0","0","20","20","UN","20","20","UN","0L","MM 0020, vendas, livre","BRL","204.40","0","09:47:18","1","20","04","00","A","","","","",
"1012","PKL","PHI200400A","89599951","CAP CPVC DN28 TIGRE","","","2025-06-12","0","0","8","8","UN","8","8","UN","0L","MM 0020, vendas, livre","BRL","18.64","0","15:28:03","1","20","04","00","A","","","","",
"1012","PKL","PHI200400A","89048092","CAP CPVC DN42 TIGRE","","","2024-09-18","0","0","17","17","UN","17","17","UN","0L","MM 0020, vendas, livre","BRL","99.62","0","10:51:41","1","20","04","00","A","","","","",
"1012","PKL","PHI200400A","89048106","CAP CPVC DN54 TIGRE","","","2025-05-06","0","0","27","27","UN","27","27","UN","0L","MM 0020, vendas, livre","BRL","375.84","0","14:14:42","1","20","04","00","A","","","","",
"1012","PKL","PHI200400A","89044123","ADESIVO PLAST CPVC FRASCO 175G TIGRE","","","2025-12-16","0","0","50","50","UN","50","50","UN","0L","MM 0020, vendas, livre","BRL","1174.50","0","18:51:47","1","20","04","00","A","","","","",
"1012","PKL","PHI200400A","89044130","ADESIVO PLAST CPVC BISNAGA 17G TIGRE","","","2026-01-29","0","0","159","159","UN","159","159","UN","0L","MM 0020, vendas, livre","BRL","581.94","0","11:28:15","1","20","04","00","A","","","","",
"1012","PKL","PHI200400A","89047273","BUCHA RED CPVC DN28X22 TIGRE","","","2026-01-08","0","0","76","76","UN","76","76","UN","0L","MM 0020, vendas, livre","BRL","192.28","0","19:56:31","1","20","04","00","A","","","","",
"1012","PKL","PHI200400A","89048036","TUBO CPVC AGUA QUENTE 3M DN28 TIGRE","","","2026-01-06","0","0","159","159","UN","159","159","UN","0L","MM 0020, vendas, livre","BRL","8054.94","0","13:44:36","1","20","04","00","A","","","","",
"1012","PKL","PHI200400A","89048001","TUBO CPVC AGUA QUENTE 3M DN42 TIGRE","","","2026-01-06","0","0","10","10","UN","10","10","UN","0L","MM 0020, vendas, livre","BRL","1120.70","0","13:44:36","1","20","04","00","A","","","","",
"1012","PKL","PHI200400A","89047994","TUBO CPVC AGUA QUENTE 3M DN35 TIGRE","","","2025-08-06","0","0","18","18","UN","18","18","UN","0L","MM 0020, vendas, livre","BRL","1305.00","0","07:15:05","1","20","04","00","A","","","","",
"1012","PKL","PHI200400A","89047665","CONECTOR TRANS FM CPVC DN28X1 TIGRE","","","2026-02-02","0","0","56","56","UN","56","56","UN","0L","MM 0020, vendas, livre","BRL","1023.12","0","11:08:06","1","20","04","00","A","","","","",
"1012","PKL","PHI200400A","89047630","CURVA 90 CPVC DN28 TIGRE","","","2026-01-06","0","0","61","61","UN","61","61","UN","0L","MM 0020, vendas, livre","BRL","532.53","0","13:44:35","1","20","04","00","A","","","","",
"1012","PKL","PHI200400A","89047623","TE RED CPVC DN35X28 TIGRE","","","2025-10-03","0","0","23","23","UN","23","23","UN","0L","MM 0020, vendas, livre","BRL","392.15","0","16:26:06","1","20","04","00","A","","","","",
"1012","PKL","PHI200400A","89047574","TE CPVC DN54 TIGRE","","","2026-01-06","0","0","20","20","UN","20","20","UN","0L","MM 0020, vendas, livre","BRL","989.40","0","13:44:35","1","20","04","00","A","","","","",
"1012","PKL","PHI200400A","89047560","TUBO CPVC AGUA QUENTE 3M DN54 TIGRE","","","2025-11-25","0","0","58","58","UN","58","58","UN","0L","MM 0020, vendas, livre","BRL","9766.04","0","13:25:32","1","20","04","00","A","","","","",
"1012","PKL","PHI200400A","89047553","UNIAO CPVC DN28 TIGRE","","","2025-10-09","0","0","31","31","UN","31","31","UN","0L","MM 0020, vendas, livre","BRL","415.40","0","16:22:32","1","20","04","00","A","","","","",
"1012","PKL","PHI200400A","89047546","TE CPVC DN28 TIGRE","","","2025-11-19","0","0","73","73","UN","73","73","UN","0L","MM 0020, vendas, livre","BRL","459.90","0","10:28:52","1","20","04","00","A","","","","",
"1012","PKL","PHI200400A","89047511","LUVA SIMPLES CPVC DN28 TIGRE","","","2025-11-13","0","0","190","190","UN","190","190","UN","0L","MM 0020, vendas, livre","BRL","638.40","0","10:25:15","1","20","04","00","A","","","","",
"1012","PKL","PHI200400A","89047483","LUVA SIMPLES CPVC DN54 TIGRE","","","2025-11-25","0","0","30","30","UN","30","30","UN","0L","MM 0020, vendas, livre","BRL","611.70","0","13:25:32","1","20","04","00","A","","","","",
"1012","PKL","PHI200400A","89047406","JOELHO 90 CPVC DN28 TIGRE","","","2025-10-26","0","0","162","162","UN","162","162","UN","0L","MM 0020, vendas, livre","BRL","913.68","0","13:48:34","1","20","04","00","A","","","","",
"1012","PKL","PHI200400A","89047371","JOELHO 90 CPVC DN54 TIGRE","","","2026-01-06","0","0","48","48","UN","48","48","UN","0L","MM 0020, vendas, livre","BRL","1944.96","0","13:44:35","1","20","04","00","A","","","","",
"1012","PKL","PHI200400A","89047301","BUCHA RED CPVC DN35X22 TIGRE","","","2025-10-03","0","0","11","11","UN","11","11","UN","0L","MM 0020, vendas, livre","BRL","97.24","0","16:26:05","1","20","04","00","A","","","","",
"1012","PKL","PHI200400A","89047280","BUCHA RED CPVC DN28X15 TIGRE","","","2024-09-24","0","0","35","35","UN","35","35","UN","0L","MM 0020, vendas, livre","BRL","89.95","0","14:51:01","1","20","04","00","A","","","","",
"1012","PKL","PHI200400A","89963783","JOELHO 45 AQUATHERM 42MM TIGRE","","","2026-01-29","0","0","16","16","UN","16","16","UN","0L","MM 0020, vendas, livre","BRL","158.08","0","11:28:18","1","20","04","00","A","","","","",
"1012","PKL","PHI200400A","89820220","ADESIVO PLAST CPVC FRASCO 850G TIGRE","","","2026-01-12","0","0","38","38","UN","38","38","UN","0L","MM 0020, vendas, livre","BRL","3082.94","0","17:14:36","1","20","04","00","A","","","","",
"1012","PKL","PHI200400A","89523644","BUCHA RED CPVC DN35X28 TIGRE","","","2026-01-06","0","0","21","21","UN","21","21","UN","0L","MM 0020, vendas, livre","BRL","361.62","0","13:43:46","1","20","04","00","A","","","","",
"1012","PKL","PHI200400A","89523651","CONECTOR TRANS FM CPVC DN42X1.1/2 TIGRE","","","2026-01-06","0","0","10","10","UN","10","10","UN","0L","MM 0020, vendas, livre","BRL","349.60","0","13:44:32","1","20","04","00","A","","","","",
"1012","PKL","PHI200400A","89523700","JOELHO 45 CPVC DN28 TIGRE","","","2026-01-06","0","0","61","61","UN","61","61","UN","0L","MM 0020, vendas, livre","BRL","324.52","0","13:43:46","1","20","04","00","A","","","","",
"1012","PKL","PHI200400A","89523714","JOELHO 45 CPVC DN35 TIGRE","","","2026-01-06","0","0","10","10","UN","10","10","UN","0L","MM 0020, vendas, livre","BRL","95.30","0","13:43:46","1","20","04","00","A","","","","",
"1012","PKL","PHI200400A","89523742","JOELHO 90 CPVC DN35 TIGRE","","","2026-01-06","0","0","46","46","UN","46","46","UN","0L","MM 0020, vendas, livre","BRL","474.72","0","13:44:37","1","20","04","00","A","","","","",
"1012","PKL","PHI200400A","89523756","BUCHA RED CPVC DN42X22 TIGRE","","","2025-06-17","0","0","22","22","UN","22","22","UN","0L","MM 0020, vendas, livre","BRL","460.46","0","14:32:24","1","20","04","00","A","","","","",
"1012","PKL","PHI200400A","89523763","JOELHO 90 CPVC DN42 TIGRE","","","2025-10-28","0","0","39","39","UN","39","39","UN","0L","MM 0020, vendas, livre","BRL","618.15","0","10:34:25","1","20","04","00","A","","","","",
"1012","PKL","PHI200400A","89523791","LUVA CORRER CPVC DN28 TIGRE","","","2024-09-17","0","0","14","14","UN","14","14","UN","0L","MM 0020, vendas, livre","BRL","113.54","0","17:07:26","1","20","04","00","A","","","","",
"1012","PKL","PHI200400A","89523812","LUVA SIMPLES CPVC DN35 TIGRE","","","2025-11-25","0","0","29","29","UN","29","29","UN","0L","MM 0020, vendas, livre","BRL","216.05","0","13:25:30","1","20","04","00","A","","","","",
"1012","PKL","PHI200400A","89523826","LUVA SIMPLES CPVC DN42 TIGRE","","","2026-01-06","0","0","8","8","UN","8","8","UN","0L","MM 0020, vendas, livre","BRL","78.24","0","13:43:46","1","20","04","00","A","","","","",
"1012","PKL","PHI200400A","89523854","LUVA TRANS F CPVC DN35X1.1/4 TIGRE","","","2026-01-06","0","0","5","5","UN","5","5","UN","0L","MM 0020, vendas, livre","BRL","321.80","0","13:43:46","1","20","04","00","A","","","","",
"1012","PKL","PHI200400A","89523861","BUCHA RED CPVC DN42X28 TIGRE","","","2025-10-28","0","0","19","19","UN","19","19","UN","0L","MM 0020, vendas, livre","BRL","400.33","0","10:34:22","1","20","04","00","A","","","","",
"1012","PKL","PHI200400A","89523875","LUVA TRANS F CPVC DN42X1.1/2 TIGRE","","","2025-12-16","0","0","16","16","UN","16","16","UN","0L","MM 0020, vendas, livre","BRL","1198.72","0","18:51:33","1","20","04","00","A","","","","",
"1012","PKL","PHI200400A","89523896","TE CPVC DN35 TIGRE","","","2025-09-06","0","0","43","43","UN","43","43","UN","0L","MM 0020, vendas, livre","BRL","860.43","0","09:19:43","1","20","04","00","A","","","","",
"1012","PKL","PHI200400A","89523903","TE CPVC DN42 TIGRE","","","2025-08-28","0","0","21","21","UN","21","21","UN","0L","MM 0020, vendas, livre","BRL","631.26","0","11:04:18","1","20","04","00","A","","","","",
"1012","PKL","PHI200400A","89523910","TE RED CPVC DN28X15 TIGRE","","","2025-06-12","0","0","30","30","UN","30","30","UN","0L","MM 0020, vendas, livre","BRL","165.90","0","15:28:08","1","20","04","00","A","","","","",
"1012","PKL","PHI200400A","89523924","TE RED CPVC DN28X22 TIGRE","","","2025-06-24","0","0","36","36","UN","36","36","UN","0L","MM 0020, vendas, livre","BRL","168.12","0","15:43:39","1","20","04","00","A","","","","",
"1012","PKL","PHI200400A","89523931","TE RED CPVC DN35X22 TIGRE","","","2025-12-16","0","0","21","21","UN","21","21","UN","0L","MM 0020, vendas, livre","BRL","262.92","0","18:51:33","1","20","04","00","A","","","","",
"1012","PKL","PHI200500A","89821550","CLORO FLUTUADOR 500G HTH","","","2025-10-02","0","0","1","1","UN","1","1","UN","0L","MM 0020, vendas, livre","BRL","51.19","0","06:49:27","1","20","05","00","A","","","","",
"1012","PKL","PHI200500A","89451656","ADAPT P/ NICHO PISCINA LED VINIL BRUSTEC","","","2025-06-09","0","0","18","18","UN","18","18","UN","0L","MM 0020, vendas, livre","BRL","133.92","0","15:56:54","1","20","05","00","A","","","","",
"1012","PKL","PHI200500A","89402880","BOMBA HIDROM CHS17 MONO BIV 1.1/2CV","","","2025-05-15","0","0","1","1","UN","1","1","UN","0L","MM 0020, vendas, livre","BRL","663.24","0","09:32:22","1","20","05","00","A","","","","",
"1012","PKL","PHI200500A","89402894","BOMBA HIDROM CHS17 MONO BIV 1/2CV","","","2024-12-16","0","0","1","1","UN","1","1","UN","0L","MM 0020, vendas, livre","BRL","508.12","0","13:05:42","1","20","05","00","A","","","","",
"1012","PKL","PHI200500A","89423236","CLORADOR FLUTUANTE BRUSTEC","","","2025-12-08","0","0","56","56","UN","56","56","UN","0L","MM 0020, vendas, livre","BRL","465.36","0","16:27:16","1","20","05","00","A","","","","",
"1012","PKL","PHI200500A","89127843","AREIA FILTRO PISCINA 15KG DANCOR","","","2026-01-09","0","0","50","50","UN","50","50","UN","0L","MM 0020, vendas, livre","BRL","1006.00","0","11:42:10","1","20","05","00","A","","","","",
"1012","PKL","PHI200500A","89127913","BOMBA PISCINA PF-17 MONO 1/2CV 127/220V","","","2026-01-09","0","0","1","1","UN","1","1","UN","0L","MM 0020, vendas, livre","BRL","603.67","0","11:41:57","1","20","05","00","A","","","","",
"1012","PKL","PHI200500A","89127920","BOMBA PISCINA PF-17 MONO 3/4CV 127/220V","","","2025-01-07","0","0","1","1","UN","1","1","UN","0L","MM 0020, vendas, livre","BRL","912.16","0","09:59:30","1","20","05","00","A","","","","",
"1012","PKL","PHI200500A","89128004","BOMBA PISCINA PF-17 MONO 1/3CV 127/220V","","","2025-11-10","0","0","2","2","UN","2","2","UN","0L","MM 0020, vendas, livre","BRL","1267.84","0","14:01:26","1","20","05","00","A","","","","",
"1012","PKL","PHI200500A","89196933","FILTRO PISC DFR11 S/AREIA S/BOMBA DANCOR","","","2026-01-09","0","0","1","1","UN","1","1","UN","0L","MM 0020, vendas, livre","BRL","331.58","0","11:41:50","1","20","05","00","A","","","","",
"1012","PKL","PHI200500A","89196835","FILTRO PISC DFR12 S/AREIA S/BOMBA DANCOR","","","2026-01-11","0","0","3","3","UN","3","3","UN","0L","MM 0020, vendas, livre","BRL","1089.30","0","15:49:33","1","20","05","00","A","","","","",
"1012","PKL","PHI200500A","89196856","FILTRO PISC DFR15 S/AREIA S/BOMBA DANCOR","","","2026-01-09","0","0","2","2","UN","2","2","UN","0L","MM 0020, vendas, livre","BRL","947.28","0","11:41:55","1","20","05","00","A","","","","",
"1012","PKL","PHI200500A","89265295","BOMBA PISCINA PF-17 MONO 1/4CV 127/220V","","","2026-01-09","0","0","1","1","UN","1","1","UN","0L","MM 0020, vendas, livre","BRL","516.00","0","11:41:58","1","20","05","00","A","","","","",
"1012","PKL","PHI200500A","89292672","FILTRO PISC DFR19 S/AREIA S/BOMBA DANCOR","","","2025-12-16","0","0","1","1","UN","1","1","UN","0L","MM 0020, vendas, livre","BRL","555.62","0","10:13:51","1","20","05","00","A","","","","",
"1012","PKL","PHI200600A","89046286","TE MET F PEX 20MMX1/2 ASTRA","","","2025-10-02","0","0","19","19","UN","19","19","UN","0L","MM 0020, vendas, livre","BRL","468.16","0","06:49:43","1","20","06","00","A","","","","",
"1012","PKL","PHI200600A","89046300","TE MET M PEX 16MMX1/2 ASTRA","","","2024-10-23","0","0","13","13","UN","13","13","UN","0L","MM 0020, vendas, livre","BRL","251.03","0","10:38:15","1","20","06","00","A","","","","",
"1012","PKL","PHI200600A","89046272","TE MET F PEX 16MM X1/2 ASTRA","","","2025-06-09","0","0","18","18","UN","18","18","UN","0L","MM 0020, vendas, livre","BRL","391.68","0","11:00:54","1","20","06","00","A","","","","",
"1012","PKL","PHI200600A","89046223","CONECTOR MOVEL MET F PEX 20MMX1/2 ASTRA","","","2025-09-03","0","0","14","14","UN","14","14","UN","0L","MM 0020, vendas, livre","BRL","134.40","0","19:29:42","1","20","06","00","A","","","","",
"1012","PKL","PHI200600A","89046202","CONECTOR MOVEL MET F PEX 16MMX1/2 ASTRA","","","2025-08-14","0","0","32","32","UN","32","32","UN","0L","MM 0020, vendas, livre","BRL","292.48","0","10:24:43","1","20","06","00","A","","","","",
"1012","PKL","PHI200600A","89046342","TE MET PEX 16MM ASTRA","","","2026-01-14","0","0","4","4","UN","4","4","UN","0L","MM 0020, vendas, livre","BRL","68.92","0","08:37:23","1","20","06","00","A","","","","",
"1012","PKL","PHI200600A","89046384","TE MET PEX 20MM ASTRA","","","2026-01-14","0","0","11","11","UN","11","11","UN","0L","MM 0020, vendas, livre","BRL","244.53","0","08:37:23","1","20","06","00","A","","","","",
"1012","PKL","PHI200600A","89046405","TE RED MET PEX 25X20X25MM ASTRA","","","2025-04-14","0","0","18","18","UN","18","18","UN","0L","MM 0020, vendas, livre","BRL","594.54","0","08:50:07","1","20","06","00","A","","","","",
"1012","PKL","PHI200600A","89046412","TE MET PEX 25MM ASTRA","","","2025-11-11","0","0","14","14","UN","14","14","UN","0L","MM 0020, vendas, livre","BRL","536.76","0","18:09:46","1","20","06","00","A","","","","",
"1012","PKL","PHI200600A","89046426","COTOVELO FIXO MET F PEX 16MMX1/2 ASTRA","","","2024-10-23","0","0","23","23","UN","23","23","UN","0L","MM 0020, vendas, livre","BRL","260.36","0","10:38:15","1","20","06","00","A","","","","",
"1012","PKL","PHI200600A","89046433","COTOVELO FIXO MET F PEX 20MMX1/2 ASTRA","","","2024-10-23","0","0","19","19","UN","19","19","UN","0L","MM 0020, vendas, livre","BRL","269.23","0","10:38:15","1","20","06","00","A","","","","",
"1012","PKL","PHI200600A","89046195","CONECTOR FIXO MET F PEX 20MMX3/4 ASTRA","","","2024-10-23","0","0","10","10","UN","10","10","UN","0L","MM 0020, vendas, livre","BRL","141.30","0","10:38:15","1","20","06","00","A","","","","",
"1012","PKL","PHI200600A","89046181","CONECTOR FIXO MET F PEX 20MMX1/2 ASTRA","","","2026-01-14","0","0","7","7","UN","7","7","UN","0L","MM 0020, vendas, livre","BRL","78.54","0","08:37:23","1","20","06","00","A","","","","",
"1012","PKL","PHI200600A","89046174","CONECTOR FIXO MET F PEX 16MMX1/2 ASTRA","","","2025-07-15","0","0","20","20","UN","20","20","UN","0L","MM 0020, vendas, livre","BRL","182.40","0","12:05:50","1","20","06","00","A","","","","",
"1012","PKL","PHI200600A","89046160","CONECTOR FIXO MET M PEX 20MMX3/4 ASTRA","","","2026-01-28","0","0","38","38","UN","38","38","UN","0L","MM 0020, vendas, livre","BRL","506.92","0","08:40:49","1","20","06","00","A","","","","",
"1012","PKL","PHI200600A","89046153","CONECTOR FIXO MET M PEX 20MMX1/2 ASTRA","","","2025-12-02","0","0","48","48","UN","48","48","UN","0L","MM 0020, vendas, livre","BRL","545.28","0","14:39:53","1","20","06","00","A","","","","",
"1012","PKL","PHI200600A","89046146","CONECTOR FIXO MET M PEX 16MMX3/4 ASTRA","","","2024-10-23","0","0","15","15","UN","15","15","UN","0L","MM 0020, vendas, livre","BRL","166.80","0","10:38:15","1","20","06","00","A","","","","",
"1012","PKL","PHI200600A","89046125","CONECTOR FIXO MET M PEX 16MMX1/2 ASTRA","","","2024-10-23","0","0","20","20","UN","20","20","UN","0L","MM 0020, vendas, livre","BRL","170.20","0","10:38:15","1","20","06","00","A","","","","",
"1012","PKL","PHI200600A","89046111","UNIAO MET PEX 25MM ASTRA","","","2024-10-23","0","0","19","19","UN","19","19","UN","0L","MM 0020, vendas, livre","BRL","375.25","0","10:38:15","1","20","06","00","A","","","","",
"1012","PKL","PHI200600A","89046104","UNIAO MET PEX 20MM ASTRA","","","2025-10-28","0","0","110","110","UN","110","110","UN","0L","MM 0020, vendas, livre","BRL","1498.20","0","08:56:23","1","20","06","00","A","","","","",
"1012","PKL","PHI200600A","89046090","UNIAO MET PEX 16MM ASTRA","","","2025-10-02","0","0","9","9","UN","9","9","UN","0L","MM 0020, vendas, livre","BRL","80.37","0","06:49:43","1","20","06","00","A","","","","",
"1012","PKL","PHI200600A","89046083","COTOVELO FIXO MET M PEX 25MMX3/4 ASTRA","","","2025-10-02","0","0","6","6","UN","6","6","UN","0L","MM 0020, vendas, livre","BRL","129.36","0","06:49:43","1","20","06","00","A","","","","",
"1012","PKL","PHI200600A","89046440","COTOVELO FIXO MET F PEX 25MMX3/4 ASTRA","","","2024-10-23","0","0","14","14","UN","14","14","UN","0L","MM 0020, vendas, livre","BRL","301.84","0","10:38:15","1","20","06","00","A","","","","",
"1012","PKL","PHI200600A","89046923","VALV FECHAR MINI PEX VM AQ PEX 1/2 ASTRA","","","2025-04-01","0","0","23","23","UN","23","23","UN","0L","MM 0020, vendas, livre","BRL","553.38","0","08:25:26","1","20","06","00","A","","","","",
"1012","PKL","PHI200600A","89046853","TAMPAO MET M PEX 20MM 3/4 ASTRA","","","2024-10-23","0","0","25","25","UN","25","25","UN","0L","MM 0020, vendas, livre","BRL","148.75","0","10:38:15","1","20","06","00","A","","","","",
"1012","PKL","PHI200600A","89128081","COTOVELO LONGO BASE MET PEX 16MMx1/2 AST","","","2024-10-23","0","0","36","36","UN","36","36","UN","0L","MM 0020, vendas, livre","BRL","666.36","0","10:38:15","1","20","06","00","A","","","","",
"1012","PKL","PHI200600A","89183101","PROLONG MEDIO MF ZAMAC AM 1/2 GARDEN","","","2025-05-29","0","0","36","36","UN","36","36","UN","0L","MM 0020, vendas, livre","BRL","100.80","0","14:36:26","1","20","06","00","A","","","","",
"1012","PKL","PHI200600A","89183122","PROLONG CURTO MF ZAMAC AM 3/4 GARDEN","","","2026-01-09","0","0","222","222","UN","222","222","UN","0L","MM 0020, vendas, livre","BRL","612.72","0","08:01:36","1","20","06","00","A","","","","",
"1012","PKL","PHI200600A","89845770","COTOVELO MET PEX 16MM ASTRA","","","2026-01-28","0","0","4","4","UN","4","4","UN","0L","MM 0020, vendas, livre","BRL","53.60","0","08:40:49","1","20","06","00","A","","","","",
"1012","PKL","PHI200600A","89845784","COIFA FLEX TRIPLA PEX 16-20X50X100","","","2025-06-09","0","0","20","20","UN","20","20","UN","0L","MM 0020, vendas, livre","BRL","155.20","0","11:00:54","1","20","06","00","A","","","","",
"1012","PKL","PHI200600A","89845791","COTOVELO FIXO MET M PEX 25MMX3/4 ASTRA","","","2025-10-03","0","0","15","15","UN","15","15","UN","0L","MM 0020, vendas, livre","BRL","347.25","0","16:26:06","1","20","06","00","A","","","","",
"1012","PKL","PHI200600A","89845805","COTOVELO MET PEX 20MM ASTRA","","","2026-01-22","0","0","3","3","UN","3","3","UN","0L","MM 0020, vendas, livre","BRL","55.74","0","11:37:53","1","20","06","00","A","","","","",
"1012","PKL","PHI200600A","89845812","COTOVELO LONGO BASE MET PEX 20MMX1/2 AST","","","2025-05-07","0","0","39","39","UN","39","39","UN","0L","MM 0020, vendas, livre","BRL","914.16","0","10:00:33","1","20","06","00","A","","","","",
"1012","PKL","PHI200600A","89845826","COTOVELO CURTO BASE MET PEX 20MMX1/2 AST","","","2025-06-09","0","0","19","19","UN","19","19","UN","0L","MM 0020, vendas, livre","BRL","371.64","0","11:00:54","1","20","06","00","A","","","","",
"1012","PKL","PHI200600A","89845833","COTOVELO FIXO MET M PEX 16MMX1/2 ASTRA","","","2025-06-09","0","0","31","31","UN","31","31","UN","0L","MM 0020, vendas, livre","BRL","388.12","0","11:00:54","1","20","06","00","A","","","","",
"1012","PKL","PHI200600A","89845840","COTOVELO MET PEX 25MM ASTRA","","","2025-11-10","0","0","17","17","UN","17","17","UN","0L","MM 0020, vendas, livre","BRL","483.82","0","14:49:45","1","20","06","00","A","","","","",
"1012","PKL","PHI200600A","89845854","COTOVELO CURTO BASE MET PEX 25MMX3/4 AST","","","2025-06-09","0","0","18","18","UN","18","18","UN","0L","MM 0020, vendas, livre","BRL","471.78","0","11:00:54","1","20","06","00","A","","","","",
"1012","PKL","PHI200600A","89845861","COIFA FLEX SIMPLES PEX 20X32","","","2025-10-03","0","0","26","26","UN","26","26","UN","0L","MM 0020, vendas, livre","BRL","69.42","0","16:26:06","1","20","06","00","A","","","","",
"1012","PKL","PHI200600A","89845875","COIFA FLEX DUPLA PEX 16X50X75","","","2025-06-09","0","0","21","21","UN","21","21","UN","0L","MM 0020, vendas, livre","BRL","100.80","0","11:00:54","1","20","06","00","A","","","","",
"1012","PKL","PHI200600A","89046846","TAMPAO MET M PEX 16MM 1/2 ASTRA","","","2024-10-23","0","0","14","14","UN","14","14","UN","0L","MM 0020, vendas, livre","BRL","49.70","0","10:38:15","1","20","06","00","A","","","","",
"1012","PKL","PHI200600A","89046832","TAMPAO MET M PEX 25MM 1 ASTRA","","","2024-10-23","0","0","18","18","UN","18","18","UN","0L","MM 0020, vendas, livre","BRL","147.60","0","10:38:15","1","20","06","00","A","","","","",
"1012","PKL","PHI200600A","89046825","TAMPAO MET F PEX 20MM 3/4 ASTRA","","","2025-12-12","0","0","13","13","UN","13","13","UN","0L","MM 0020, vendas, livre","BRL","86.06","0","09:00:01","1","20","06","00","A","","","","",
"1012","PKL","PHI200600A","89046811","TAMPAO MET F PEX 16MM 1/2 ASTRA","","","2025-06-09","0","0","15","15","UN","15","15","UN","0L","MM 0020, vendas, livre","BRL","55.50","0","11:00:54","1","20","06","00","A","","","","",
"1012","PKL","PHI200600A","89046790","TAMPAO MET F PEX 25MM 1 ASTRA","","","2025-11-10","0","0","13","13","UN","13","13","UN","0L","MM 0020, vendas, livre","BRL","101.66","0","14:49:45","1","20","06","00","A","","","","",
"1012","PKL","PHI200600A","89046482","TE MISTURADOR MET PEX 16MMX1/2 ASTRA","","","2024-10-23","0","0","16","16","UN","16","16","UN","0L","MM 0020, vendas, livre","BRL","976.16","0","10:38:15","1","20","06","00","A","","","","",
"1012","PKL","PHI200600A","89045502","COIFA FLEX SIMPLES PEX 16X32 ASTRA","","","2025-06-09","0","0","42","42","UN","42","42","UN","0L","MM 0020, vendas, livre","BRL","128.52","0","11:00:54","1","20","06","00","A","","","","",
"1012","PKL","PHI200600A","89440022","TUBO PEX AGUA QUENTE 32MM ASTRA","","","2025-12-12","0","0","50","50","M","50","50","M","0L","MM 0020, vendas, livre","BRL","644.50","0","08:59:59","1","20","06","00","A","","","","",
"1012","PKL","PHI200600A","89498514","TUBO COBRE E 2,5M E0,6 22MM RUMO CERTO","","","2026-01-06","0","0","1","1","UN","1","1","UN","0L","MM 0020, vendas, livre","BRL","128.29","0","08:41:29","1","20","06","00","A","","","","",
"1012","PKL","PHI200600A","89498612","BUCHA RED N30 LATAO 3/4X1/2 RUMO CERTO","","","2025-12-15","0","0","30","30","UN","30","30","UN","0L","MM 0020, vendas, livre","BRL","199.80","0","10:41:07","1","20","06","00","A","","","","",
"1012","PKL","PHI200600A","89498731","CONECTOR 603 F LATAO 35X1.1/4 RUMO CERTO","","","2025-11-05","0","0","1","1","UN","1","1","UN","0L","MM 0020, vendas, livre","BRL","19.67","0","09:59:49","1","20","06","00","A","","","","",
"1012","PKL","PHI200600A","89498822","CONECTOR 604 M LATAO 54X2 RUMO CERTO","","","2025-10-04","0","0","9","9","UN","9","9","UN","0L","MM 0020, vendas, livre","BRL","329.94","0","14:34:37","1","20","06","00","A","","","","",
"1012","PKL","PHI200600A","89499172","CURVA 45 606 LATAO 22MM RUMO CERTO","","","2025-10-06","0","0","4","4","UN","4","4","UN","0L","MM 0020, vendas, livre","BRL","28.56","0","22:15:17","1","20","06","00","A","","","","",
"1012","PKL","PHI200600A","89499242","CURVA TRANSPOS 736 LATAO 15MM RUMO CERTO","","","2025-11-05","0","0","1","1","UN","1","1","UN","0L","MM 0020, vendas, livre","BRL","16.89","0","09:59:49","1","20","06","00","A","","","","",
"1012","PKL","PHI200600A","89499270","BUCHA RED 6002 LATAO 35X22MM RUMO CERTO","","","2025-11-05","0","0","1","1","UN","1","1","UN","0L","MM 0020, vendas, livre","BRL","10.81","0","09:59:49","1","20","06","00","A","","","","",
"1012","PKL","PHI200600A","89647544","PRENSA PEX 16 A 25MM ASTRA","","","2024-10-23","0","0","1","1","UN","1","1","UN","0L","MM 0020, vendas, livre","BRL","545.23","0","10:38:15","1","20","06","00","A","","","","",
"1012","PKL","PHI200600A","89412204","BUCHA RED MET PEX 1X1/2 ASTRA","","","2024-10-23","0","0","16","16","UN","16","16","UN","0L","MM 0020, vendas, livre","BRL","142.56","0","10:38:15","1","20","06","00","A","","","","",
"1012","PKL","PHI200600A","89412211","BUCHA RED MET PEX 1X3/4 ASTRA","","","2024-10-23","0","0","13","13","UN","13","13","UN","0L","MM 0020, vendas, livre","BRL","105.17","0","10:38:15","1","20","06","00","A","","","","",
"1012","PKL","PHI200600A","89412225","BUCHA RED MET PEX 3/4X1/2 ASTRA","","","2025-10-02","0","0","31","31","UN","31","31","UN","0L","MM 0020, vendas, livre","BRL","148.49","0","06:49:43","1","20","06","00","A","","","","",
"1012","PKL","PHI200600A","89412232","CANOPLA PEX 16MM ASTRA","","","2024-09-02","0","0","105","105","UN","105","105","UN","0L","MM 0020, vendas, livre","BRL","539.70","0","15:29:49","1","20","06","00","A","","","","",
"1012","PKL","PHI200600A","89412260","CONECTOR FIXO MET F PEX 25MMX3/4 ASTRA","","","2025-12-12","0","0","21","21","UN","21","21","UN","0L","MM 0020, vendas, livre","BRL","313.11","0","08:59:58","1","20","06","00","A","","","","",
"1012","PKL","PHI200600A","89412281","COTOVELO CURTO BASE MET PEX 16MMX1/2 AST","","","2025-12-08","0","0","16","16","UN","16","16","UN","0L","MM 0020, vendas, livre","BRL","255.20","0","10:26:11","1","20","06","00","A","","","","",
"1012","PKL","PHI200600A","89045495","COIFA FLEX SIMPLES PEX 16X25 ASTRA","","","2025-12-08","0","0","25","25","UN","25","25","UN","0L","MM 0020, vendas, livre","BRL","74.50","0","10:26:11","1","20","06","00","A","","","","",
"1012","PKL","PHI200600A","89045103","ANEL VED PEX 20MM 3/4 10PC ASTRA","","","2025-10-02","0","0","28","28","UN","28","28","UN","0L","MM 0020, vendas, livre","BRL","72.24","0","06:49:44","1","20","06","00","A","","","","",
"1012","PKL","PHI200600A","89045096","ANEL VED PEX 16MM 1/2 10PC ASTRA","","","2025-10-02","0","0","51","51","UN","51","51","UN","0L","MM 0020, vendas, livre","BRL","77.01","0","06:49:44","1","20","06","00","A","","","","",
"1012","PKL","PHI200600A","89417356","ALARGADOR EXPANSOR PEX 12 A 25MM","","","2024-12-16","0","0","1","1","UN","1","1","UN","0L","MM 0020, vendas, livre","BRL","143.70","0","09:11:07","1","20","06","00","A","","","","",
"1012","PKL","PHI200600A","89411525","UNIAO RED PEX 20X25MM ASTRA","","","2024-10-23","0","0","8","8","UN","8","8","UN","0L","MM 0020, vendas, livre","BRL","127.20","0","10:38:15","1","20","06","00","A","","","","",
"1012","PKL","PHI200600A","89411511","UNIAO RED PEX 16X25MM ASTRA","","","2024-10-23","0","0","66","66","UN","66","66","UN","0L","MM 0020, vendas, livre","BRL","869.88","0","10:38:15","1","20","06","00","A","","","","",
"1012","PKL","PHI200600A","89412491","TE RED MET PEX 25X16X25MM ASTRA","","","2024-10-23","0","0","25","25","UN","25","25","UN","0L","MM 0020, vendas, livre","BRL","725.25","0","10:38:15","1","20","06","00","A","","","","",
"1012","PKL","PHI200600A","89412470","TE RED MET PEX 20X20X16MM ASTRA","","","2024-10-23","0","0","21","21","UN","21","21","UN","0L","MM 0020, vendas, livre","BRL","409.71","0","10:38:15","1","20","06","00","A","","","","",
"1012","PKL","PHI200600A","89412463","TE RED MET PEX 20X16X20MM ASTRA","","","2024-10-23","0","0","18","18","UN","18","18","UN","0L","MM 0020, vendas, livre","BRL","368.64","0","10:38:15","1","20","06","00","A","","","","",
"1012","PKL","PHI200600A","89412414","TE MET M PEX 20MMX3/4 ASTRA","","","2024-10-23","0","0","13","13","UN","13","13","UN","0L","MM 0020, vendas, livre","BRL","314.47","0","10:38:15","1","20","06","00","A","","","","",
"1012","PKL","PHI200600A","89412365","DISTRIBUIDOR FECHADO PEX 3/4 3X16MM ASTR","","","2024-09-02","0","0","7","7","UN","7","7","UN","0L","MM 0020, vendas, livre","BRL","392.84","0","15:29:49","1","20","06","00","A","","","","",
"1012","PKL","PHI200600A","89412351","DISTRIBUIDOR ABERTO PEX 3/4 3X16MM ASTRA","","","2024-09-02","0","0","8","8","UN","8","8","UN","0L","MM 0020, vendas, livre","BRL","415.28","0","15:29:49","1","20","06","00","A","","","","",
"1012","PKL","PHI200600A","89412316","COTOVELO MOVEL MET F PEX 20MMX1/2 ASTRA","","","2024-10-23","0","0","6","6","UN","6","6","UN","0L","MM 0020, vendas, livre","BRL","110.04","0","10:38:15","1","20","06","00","A","","","","",
"1012","PKL","PHI200600A","89412302","COTOVELO MOVEL MET F PEX 16MMX1/2 ASTRA","","","2025-10-02","0","0","50","50","UN","50","50","UN","0L","MM 0020, vendas, livre","BRL","727.50","0","06:49:43","1","20","06","00","A","","","","",
"1012","PKL","PHI200600M","89127752","TUBO PEX AGUA QUENTE 20MM ASTRA","","","2025-11-19","0","0","119","119","M","119","119","M","0L","MM 0020, vendas, livre","BRL","600.95","0","17:04:12","1","20","06","00","M","","","","",
"1012","PKL","PHI200600M","89127640","TUBO PEX AGUA QUENTE 16MM ASTRA","","","2024-09-02","0","0","306","306","M","306","306","M","0L","MM 0020, vendas, livre","BRL","1025.10","0","15:29:48","1","20","06","00","M","","","","",
"1012","PKL","PHI200600M","89127864","TUBO PEX AGUA QUENTE 25MM ASTRA","","","2025-12-08","0","0","50","50","M","50","50","M","0L","MM 0020, vendas, livre","BRL","386.00","0","10:26:11","1","20","06","00","M","","","","",
"1012","PKL","PHI200700A","89634314","PENEIRA CATA FOLHAS ARO PLAST BRUSTEC","","","2026-01-29","0","0","22","22","UN","22","22","UN","0L","MM 0020, vendas, livre","BRL","287.54","0","16:29:07","1","20","07","00","A","","","","",
"1012","PKL","PHI200700A","89821641","CLORO PISCINA PACE AÇÃO TOTAL 10KG HTH","","","2026-01-16","0","0","58","58","UN","58","58","UN","0L","MM 0020, vendas, livre","BRL","6232.68","0","17:03:41","1","20","07","00","A","","","","",
"1012","PKL","PHI200700A","89795804","CLORO FLUTUADOR 830G HTH","","","2025-11-28","0","0","5","5","UN","5","5","UN","0L","MM 0020, vendas, livre","BRL","215.75","0","09:51:12","1","20","07","00","A","","","","",
"1012","PKL","PHI200700A","89518863","ELEVADOR PH GRANULADO 2KG GENCO","","","2026-01-23","0","0","8","8","UN","8","8","UN","0L","MM 0020, vendas, livre","BRL","149.44","0","10:29:35","1","20","07","00","A","","","","",
"1012","PKL","PHI200700A","89571986","CLORO GRAN ESTAB 7,5KG SMART BLUEPO","","","2025-12-30","0","0","27","27","UN","27","27","UN","0L","MM 0020, vendas, livre","BRL","1556.28","0","19:26:21","1","20","07","00","A","","","","",
"1012","PKL","PHI200700A","89647446","ASPIRADOR 8 ESFERAS 33CM BRUSTEC","","","2025-12-08","0","0","2","2","UN","2","2","UN","0L","MM 0020, vendas, livre","BRL","63.16","0","16:27:15","1","20","07","00","A","","","","",
"1012","PKL","PHI200700A","89876745","CLORO PISCINA TRADICIONAL 10KG HTH","","","2026-01-26","0","0","4","4","UN","4","4","UN","0L","MM 0020, vendas, livre","BRL","810.80","0","16:31:17","1","20","07","00","A","","","","",
"1012","PKL","PHI200700A","89423271","ASPIRADOR ESCOVA NYLON ASA DELTA 25CM","","","2026-01-17","0","0","6","6","UN","6","6","UN","0L","MM 0020, vendas, livre","BRL","145.20","0","10:48:37","1","20","07","00","A","","","","",
"1012","PKL","PHI200700A","89423334","CABO ALUMINIO TELESCOPICO 4M BRUSTEC","","","2026-01-17","0","0","1","1","UN","1","1","UN","0L","MM 0020, vendas, livre","BRL","46.48","0","10:16:16","1","20","07","00","A","","","","",
"1012","PKL","PHI200700A","89044655","CLORO GRAN ESTAB 10KG 3X1 GENCO","","","2026-01-23","0","0","9","9","UN","9","9","UN","0L","MM 0020, vendas, livre","BRL","1071.00","0","10:29:34","1","20","07","00","A","","","","",
"1012","PKL","PHI200700A","89044676","PASTILHA CLORO 3X1 200G GENCO","","","2026-01-23","0","0","171","171","UN","171","171","UN","0L","MM 0020, vendas, livre","BRL","945.63","0","10:29:28","1","20","07","00","A","","","","",
"1012","PKL","PHI200700A","89044711","TRATAMENTO SEMANAL 5X1 400G GENCO","","","2025-12-06","0","0","11","11","UN","11","11","UN","0L","MM 0020, vendas, livre","BRL","167.31","0","15:32:29","1","20","07","00","A","","","","",
"1012","PKL","PHI200700A","89044725","CLARIFICANTE AUX FILTRACAO 1L GENCO","","","2026-01-23","0","0","29","29","UN","29","29","UN","0L","MM 0020, vendas, livre","BRL","309.72","0","10:29:27","1","20","07","00","A","","","","",
"1012","PKL","PHI200700A","89044795","SULFATO ALUMINIO 2KG GENCO","","","2026-01-23","0","0","38","38","UN","38","38","UN","0L","MM 0020, vendas, livre","BRL","364.80","0","10:29:36","1","20","07","00","A","","","","",
"1012","PKL","PHI200700A","89044823","ELEVADOR ALCALINIDADE 2KG GENCO","","","2026-01-23","0","0","32","32","UN","32","32","UN","0L","MM 0020, vendas, livre","BRL","625.28","0","10:29:25","1","20","07","00","A","","","","",
"1012","PKL","PHI200800A","89053496","BUCHA RED GALV BSP 1X3/4 TUPY","","","2025-05-07","0","0","10","10","UN","10","10","UN","0L","MM 0020, vendas, livre","BRL","80.60","0","12:52:12","1","20","08","00","A","","","","",
"1012","PKL","PHI200800A","89053594","BUJAO GALV BSP 3/8 TUPY","","","2024-10-14","0","0","34","34","UN","34","34","UN","0L","MM 0020, vendas, livre","BRL","72.42","0","10:02:44","1","20","08","00","A","","","","",
"1012","PKL","PHI200800A","89053601","BUJAO GALV BSP 1/2 TUPY","","","2025-12-17","0","0","3","3","UN","3","3","UN","0L","MM 0020, vendas, livre","BRL","7.44","0","12:04:16","1","20","08","00","A","","","","",
"1012","PKL","PHI200800A","89053615","BUJAO GALV BSP 3/4 TUPY","","","2025-07-22","0","0","37","37","UN","37","37","UN","0L","MM 0020, vendas, livre","BRL","147.63","0","11:12:19","1","20","08","00","A","","","","",
"1012","PKL","PHI200800A","89053622","BUJAO GALV BSP 1 TUPY","","","2025-12-17","0","0","28","28","UN","28","28","UN","0L","MM 0020, vendas, livre","BRL","169.12","0","12:04:16","1","20","08","00","A","","","","",
"1012","PKL","PHI200800A","89053692","COTOVELO GALV BSP 1/2 TUPY","","","2025-12-17","0","0","83","83","UN","83","83","UN","0L","MM 0020, vendas, livre","BRL","470.61","0","12:04:16","1","20","08","00","A","","","","",
"1012","PKL","PHI200800A","89053706","COTOVELO GALV BSP 3/4 TUPY","","","2025-12-17","0","0","25","25","UN","25","25","UN","0L","MM 0020, vendas, livre","BRL","228.75","0","12:04:16","1","20","08","00","A","","","","",
"1012","PKL","PHI200800A","89053713","COTOVELO GALV BSP 1 TUPY","","","2025-02-26","0","0","59","59","UN","59","59","UN","0L","MM 0020, vendas, livre","BRL","758.15","0","11:52:06","1","20","08","00","A","","","","",
"1012","PKL","PHI200800A","89053762","COTOVELO RED GALV BSP 3/4X1/2 TUPY","","","2025-03-21","0","0","9","9","UN","9","9","UN","0L","MM 0020, vendas, livre","BRL","86.04","0","08:24:10","1","20","08","00","A","","","","",
"1012","PKL","PHI200800A","89053853","LUVA GALV BSP 1/2 TUPY","","","2025-12-17","0","0","42","42","UN","42","42","UN","0L","MM 0020, vendas, livre","BRL","215.04","0","12:04:16","1","20","08","00","A","","","","",
"1012","PKL","PHI200800A","89053860","LUVA GALV BSP 3/4 TUPY","","","2025-12-17","0","0","18","18","UN","18","18","UN","0L","MM 0020, vendas, livre","BRL","138.24","0","12:04:16","1","20","08","00","A","","","","",
"1012","PKL","PHI200800A","89053923","LUVA RED GALV BSP 3/4X1/2 TUPY","","","2025-12-17","0","0","11","11","UN","11","11","UN","0L","MM 0020, vendas, livre","BRL","85.91","0","12:04:16","1","20","08","00","A","","","","",
"1012","PKL","PHI200800A","89053944","LUVA RED GALV BSP 1X1/2 TUPY","","","2025-07-08","0","0","8","8","UN","8","8","UN","0L","MM 0020, vendas, livre","BRL","88.80","0","12:54:51","1","20","08","00","A","","","","",
"1012","PKL","PHI200800A","89054021","LUVA MF GALV BSP 1/2 TUPY","","","2025-07-08","0","0","19","19","UN","19","19","UN","0L","MM 0020, vendas, livre","BRL","172.14","0","12:54:51","1","20","08","00","A","","","","",
"1012","PKL","PHI200800A","89054056","LUVA RED GALV MF BSP 1X1/2 TUPY","","","2025-08-25","0","0","24","24","UN","24","24","UN","0L","MM 0020, vendas, livre","BRL","366.24","0","09:57:59","1","20","08","00","A","","","","",
"1012","PKL","PHI200800A","89054070","NIPLE GALV BSP 1/2 TUPY","","","2026-01-11","0","0","8","8","UN","8","8","UN","0L","MM 0020, vendas, livre","BRL","33.60","0","09:41:35","1","20","08","00","A","","","","",
"1012","PKL","PHI200800A","89054084","NIPLE GALV BSP 3/4 TUPY","","","2025-12-17","0","0","25","25","UN","25","25","UN","0L","MM 0020, vendas, livre","BRL","155.50","0","12:04:16","1","20","08","00","A","","","","",
"1012","PKL","PHI200800A","89054154","NIPLE RED GALV BSP 3/4X1/2 TUPY","","","2025-07-22","0","0","16","16","UN","16","16","UN","0L","MM 0020, vendas, livre","BRL","95.52","0","11:12:19","1","20","08","00","A","","","","",
"1012","PKL","PHI200800A","89054161","NIPLE RED GALV BSP 1X3/4 TUPY","","","2025-02-14","0","0","21","21","UN","21","21","UN","0L","MM 0020, vendas, livre","BRL","228.06","0","12:49:27","1","20","08","00","A","","","","",
"1012","PKL","PHI200800A","89054182","TAMPAO SEXT GALV BSP 3/4 TUPY","","","2025-08-25","0","0","14","14","UN","14","14","UN","0L","MM 0020, vendas, livre","BRL","83.30","0","09:57:59","1","20","08","00","A","","","","",
"1012","PKL","PHI200800A","89054196","TAMPAO SEXT GALV BSP 1 TUPY","","","2025-06-12","0","0","37","37","UN","37","37","UN","0L","MM 0020, vendas, livre","BRL","333.00","0","11:27:49","1","20","08","00","A","","","","",
"1012","PKL","PHI200800A","89054224","TE GALV BSP 1/2 TUPY","","","2025-12-01","0","0","139","139","UN","139","139","UN","0L","MM 0020, vendas, livre","BRL","1118.95","0","14:52:15","1","20","08","00","A","","","","",
"1012","PKL","PHI200800A","89054245","TE GALV BSP 3/4 TUPY","","","2025-06-12","0","0","27","27","UN","27","27","UN","0L","MM 0020, vendas, livre","BRL","301.05","0","11:27:49","1","20","08","00","A","","","","",
"1012","PKL","PHI200800A","89054252","TE GALV BSP 1 TUPY","","","2025-06-04","0","0","8","8","UN","8","8","UN","0L","MM 0020, vendas, livre","BRL","148.24","0","14:38:30","1","20","08","00","A","","","","",
"1012","PKL","PHI200800A","89054434","UNIAO ASSENTO BRONZE GALV BSP 1/2 TUPY","","","2025-08-25","0","0","17","17","UN","17","17","UN","0L","MM 0020, vendas, livre","BRL","854.08","0","09:57:59","1","20","08","00","A","","","","",
"1012","PKL","PHI200800A","89054441","UNIAO ASSENTO BRONZE GALV BSP 3/4 TUPY","","","2025-08-04","0","0","36","36","UN","36","36","UN","0L","MM 0020, vendas, livre","BRL","2211.48","0","10:20:07","1","20","08","00","A","","","","",
"1012","PKL","PHI200800A","89054462","UNIAO ASSENTO BRONZE GALV BSP 1 TUPY","","","2025-07-22","0","0","58","58","UN","58","58","UN","0L","MM 0020, vendas, livre","BRL","3591.36","0","11:12:19","1","20","08","00","A","","","","",
"1012","PKL","PHI200800A","89054581","LUVA GALV TUPYPRES BSP 3/4","","","2025-06-12","0","0","28","28","UN","28","28","UN","0L","MM 0020, vendas, livre","BRL","2236.64","0","11:27:49","1","20","08","00","A","","","","",
"1012","PKL","PHI200800A","89054595","LUVA GALV TUPYPRES BSP 1","","","2025-10-02","0","0","19","19","UN","19","19","UN","0L","MM 0020, vendas, livre","BRL","1724.25","0","06:49:41","1","20","08","00","A","","","","",
"1012","PKL","PHI200800A","89123412","NIPLE GALV CLASSE P BSP 1/2X100MM","","","2025-10-02","0","0","7","7","UN","7","7","UN","0L","MM 0020, vendas, livre","BRL","65.66","0","06:49:41","1","20","08","00","A","","","","",
"1012","PKL","PHI200800A","89123461","NIPLE GALV CLASSE P BSP 1/2X300MM","","","2025-10-02","0","0","2","2","UN","2","2","UN","0L","MM 0020, vendas, livre","BRL","41.94","0","06:49:41","1","20","08","00","A","","","","",
"1012","PKL","PHI200800A","89123496","NIPLE GALV CLASSE P BSP 1X125MM","","","2025-10-02","0","0","8","8","UN","8","8","UN","0L","MM 0020, vendas, livre","BRL","151.44","0","06:49:41","1","20","08","00","A","","","","",
"1012","PKL","PHI200800A","89123503","NIPLE GALV CLASSE P BSP 1X150MM","","","2025-10-02","0","0","8","8","UN","8","8","UN","0L","MM 0020, vendas, livre","BRL","196.24","0","06:49:41","1","20","08","00","A","","","","",
"1012","PKL","PHI200800A","89128235","LUVA RED GALV BSP 1X3/4 TUPY","","","2025-12-17","0","0","28","28","UN","28","28","UN","0L","MM 0020, vendas, livre","BRL","337.96","0","12:04:16","1","20","08","00","A","","","","",
"1012","PKL","PHI200800A","89182695","BUJAO GALV BSP 1/4 TUPY","","","2025-01-25","0","0","15","15","UN","15","15","UN","0L","MM 0020, vendas, livre","BRL","27.15","0","10:29:47","1","20","08","00","A","","","","",
"1012","PKL","PHI200800A","89182730","NIPLE GALV BSP 1/4 TUPY","","","2025-12-17","0","0","52","52","UN","52","52","UN","0L","MM 0020, vendas, livre","BRL","266.24","0","12:04:16","1","20","08","00","A","","","","",
"1012","PKL","PHI200800A","89293820","ADAPT JR C/ ANEL 100MM ESTRELA","","","2025-10-02","0","0","25","25","UN","25","25","UN","0L","MM 0020, vendas, livre","BRL","1536.75","0","06:49:42","1","20","08","00","A","","","","",
"1012","PKL","PHI200800A","89817042","TERMINAL ADAP MACHO FEMEA REDUTOR 100","","","2024-11-12","0","0","10","10","UN","10","10","UN","0L","MM 0020, vendas, livre","BRL","333.90","0","13:35:17","1","20","08","00","A","","","","",
"1012","PKL","PHI200800A","89443284","TAMPAO SEXT GALV BSP 1/2 TUPY","","","2025-08-25","0","0","28","28","UN","28","28","UN","0L","MM 0020, vendas, livre","BRL","115.08","0","09:57:59","1","20","08","00","A","","","","",
"1012","PKL","PHI200800A","89443396","NIPLE GALV CLASSE P BSP 3/4X100MM","","","2025-10-02","0","0","5","5","UN","5","5","UN","0L","MM 0020, vendas, livre","BRL","65.65","0","06:49:42","1","20","08","00","A","","","","",
"1012","PKL","PHI200800A","89443403","NIPLE GALV CLASSE P BSP 3/4X150MM","","","2025-10-02","0","0","26","26","UN","26","26","UN","0L","MM 0020, vendas, livre","BRL","442.78","0","06:49:42","1","20","08","00","A","","","","",
"1012","PKL","PHI200800A","89443410","NIPLE GALV CLASSE P BSP 3/4X200MM","","","2025-10-02","0","0","25","25","UN","25","25","UN","0L","MM 0020, vendas, livre","BRL","473.25","0","06:49:42","1","20","08","00","A","","","","",
"1012","PKL","PHI200800A","89498276","TE N15 LATAO ANEL 22MM RUMO CERTO","","","2026-01-12","0","0","2","2","UN","2","2","UN","0L","MM 0020, vendas, livre","BRL","26.48","0","18:24:34","1","20","08","00","A","","","","",
"1012","PKL","PHI200800A","89499060","COTOVELO N10 LATAO ANEL 15X1/2 RUMO CERT","","","2025-12-15","0","0","37","37","UN","37","37","UN","0L","MM 0020, vendas, livre","BRL","345.21","0","10:41:07","1","20","08","00","A","","","","",
"1012","PKL","PHI200800A","89499102","COTOVELO N12 LATAO ANEL 15MM RUMO CERTO","","","2025-12-15","0","0","143","143","UN","143","143","UN","0L","MM 0020, vendas, livre","BRL","576.29","0","10:41:07","1","20","08","00","A","","","","",
"1012","PKL","PHI200800A","89499284","LUVA 600 LATAO 22MM RUMO CERTO","","","2026-01-06","0","0","2","2","UN","2","2","UN","0L","MM 0020, vendas, livre","BRL","7.84","0","08:41:29","1","20","08","00","A","","","","",
"1012","PKL","PHI200800A","89499361","LUVA 700 RR LATAO 1/2 RUMO CERTO","","","2025-11-14","0","0","52","52","UN","52","52","UN","0L","MM 0020, vendas, livre","BRL","354.64","0","09:48:10","1","20","08","00","A","","","","",
"1012","PKL","PHI200800A","89499466","LUVA PASSANTE N5 LATAO ANEL 15MM RUMO","","","2025-12-15","0","0","44","44","UN","44","44","UN","0L","MM 0020, vendas, livre","BRL","126.72","0","10:41:07","1","20","08","00","A","","","","",
"1012","PKL","PHI200800A","89053482","BUCHA RED GALV BSP 1X1/2 TUPY","","","2025-08-25","0","0","25","25","UN","25","25","UN","0L","MM 0020, vendas, livre","BRL","205.25","0","09:57:59","1","20","08","00","A","","","","",
"1012","PKL","PHI200800A","89053475","BUCHA RED GALV BSP 3/4X1/2 TUPY","","","2025-12-17","0","0","76","76","UN","76","76","UN","0L","MM 0020, vendas, livre","BRL","445.36","0","12:04:16","1","20","08","00","A","","","","",
"1012","PKL","PHI200800A","89044466","TUBO ACO GALV 3M 1 ROSC NBR5580 TUPER","","","2025-12-20","0","0","22","22","UN","22","22","UN","0L","MM 0020, vendas, livre","BRL","1576.96","0","15:44:11","1","20","08","00","A","","","","",
"1012","PKL","PHI200800A","89417496","ISOLAMENTO TERM POLIPEX PT 10X28MM 2M","","","2025-01-08","0","0","42","42","UN","42","42","UN","0L","MM 0020, vendas, livre","BRL","205.80","0","09:01:57","1","20","08","00","A","","","","",
"1012","PKL","PHI200800A","89643946","NIPLE ROSC BSP ZAMAC 1/2 GARDEN","","","2025-12-15","0","0","30","30","UN","30","30","UN","0L","MM 0020, vendas, livre","BRL","89.40","0","11:01:33","1","20","08","00","A","","","","",
"1012","PKL","PHI200800A","89499473","LUVA PASSANTE N5 LATAO ANEL 22MM RUMO","","","2026-01-06","0","0","42","42","UN","42","42","UN","0L","MM 0020, vendas, livre","BRL","234.78","0","08:41:29","1","20","08","00","A","","","","",
"1012","PKL","PHI200800A","89499550","NIPLE ROSC BSP LATAO 1/2 RUMO CERTO","","","2025-12-15","0","0","163","163","UN","163","163","UN","0L","MM 0020, vendas, livre","BRL","1087.21","0","10:41:07","1","20","08","00","A","","","","",
"1012","PKL","PHI200800A","89499571","NIPLE RED ROSC M BSP LATAO 3/4X1/2 RUMO","","","2026-02-01","0","0","46","46","UN","46","46","UN","0L","MM 0020, vendas, livre","BRL","437.92","0","12:25:58","1","20","08","00","A","","","","",
"1012","PKL","PHI200800A","89683370","ISOLAMENTO TERM POLIPEX 5X22MM 2M ARMACE","","","2026-01-06","0","0","8","8","UN","8","8","UN","0L","MM 0020, vendas, livre","BRL","16.00","0","08:41:29","1","20","08","00","A","","","","",
"1012","PKL","PHI200800A","89499592","PLUG 717 LATAO 1/2 RUMO CERTO","","","2026-01-13","0","0","49","49","UN","49","49","UN","0L","MM 0020, vendas, livre","BRL","178.85","0","15:13:11","1","20","08","00","A","","","","",
"1012","PKL","PHI200900A","89795874","REFIL CLARIFICANTE AUX FILTRACAO 900ML","","","2026-01-26","0","0","16","16","UN","16","16","UN","0L","MM 0020, vendas, livre","BRL","122.08","0","16:31:10","1","20","09","00","A","","","","",
"1012","PKL","PHI200900A","89795853","ELEVADOR ALCALINIDADE 2KG HTH","","","2026-01-26","0","0","8","8","UN","8","8","UN","0L","MM 0020, vendas, livre","BRL","170.40","0","16:31:11","1","20","09","00","A","","","","",
"1012","PKL","PHI200900A","89795846","REDUTOR ALCALINIDADE PH 1L HTH","","","2025-11-28","0","0","26","26","UN","26","26","UN","0L","MM 0020, vendas, livre","BRL","439.92","0","09:51:13","1","20","09","00","A","","","","",
"1012","PKL","PHI200900A","89044900","REAGENTE ALCALINIDADE AT2 GENCO","","","2025-12-17","0","0","27","27","UN","27","27","UN","0L","MM 0020, vendas, livre","BRL","167.13","0","10:13:59","1","20","09","00","A","","","","",
"1012","PKL","PHI200900A","89044893","REAGENTE ALCALINIDADE AT1 GENCO","","","2024-10-08","0","0","22","22","UN","22","22","UN","0L","MM 0020, vendas, livre","BRL","149.82","0","12:22:40","1","20","09","00","A","","","","",
"1012","PKL","PHI200900A","89044753","ALGICIDA CHOQUE 1L GENCO","","","2026-01-23","0","0","7","7","UN","7","7","UN","0L","MM 0020, vendas, livre","BRL","138.39","0","10:29:25","1","20","09","00","A","","","","",
"1012","PKL","PHI200900A","89795825","FITA TESTE PH E CLORO PISC 25 PC HTH","","","2026-01-26","0","0","28","28","UN","28","28","UN","0L","MM 0020, vendas, livre","BRL","616.28","0","16:31:11","1","20","09","00","A","","","","",
"1012","PKL","PHI200900A","89795811","PASTILHA CLORO 3X1 200G HTH","","","2026-01-26","0","0","274","274","UN","274","274","UN","0L","MM 0020, vendas, livre","BRL","1378.22","0","16:31:15","1","20","09","00","A","","","","",
"1012","PKL","PHI200900A","89795790","ALGICIDA CHOQUE 5L HTH","","","2025-11-28","0","0","4","4","UN","4","4","UN","0L","MM 0020, vendas, livre","BRL","297.60","0","09:51:10","1","20","09","00","A","","","","",
"1012","PKL","PHI200900A","89795783","ALGICIDA MANUTENCAO 5L HTH","","","2025-11-28","0","0","15","15","UN","15","15","UN","0L","MM 0020, vendas, livre","BRL","846.75","0","09:51:10","1","20","09","00","A","","","","",
"1012","PKL","PHI200900A","89795776","CLARIFICANTE AUX FILTRACAO 5L HTH","","","2026-01-29","0","0","4","4","UN","4","4","UN","0L","MM 0020, vendas, livre","BRL","169.40","0","08:51:31","1","20","09","00","A","","","","",
"1012","PKL","PHI200900A","89795762","REFIL ALGICIDA CHOQUE 900ML HTH","","","2026-01-26","0","0","8","8","UN","8","8","UN","0L","MM 0020, vendas, livre","BRL","107.12","0","16:31:11","1","20","09","00","A","","","","",
"1012","PKL","PHI200900A","89044746","ALGICIDA MANUTENCAO 1L GENCO","","","2026-01-23","0","0","27","27","UN","27","27","UN","0L","MM 0020, vendas, livre","BRL","307.80","0","10:29:22","1","20","09","00","A","","","","",
"1012","PKL","PHI200900A","89423201","CABO ALUMINIO TELESCOPICO 5M BRUSTEC","","","2025-06-09","0","0","11","11","UN","11","11","UN","0L","MM 0020, vendas, livre","BRL","603.46","0","15:56:54","1","20","09","00","A","","","","",
"1012","PKL","PHI200900A","89728303","CHUMBADOR FIXACAO ESCADA 1.1/2 VEICO","","","2025-06-06","0","0","10","10","UN","10","10","UN","0L","MM 0020, vendas, livre","BRL","90.30","0","08:08:22","1","20","09","00","A","","","","",
"1012","PKL","PHI200900A","89728296","MANG FLUTUANTE PISCINA 1.1/2 12M VEICO","","","2025-10-17","0","0","11","11","UN","11","11","UN","0L","MM 0020, vendas, livre","BRL","1649.12","0","15:43:15","1","20","09","00","A","","","","",
"1012","PKL","PHI200900A","89728282","MANG FLUTUANTE PISCINA 1.1/2 8M VEICO","","","2026-01-14","0","0","11","11","UN","11","11","UN","0L","MM 0020, vendas, livre","BRL","1255.76","0","10:16:38","1","20","09","00","A","","","","",
"1012","PKL","PHI200900A","89728275","MANG FLUTUANTE PISCINA 1.1/2 4M VEICO","","","2026-02-02","0","0","2","2","UN","2","2","UN","0L","MM 0020, vendas, livre","BRL","106.40","0","11:27:03","1","20","09","00","A","","","","",
"1012","PKL","PHI200900A","89647670","DEGRAU PLAST C/ VARAO DE LATAO BRUSTEC","","","2025-04-07","0","0","10","10","UN","10","10","UN","0L","MM 0020, vendas, livre","BRL","393.00","0","13:49:53","1","20","09","00","A","","","","",
"1012","PKL","PHI200900A","89613202","DISPOSITIVO NIVEL PISC ALVENARIA BR BRUS","","","2025-03-27","0","0","12","12","UN","12","12","UN","0L","MM 0020, vendas, livre","BRL","69.24","0","10:34:44","1","20","09","00","A","","","","",
"1012","PKL","PHI200900A","89795923","REFIL ALGICIDA ULTRA-CLEAR 900 ML HTH","","","2026-01-26","0","0","8","8","UN","8","8","UN","0L","MM 0020, vendas, livre","BRL","110.56","0","16:31:11","1","20","09","00","A","","","","",
"1012","PKL","PHI200900A","89795916","ALGICIDA ULTRA-CLEAR 1L HTH","","","2026-01-26","0","0","21","21","UN","21","21","UN","0L","MM 0020, vendas, livre","BRL","403.41","0","16:31:10","1","20","09","00","A","","","","",
"1012","PKL","PHI200900A","89795902","LIMPA BORDAS PISC 1L HTH","","","2026-01-26","0","0","6","6","UN","6","6","UN","0L","MM 0020, vendas, livre","BRL","113.94","0","16:31:10","1","20","09","00","A","","","","",
"1012","PKL","PHI200900A","89795895","REFIL ALGICIDA MANUTENCAO 900ML HTH","","","2025-11-28","0","0","11","11","UN","11","11","UN","0L","MM 0020, vendas, livre","BRL","111.87","0","09:51:12","1","20","09","00","A","","","","",
"1012","PKL","PHI200900A","89795881","ALGICIDA MANUTENCAO 1L HTH","","","2026-01-26","0","0","27","27","UN","27","27","UN","0L","MM 0020, vendas, livre","BRL","381.24","0","16:31:11","1","20","09","00","A","","","","",
"1012","PKL","PHI200900A","89795755","ALGICIDA CHOQUE 1L HTH","","","2026-01-26","0","0","8","8","UN","8","8","UN","0L","MM 0020, vendas, livre","BRL","149.04","0","16:31:10","1","20","09","00","A","","","","",
"1012","PKL","PHI200900A","89795741","SOLUCAO AGUA TURVA 1L HTH","","","2026-01-26","0","0","25","25","UN","25","25","UN","0L","MM 0020, vendas, livre","BRL","341.00","0","16:31:08","1","20","09","00","A","","","","",
"1012","PKL","PHI200900A","89795734","SOLUCAO AGUA DE POCO 1L HTH","","","2026-01-26","0","0","41","41","UN","41","41","UN","0L","MM 0020, vendas, livre","BRL","1397.28","0","16:31:10","1","20","09","00","A","","","","",
"1012","PKL","PHI200900A","89795720","ELEVADOR PH LIQUIDO 1L HTH","","","2026-01-26","0","0","7","7","UN","7","7","UN","0L","MM 0020, vendas, livre","BRL","67.41","0","16:31:08","1","20","09","00","A","","","","",
"1012","PKL","PHI200900A","89821522","ELIMINADOR DE OLEOSIDADE 1L HTH","","","2025-11-28","0","0","10","10","UN","10","10","UN","0L","MM 0020, vendas, livre","BRL","172.40","0","09:51:13","1","20","09","00","A","","","","",
"1012","PKL","PHI200900A","89821515","ELEVADOR DE PH PARA PISCINA 1,5 KG HTH","","","2026-01-26","0","0","10","10","UN","10","10","UN","0L","MM 0020, vendas, livre","BRL","159.70","0","16:31:11","1","20","09","00","A","","","","",
"1012","PKL","PHI200900A","89629155","LIMPA BORDAS LIQ 1L ASTRALPOOL","","","2025-02-14","0","0","23","23","UN","23","23","UN","0L","MM 0020, vendas, livre","BRL","241.04","0","11:57:40","1","20","09","00","A","","","","",
"1012","PKL","PHI200900A","89629141","FITA TESTE PH E CLORO PISC 50 PC FLUIDRA","","","2026-01-14","0","0","10","10","UN","10","10","UN","0L","MM 0020, vendas, livre","BRL","291.80","0","10:16:38","1","20","09","00","A","","","","",
"1012","PKL","PHI200900A","89629113","ELIMINADOR DE OLEOSIDADE 1KG ASTRALPOOL","","","2025-10-02","0","0","61","61","UN","61","61","UN","0L","MM 0020, vendas, livre","BRL","710.04","0","06:49:42","1","20","09","00","A","","","","",
"1012","PKL","PHI200900A","89629064","ALGICIDA CHOQUE MANUTENCAO 1L ASTRALPOOL","","","2024-10-14","0","0","11","11","UN","11","11","UN","0L","MM 0020, vendas, livre","BRL","132.33","0","11:40:46","1","20","09","00","A","","","","",
"1012","PKL","PHI201000A","89499256","CURVA TRANSPOS 736 LATAO 22MM RUMO CERTO","","","2025-08-06","0","0","17","17","UN","17","17","UN","0L","MM 0020, vendas, livre","BRL","569.50","0","18:11:06","1","20","10","00","A","","","","",
"1012","PKL","PHI201000A","89499242","CURVA TRANSPOS 736 LATAO 15MM RUMO CERTO","","","2024-09-09","0","0","12","12","UN","12","12","UN","0L","MM 0020, vendas, livre","BRL","202.68","0","11:44:30","1","20","10","00","A","","","","",
"1012","PKL","PHI201000A","89499235","CURVA 45 709 LATAO 3/4 RUMO CERTO","","","2024-09-09","0","0","95","95","UN","95","95","UN","0L","MM 0020, vendas, livre","BRL","1232.15","0","11:44:30","1","20","10","00","A","","","","",
"1012","PKL","PHI201000A","89499221","CURVA 45 709 LATAO 1/2 RUMO CERTO","","","2025-08-12","0","0","42","42","UN","42","42","UN","0L","MM 0020, vendas, livre","BRL","378.00","0","20:54:10","1","20","10","00","A","","","","",
"1012","PKL","PHI201000A","89499186","CURVA 45 606 LATAO 28MM RUMO CERTO","","","2024-09-09","0","0","100","100","UN","100","100","UN","0L","MM 0020, vendas, livre","BRL","1115.00","0","11:44:30","1","20","10","00","A","","","","",
"1012","PKL","PHI201000A","89499151","CURVA 45 606 LATAO 15MM RUMO CERTO","","","2025-08-29","0","0","3","3","UN","3","3","UN","0L","MM 0020, vendas, livre","BRL","11.97","0","07:42:17","1","20","10","00","A","","","","",
"1012","PKL","PHI201000A","89499053","BUCHA RED 6002 LATAO 28X15MM RUMO CERTO","","","2024-09-09","0","0","28","28","UN","28","28","UN","0L","MM 0020, vendas, livre","BRL","194.32","0","11:44:30","1","20","10","00","A","","","","",
"1012","PKL","PHI201000A","89499011","COTOVELO 7073 F LATAO 28X1 RUMO CERTO","","","2024-09-09","0","0","11","11","UN","11","11","UN","0L","MM 0020, vendas, livre","BRL","269.17","0","11:44:30","1","20","10","00","A","","","","",
"1012","PKL","PHI201000A","89499004","COTOVELO 7073 F LATAO 22X3/4 RUMO CERTO","","","2024-09-09","0","0","39","39","UN","39","39","UN","0L","MM 0020, vendas, livre","BRL","383.76","0","11:44:30","1","20","10","00","A","","","","",
"1012","PKL","PHI201000A","89498990","COTOVELO 7073 F LATAO 22X1/2 RUMO CERTO","","","2024-09-09","0","0","17","17","UN","17","17","UN","0L","MM 0020, vendas, livre","BRL","164.22","0","11:44:30","1","20","10","00","A","","","","",
"1012","PKL","PHI201000A","89498983","COTOVELO 7073 F LATAO 15X1/2 RUMO CERTO","","","2024-09-09","0","0","20","20","UN","20","20","UN","0L","MM 0020, vendas, livre","BRL","153.40","0","11:44:30","1","20","10","00","A","","","","",
"1012","PKL","PHI201000A","89498962","COTOVELO 706 RR LATAO 3/4 RUMO CERTO","","","2025-10-02","0","0","13","13","UN","13","13","UN","0L","MM 0020, vendas, livre","BRL","157.43","0","06:49:39","1","20","10","00","A","","","","",
"1012","PKL","PHI201000A","89498955","COTOVELO 706 RR LATAO 1/2 RUMO CERTO","","","2025-10-02","0","0","48","48","UN","48","48","UN","0L","MM 0020, vendas, livre","BRL","414.72","0","06:49:39","1","20","10","00","A","","","","",
"1012","PKL","PHI201000A","89498941","BUCHA RED 6002 LATAO 22X15MM RUMO CERTO","","","2024-09-09","0","0","15","15","UN","15","15","UN","0L","MM 0020, vendas, livre","BRL","79.20","0","11:44:30","1","20","10","00","A","","","","",
"1012","PKL","PHI201000A","89498934","COTOVELO 706 RR LATAO 1.1/2 RUMO CERTO","","","2025-09-16","0","0","13","13","UN","13","13","UN","0L","MM 0020, vendas, livre","BRL","602.68","0","10:11:36","1","20","10","00","A","","","","",
"1012","PKL","PHI201000A","89498920","COTOVELO 706 RR LATAO 1 RUMO CERTO","","","2024-09-09","0","0","21","21","UN","21","21","UN","0L","MM 0020, vendas, livre","BRL","439.74","0","11:44:30","1","20","10","00","A","","","","",
"1012","PKL","PHI201000A","89498913","COTOVELO 607 LATAO 54MM RUMO CERTO","","","2024-09-09","0","0","4","4","UN","4","4","UN","0L","MM 0020, vendas, livre","BRL","184.08","0","11:44:30","1","20","10","00","A","","","","",
"1012","PKL","PHI201000A","89498906","COTOVELO 607 LATAO 42MM RUMO CERTO","","","2025-10-02","0","0","7","7","UN","7","7","UN","0L","MM 0020, vendas, livre","BRL","194.81","0","06:49:39","1","20","10","00","A","","","","",
"1012","PKL","PHI201000A","89498892","COTOVELO 607 LATAO 35MM RUMO CERTO","","","2024-09-09","0","0","11","11","UN","11","11","UN","0L","MM 0020, vendas, livre","BRL","224.51","0","11:44:30","1","20","10","00","A","","","","",
"1012","PKL","PHI201000A","89498885","COTOVELO 607 LATAO 28MM RUMO CERTO","","","2024-09-09","0","0","38","38","UN","38","38","UN","0L","MM 0020, vendas, livre","BRL","459.42","0","11:44:30","1","20","10","00","A","","","","",
"1012","PKL","PHI201000A","89498871","COTOVELO 607 LATAO 22MM RUMO CERTO","","","2025-08-28","0","0","36","36","UN","36","36","UN","0L","MM 0020, vendas, livre","BRL","255.60","0","10:49:15","1","20","10","00","A","","","","",
"1012","PKL","PHI201000A","89498675","UNIAO N9 LATAO ANEL 28MM RUMO CERTO","","","2025-10-03","0","0","19","19","UN","19","19","UN","0L","MM 0020, vendas, livre","BRL","833.15","0","16:26:05","1","20","10","00","A","","","","",
"1012","PKL","PHI201000A","89499263","LUVA 600 LATAO 15MM RUMO CERTO","","","2025-10-02","0","0","77","77","UN","77","77","UN","0L","MM 0020, vendas, livre","BRL","167.86","0","06:49:39","1","20","10","00","A","","","","",
"1012","PKL","PHI201000A","89499340","LUVA 700 RR LATAO 1 RUMO CERTO","","","2025-06-28","0","0","22","22","UN","22","22","UN","0L","MM 0020, vendas, livre","BRL","394.90","0","12:23:09","1","20","10","00","A","","","","",
"1012","PKL","PHI201000A","89499354","LUVA 700 RR LATAO 1.1/2 RUMO CERTO","","","2025-10-02","0","0","30","30","UN","30","30","UN","0L","MM 0020, vendas, livre","BRL","852.00","0","06:49:39","1","20","10","00","A","","","","",
"1012","PKL","PHI201000A","89499375","LUVA 700 RR LATAO 3/4 RUMO CERTO","","","2025-03-31","0","0","48","48","UN","48","48","UN","0L","MM 0020, vendas, livre","BRL","438.24","0","15:53:43","1","20","10","00","A","","","","",
"1012","PKL","PHI201000A","89499424","LUVA PASSANTE 601 LATAO 15MM RUMO CERTO","","","2025-10-02","0","0","57","57","UN","57","57","UN","0L","MM 0020, vendas, livre","BRL","123.69","0","06:49:39","1","20","10","00","A","","","","",
"1012","PKL","PHI201000A","89499431","LUVA PASSANTE 601 LATAO 22MM RUMO CERTO","","","2024-09-09","0","0","9","9","UN","9","9","UN","0L","MM 0020, vendas, livre","BRL","35.28","0","11:44:30","1","20","10","00","A","","","","",
"1012","PKL","PHI201000A","89499445","LUVA PASSANTE 601 LATAO 28MM RUMO CERTO","","","2024-09-09","0","0","14","14","UN","14","14","UN","0L","MM 0020, vendas, livre","BRL","86.66","0","11:44:30","1","20","10","00","A","","","","",
"1012","PKL","PHI201000A","89499452","LUVA PASSANTE 601 LATAO 35MM RUMO CERTO","","","2025-10-02","0","0","19","19","UN","19","19","UN","0L","MM 0020, vendas, livre","BRL","209.00","0","06:49:39","1","20","10","00","A","","","","",
"1012","PKL","PHI201000A","89499494","BUCHA RED 6002 LATAO 42X22MM RUMO CERTO","","","2025-03-03","0","0","21","21","UN","21","21","UN","0L","MM 0020, vendas, livre","BRL","345.24","0","14:47:27","1","20","10","00","A","","","","",
"1012","PKL","PHI201000A","89499501","MISTURADOR 764 LATAO 22MM RUMO CERTO","","","2024-09-09","0","0","8","8","UN","8","8","UN","0L","MM 0020, vendas, livre","BRL","330.24","0","11:44:30","1","20","10","00","A","","","","",
"1012","PKL","PHI201000A","89499585","PLUG 717 LATAO 1 RUMO CERTO","","","2025-10-02","0","0","9","9","UN","9","9","UN","0L","MM 0020, vendas, livre","BRL","79.74","0","06:49:39","1","20","10","00","A","","","","",
"1012","PKL","PHI201000A","89499592","PLUG 717 LATAO 1/2 RUMO CERTO","","","2025-10-02","0","0","13","13","UN","13","13","UN","0L","MM 0020, vendas, livre","BRL","47.45","0","06:49:39","1","20","10","00","A","","","","",
"1012","PKL","PHI201000A","89053874","LUVA GALV BSP 1 TUPY","","","2026-01-30","0","0","2","2","UN","2","2","UN","0L","MM 0020, vendas, livre","BRL","23.80","0","11:09:15","1","20","10","00","A","","","","",
"1012","PKL","PHI201000A","89054224","TE GALV BSP 1/2 TUPY","","","2025-11-07","0","0","6","6","UN","6","6","UN","0L","MM 0020, vendas, livre","BRL","48.30","0","16:27:04","1","20","10","00","A","","","","",
"1012","PKL","PHI201000A","89054595","LUVA GALV TUPYPRES BSP 1","","","2026-01-10","0","0","1","1","UN","1","1","UN","0L","MM 0020, vendas, livre","BRL","90.75","0","11:34:35","1","20","10","00","A","","","","",
"1012","PKL","PHI201000A","89123412","NIPLE GALV CLASSE P BSP 1/2X100MM","","","2026-02-01","0","0","1","1","UN","1","1","UN","0L","MM 0020, vendas, livre","BRL","9.38","0","12:25:58","1","20","10","00","A","","","","",
"1012","PKL","PHI201000A","89293911","ADAPT JR C/ ANEL 75MM ESTRELA","","","2025-12-15","0","0","16","16","UN","16","16","UN","0L","MM 0020, vendas, livre","BRL","712.80","0","13:40:16","1","20","10","00","A","","","","",
"1012","PKL","PHI201000A","89499326","LUVA 600 LATAO 54MM RUMO CERTO","","","2025-10-02","0","0","8","8","UN","8","8","UN","0L","MM 0020, vendas, livre","BRL","220.08","0","06:49:39","1","20","10","00","A","","","","",
"1012","PKL","PHI201000A","89499312","LUVA 600 LATAO 42MM RUMO CERTO","","","2025-10-02","0","0","18","18","UN","18","18","UN","0L","MM 0020, vendas, livre","BRL","289.98","0","06:49:39","1","20","10","00","A","","","","",
"1012","PKL","PHI201000A","89499305","LUVA 600 LATAO 35MM RUMO CERTO","","","2025-10-02","0","0","15","15","UN","15","15","UN","0L","MM 0020, vendas, livre","BRL","165.00","0","06:49:39","1","20","10","00","A","","","","",
"1012","PKL","PHI201000A","89499291","LUVA 600 LATAO 28MM RUMO CERTO","","","2024-09-09","0","0","18","18","UN","18","18","UN","0L","MM 0020, vendas, livre","BRL","111.60","0","11:44:30","1","20","10","00","A","","","","",
"1012","PKL","PHI201000A","89499284","LUVA 600 LATAO 22MM RUMO CERTO","","","2024-09-09","0","0","18","18","UN","18","18","UN","0L","MM 0020, vendas, livre","BRL","70.56","0","11:44:30","1","20","10","00","A","","","","",
"1012","PKL","PHI201000A","89499270","BUCHA RED 6002 LATAO 35X22MM RUMO CERTO","","","2024-09-09","0","0","9","9","UN","9","9","UN","0L","MM 0020, vendas, livre","BRL","97.29","0","11:44:30","1","20","10","00","A","","","","",
"1012","PKL","PHI201000A","89470465","PASTA DOX ROSCA VEGETAL 500G","","","2026-01-12","0","0","3","3","UN","3","3","UN","0L","MM 0020, vendas, livre","BRL","100.65","0","17:14:36","1","20","10","00","A","","","","",
"1012","PKL","PHI201000A","89498052","BUCHA RED 6002 LATAO 54X22MM RUMO CERTO","","","2024-09-09","0","0","48","48","UN","48","48","UN","0L","MM 0020, vendas, livre","BRL","1393.44","0","11:44:30","1","20","10","00","A","","","","",
"1012","PKL","PHI201000A","89498073","PLUG 717 LATAO 3/4 RUMO CERTO","","","2025-06-26","0","0","102","102","UN","102","102","UN","0L","MM 0020, vendas, livre","BRL","534.48","0","12:54:00","1","20","10","00","A","","","","",
"1012","PKL","PHI201000A","89498080","TAMPAO 617 LATAO 15MM RUMO CERTO","","","2024-09-09","0","0","16","16","UN","16","16","UN","0L","MM 0020, vendas, livre","BRL","30.24","0","11:44:30","1","20","10","00","A","","","","",
"1012","PKL","PHI201000A","89498101","TAMPAO 617 LATAO 28MM RUMO CERTO","","","2024-09-09","0","0","10","10","UN","10","10","UN","0L","MM 0020, vendas, livre","BRL","53.80","0","11:44:30","1","20","10","00","A","","","","",
"1012","PKL","PHI201000A","89498115","TAMPAO 617 LATAO 35MM RUMO CERTO","","","2024-09-09","0","0","38","38","UN","38","38","UN","0L","MM 0020, vendas, livre","BRL","452.58","0","11:44:30","1","20","10","00","A","","","","",
"1012","PKL","PHI201000A","89498122","TAMPAO 617 LATAO 42MM RUMO CERTO","","","2024-09-09","0","0","7","7","UN","7","7","UN","0L","MM 0020, vendas, livre","BRL","108.50","0","11:44:30","1","20","10","00","A","","","","",
"1012","PKL","PHI201000A","89498136","TAMPAO 617 LATAO 54MM RUMO CERTO","","","2024-09-09","0","0","8","8","UN","8","8","UN","0L","MM 0020, vendas, livre","BRL","209.20","0","11:44:30","1","20","10","00","A","","","","",
"1012","PKL","PHI201000A","89498143","TE 611 LATAO 15MM RUMO CERTO","","","2025-10-02","0","0","14","14","UN","14","14","UN","0L","MM 0020, vendas, livre","BRL","81.62","0","06:49:39","1","20","10","00","A","","","","",
"1012","PKL","PHI201000A","89498150","TE 611 LATAO 22MM RUMO CERTO","","","2024-09-09","0","0","8","8","UN","8","8","UN","0L","MM 0020, vendas, livre","BRL","83.20","0","11:44:30","1","20","10","00","A","","","","",
"1012","PKL","PHI201000A","89498164","TE 611 LATAO 28MM RUMO CERTO","","","2024-09-09","0","0","19","19","UN","19","19","UN","0L","MM 0020, vendas, livre","BRL","343.52","0","11:44:30","1","20","10","00","A","","","","",
"1012","PKL","PHI201000A","89498185","TE 611 LATAO 35MM RUMO CERTO","","","2024-09-09","0","0","18","18","UN","18","18","UN","0L","MM 0020, vendas, livre","BRL","520.92","0","11:44:30","1","20","10","00","A","","","","",
"1012","PKL","PHI201000A","89498192","TE 611 LATAO 42MM RUMO CERTO","","","2025-10-02","0","0","16","16","UN","16","16","UN","0L","MM 0020, vendas, livre","BRL","700.16","0","06:49:39","1","20","10","00","A","","","","",
"1012","PKL","PHI201000A","89498206","TE 611 LATAO 54MM RUMO CERTO","","","2025-10-02","0","0","8","8","UN","8","8","UN","0L","MM 0020, vendas, livre","BRL","564.48","0","06:49:39","1","20","10","00","A","","","","",
"1012","PKL","PHI201000A","89498220","TE 711 RR LATAO 1 RUMO CERTO","","","2024-09-09","0","0","11","11","UN","11","11","UN","0L","MM 0020, vendas, livre","BRL","312.51","0","11:44:30","1","20","10","00","A","","","","",
"1012","PKL","PHI201000A","89498591","UNIAO 733 LATAO 28MM RUMO CERTO","","","2025-09-05","0","0","16","16","UN","16","16","UN","0L","MM 0020, vendas, livre","BRL","536.00","0","07:18:18","1","20","10","00","A","","","","",
"1012","PKL","PHI201000A","89498584","UNIAO 733 LATAO 22MM RUMO CERTO","","","2024-09-09","0","0","3","3","UN","3","3","UN","0L","MM 0020, vendas, livre","BRL","67.50","0","11:44:30","1","20","10","00","A","","","","",
"1012","PKL","PHI201000A","89498570","UNIAO 733 LATAO 15MM RUMO CERTO","","","2024-09-09","0","0","17","17","UN","17","17","UN","0L","MM 0020, vendas, livre","BRL","861.05","0","11:44:30","1","20","10","00","A","","","","",
"1012","PKL","PHI201000A","89498521","TUBO COBRE E 2,5M E0,6 28MM RUMO CERTO","","","2024-09-09","0","0","34","34","UN","34","34","UN","0L","MM 0020, vendas, livre","BRL","5384.58","0","11:47:09","1","20","10","00","A","","","","",
"1012","PKL","PHI201000A","89498514","TUBO COBRE E 2,5M E0,6 22MM RUMO CERTO","","","2025-05-26","0","0","29","29","UN","29","29","UN","0L","MM 0020, vendas, livre","BRL","3720.41","0","18:38:45","1","20","10","00","A","","","","",
"1012","PKL","PHI201000A","89498500","BUCHA RED N30 LATAO 1X3/4 RUMO CERTO","","","2025-10-03","0","0","16","16","UN","16","16","UN","0L","MM 0020, vendas, livre","BRL","165.60","0","19:00:16","1","20","10","00","A","","","","",
"1012","PKL","PHI201000A","89498493","TUBO COBRE E 2,5M E0,5 15MM RUMO CERTO","","","2025-03-03","0","0","188","188","UN","188","188","UN","0L","MM 0020, vendas, livre","BRL","12714.44","0","14:47:25","1","20","10","00","A","","","","",
"1012","PKL","PHI201000A","89498451","TUBO COBRE A 2,5M E0,9 28MM RUMO CERTO","","","2024-09-09","0","0","32","32","UN","32","32","UN","0L","MM 0020, vendas, livre","BRL","7902.40","0","11:47:09","1","20","10","00","A","","","","",
"1012","PKL","PHI201000A","89498444","TUBO COBRE A 2,5M E0,9 22MM RUMO CERTO","","","2025-10-10","0","0","57","57","UN","57","57","UN","0L","MM 0020, vendas, livre","BRL","11186.82","0","08:11:43","1","20","10","00","A","","","","",
"1012","PKL","PHI201000A","89498430","TUBO COBRE A 2,5M E0,8 15MM RUMO CERTO","","","2025-12-15","0","0","142","142","UN","142","142","UN","0L","MM 0020, vendas, livre","BRL","16662.28","0","10:41:07","1","20","10","00","A","","","","",
"1012","PKL","PHI201000A","89498423","TE RED CENT 712 LATAO 28X1 RUMO CERTO","","","2024-09-09","0","0","10","10","UN","10","10","UN","0L","MM 0020, vendas, livre","BRL","285.50","0","11:44:30","1","20","10","00","A","","","","",
"1012","PKL","PHI201000A","89498416","TE RED CENT 712 LATAO 22X3/4 RUMO CERTO","","","2024-09-09","0","0","1","1","UN","1","1","UN","0L","MM 0020, vendas, livre","BRL","19.03","0","11:44:30","1","20","10","00","A","","","","",
"1012","PKL","PHI201000A","89498402","TE RED CENT 712 LATAO 15X1/2 RUMO CERTO","","","2025-10-02","0","0","12","12","UN","12","12","UN","0L","MM 0020, vendas, livre","BRL","134.76","0","06:49:39","1","20","10","00","A","","","","",
"1012","PKL","PHI201000A","89498241","TE 711 RR LATAO 3/4 RUMO CERTO","","","2024-09-09","0","0","19","19","UN","19","19","UN","0L","MM 0020, vendas, livre","BRL","319.96","0","11:44:30","1","20","10","00","A","","","","",
"1012","PKL","PHI201100A","89443200","KIT MANG REF 1/2 20M VD E1,5 TRAMONTINA","","","2025-10-22","0","0","114","114","UN","114","114","UN","0L","MM 0020, vendas, livre","BRL","4921.38","0","11:58:31","1","20","11","00","A","","","","",
"1012","PKL","PHI201100A","89443186","ASPERSOR 3 SAIDAS C/ BASE ER 1/2 TRAMONT","","","2026-01-29","0","0","16","16","UN","16","16","UN","0L","MM 0020, vendas, livre","BRL","222.08","0","11:25:01","1","20","11","00","A","","","","",
"1012","PKL","PHI201100A","89443095","ESGUICHO PLAST 6 JATOS ER 1/2 TRAMONT","","","2026-01-29","0","0","48","48","UN","48","48","UN","0L","MM 0020, vendas, livre","BRL","1018.56","0","11:25:01","1","20","11","00","A","","","","",
"1012","PKL","PHI201100A","89443081","ESGUICHO PLAST RETO ER 1/2 TRAMONT","","","2025-12-29","0","0","16","16","UN","16","16","UN","0L","MM 0020, vendas, livre","BRL","42.08","0","09:08:48","1","20","11","00","A","","","","",
"1012","PKL","PHI201100A","89443060","ADAPT P/ TORNEIRA F ROSCA 1/2 E 3/4 TRAM","","","2026-01-29","0","0","125","125","UN","125","125","UN","0L","MM 0020, vendas, livre","BRL","256.25","0","11:25:01","1","20","11","00","A","","","","",
"1012","PKL","PHI201100A","89442990","ADAPT P/ TORNEIRA F ER 1/2 E 3/4 TRAM","","","2024-12-16","0","0","54","54","UN","54","54","UN","0L","MM 0020, vendas, livre","BRL","82.08","0","17:21:28","1","20","11","00","A","","","","",
"1012","PKL","PHI201100A","89824525","ADAPT MACHO 3/4"" AMERICANO TRAMONTINA","","","2025-10-30","0","0","33","33","UN","33","33","UN","0L","MM 0020, vendas, livre","BRL","75.90","0","10:34:52","1","20","11","00","A","","","","",
"1012","PKL","PHI201100A","89824462","MANG JARDIM FLEX ENG SUP 20M TRAMONTINA","","","2025-12-29","0","0","60","60","UN","60","60","UN","0L","MM 0020, vendas, livre","BRL","2667.60","0","09:08:52","1","20","11","00","A","","","","",
"1012","PKL","PHI201100A","89598292","ADAPT INT M ESPIG PT 3/4 TAIVI","","","2026-01-28","0","0","11","11","UN","11","11","UN","0L","MM 0020, vendas, livre","BRL","14.08","0","20:06:57","1","20","11","00","A","","","","",
"1012","PKL","PHI201100A","89598320","ADAPT INT RED M ESPIG PT 1X3/4 TAIVI","","","2025-11-24","0","0","7","7","UN","7","7","UN","0L","MM 0020, vendas, livre","BRL","13.37","0","11:49:06","1","20","11","00","A","","","","",
"1012","PKL","PHI201100A","89882583","KIT MANGUEIRA POP 20M VERDE BRFLEX","","","2025-09-17","0","0","66","66","UN","66","66","UN","0L","MM 0020, vendas, livre","BRL","1557.60","0","06:14:27","1","20","11","00","A","","","","",
"1012","PKL","PHI201100A","89735443","MANG LISA PVC 1/2 LAR SUPERFLEX 10M E2,0","","","2025-11-07","0","0","17","17","UN","17","17","UN","0L","MM 0020, vendas, livre","BRL","296.65","0","11:09:19","1","20","11","00","A","","","","",
"1012","PKL","PHI201100A","89735464","MANG LISA PVC 1/2 LAR SUPERFLEX 25M E2,0","","","2025-12-30","0","0","6","6","UN","6","6","UN","0L","MM 0020, vendas, livre","BRL","261.84","0","07:57:30","1","20","11","00","A","","","","",
"1012","PKL","PHI201100A","89735541","KIT MANG REF 1/2 10M LAR E2,0 TAIVI","","","2026-01-28","0","0","1","1","UN","1","1","UN","0L","MM 0020, vendas, livre","BRL","18.98","0","12:23:24","1","20","11","00","A","","","","",
"1012","PKL","PHI201100A","89107130","BICO TORN PLAST BR 3/4 X 1/2 GARDEN","","","2026-01-16","0","0","21","21","UN","21","21","UN","0L","MM 0020, vendas, livre","BRL","26.25","0","09:09:56","1","20","11","00","A","","","","",
"1012","PKL","PHI201100A","89107151","BICO TORN ZAMAC CR 3/4 X 1/2 GARDEN","","","2026-01-16","0","0","42","42","UN","42","42","UN","0L","MM 0020, vendas, livre","BRL","61.32","0","09:09:56","1","20","11","00","A","","","","",
"1012","PKL","PHI201100A","89107165","BICO TORN ZAMAC 1/2 GARDEN","","","2025-05-31","0","0","94","94","UN","94","94","UN","0L","MM 0020, vendas, livre","BRL","131.60","0","12:07:40","1","20","11","00","A","","","","",
"1012","PKL","PHI201100A","89107172","BICO TORN ZAMAC 3/4 GARDEN","","","2026-01-09","0","0","23","23","UN","23","23","UN","0L","MM 0020, vendas, livre","BRL","41.63","0","08:01:36","1","20","11","00","A","","","","",
"1012","PKL","PHI201100A","89107333","ESGUICHO ESPIGAO ZAMAC 1/2 GARDEN","","","2025-12-15","0","0","39","39","UN","39","39","UN","0L","MM 0020, vendas, livre","BRL","692.25","0","11:01:33","1","20","11","00","A","","","","",
"1012","PKL","PHI201100A","89107494","TE EMENDA ESPIGAO ZAMAC 1/2 GARDEN","","","2026-01-16","0","0","37","37","UN","37","37","UN","0L","MM 0020, vendas, livre","BRL","146.52","0","09:09:56","1","20","11","00","A","","","","",
"1012","PKL","PHI201100A","89181813","ENROLADOR MANG FIXO GIRAT MET 30M OVERT","","","2025-09-12","0","0","9","9","UN","9","9","UN","0L","MM 0020, vendas, livre","BRL","249.75","0","16:48:31","1","20","11","00","A","","","","",
"1012","PKL","PHI201100A","89181820","SUPORTE PLAST P/ MANG PT OVERTIME","","","2025-06-20","0","0","91","91","UN","91","91","UN","0L","MM 0020, vendas, livre","BRL","335.79","0","16:36:59","1","20","11","00","A","","","","",
"1012","PKL","PHI201100M","89293610","MANG REF PVC 1/2 CRI PT250 IBIRA","","","2025-03-31","0","0","5","5","M","5","5","M","0L","MM 0020, vendas, livre","BRL","20.45","0","17:17:50","1","20","11","00","M","","","","",
"1012","PKL","PHI201200A","89499410","LUVA N1 LATAO ANEL 28MM RUMO CERTO","","","2025-10-02","0","0","48","48","UN","48","48","UN","0L","MM 0020, vendas, livre","BRL","359.04","0","06:49:36","1","20","12","00","A","","","","",
"1012","PKL","PHI201200A","89499403","LUVA N1 LATAO ANEL 22MM RUMO CERTO","","","2025-10-02","0","0","48","48","UN","48","48","UN","0L","MM 0020, vendas, livre","BRL","232.32","0","06:49:36","1","20","12","00","A","","","","",
"1012","PKL","PHI201200A","89499396","LUVA N1 LATAO ANEL 15MM RUMO CERTO","","","2025-10-02","0","0","25","25","UN","25","25","UN","0L","MM 0020, vendas, livre","BRL","60.75","0","06:49:36","1","20","12","00","A","","","","",
"1012","PKL","PHI201200A","89499144","COTOVELO N13 M LATAO ANEL 22X3/4 RUMO","","","2025-10-02","0","0","39","39","UN","39","39","UN","0L","MM 0020, vendas, livre","BRL","696.54","0","06:49:36","1","20","12","00","A","","","","",
"1012","PKL","PHI201200A","89499130","COTOVELO N13 M LATAO ANEL 15X1/2 RUMO","","","2025-10-02","0","0","70","70","UN","70","70","UN","0L","MM 0020, vendas, livre","BRL","693.00","0","06:49:36","1","20","12","00","A","","","","",
"1012","PKL","PHI201200A","89499123","COTOVELO N12 LATAO ANEL 28MM RUMO CERTO","","","2025-10-02","0","0","11","11","UN","11","11","UN","0L","MM 0020, vendas, livre","BRL","156.86","0","06:49:36","1","20","12","00","A","","","","",
"1012","PKL","PHI201200A","89499116","COTOVELO N12 LATAO ANEL 22MM RUMO CERTO","","","2026-01-06","0","0","24","24","UN","24","24","UN","0L","MM 0020, vendas, livre","BRL","239.28","0","08:41:29","1","20","12","00","A","","","","",
"1012","PKL","PHI201200A","89499102","COTOVELO N12 LATAO ANEL 15MM RUMO CERTO","","","2025-10-02","0","0","12","12","UN","12","12","UN","0L","MM 0020, vendas, livre","BRL","48.36","0","06:49:36","1","20","12","00","A","","","","",
"1012","PKL","PHI201200A","89499095","COTOVELO N11 LATAO ANEL 22X1/2 RUMO CERT","","","2025-10-02","0","0","11","11","UN","11","11","UN","0L","MM 0020, vendas, livre","BRL","132.33","0","06:49:36","1","20","12","00","A","","","","",
"1012","PKL","PHI201200A","89499081","COTOVELO N10 LATAO ANEL 28X1 RUMO CERTO","","","2025-10-02","0","0","18","18","UN","18","18","UN","0L","MM 0020, vendas, livre","BRL","533.88","0","06:49:36","1","20","12","00","A","","","","",
"1012","PKL","PHI201200A","89499074","COTOVELO N10 LATAO ANEL 22X3/4 RUMO CERT","","","2025-10-02","0","0","15","15","UN","15","15","UN","0L","MM 0020, vendas, livre","BRL","211.50","0","06:49:36","1","20","12","00","A","","","","",
"1012","PKL","PHI201200A","89499060","COTOVELO N10 LATAO ANEL 15X1/2 RUMO CERT","","","2025-10-02","0","0","1","1","UN","1","1","UN","0L","MM 0020, vendas, livre","BRL","9.33","0","06:49:36","1","20","12","00","A","","","","",
"1012","PKL","PHI201200A","89499032","COTOVELO 7074 M LATAO 22X3/4 RUMO CERTO","","","2025-10-02","0","0","39","39","UN","39","39","UN","0L","MM 0020, vendas, livre","BRL","508.95","0","06:49:36","1","20","12","00","A","","","","",
"1012","PKL","PHI201200A","89499025","COTOVELO 7074 M LATAO 15X1/2 RUMO CERTO","","","2025-10-02","0","0","24","24","UN","24","24","UN","0L","MM 0020, vendas, livre","BRL","169.20","0","06:49:36","1","20","12","00","A","","","","",
"1012","PKL","PHI201200A","89498976","COTOVELO 706-3 LATAO 3/4X1/2 RUMO CERTO","","","2025-10-02","0","0","32","32","UN","32","32","UN","0L","MM 0020, vendas, livre","BRL","417.60","0","06:49:36","1","20","12","00","A","","","","",
"1012","PKL","PHI201200A","89498815","CONECTOR 604 M LATAO 42X1.1/2 RUMO CERTO","","","2025-10-02","0","0","33","33","UN","33","33","UN","0L","MM 0020, vendas, livre","BRL","746.79","0","06:49:36","1","20","12","00","A","","","","",
"1012","PKL","PHI201200A","89498801","CONECTOR 604 M LATAO 35X1.1/4 RUMO CERTO","","","2025-10-04","0","0","17","17","UN","17","17","UN","0L","MM 0020, vendas, livre","BRL","301.41","0","14:34:37","1","20","12","00","A","","","","",
"1012","PKL","PHI201200A","89499466","LUVA PASSANTE N5 LATAO ANEL 15MM RUMO","","","2025-10-02","0","0","4","4","UN","4","4","UN","0L","MM 0020, vendas, livre","BRL","11.52","0","06:49:36","1","20","12","00","A","","","","",
"1012","PKL","PHI201200A","89499473","LUVA PASSANTE N5 LATAO ANEL 22MM RUMO","","","2025-10-02","0","0","13","13","UN","13","13","UN","0L","MM 0020, vendas, livre","BRL","72.67","0","06:49:36","1","20","12","00","A","","","","",
"1012","PKL","PHI201200A","89183143","PROLONG LONGO MF ZAMAC AM 3/4 GARDEN","","","2025-10-02","0","0","82","82","UN","82","82","UN","0L","MM 0020, vendas, livre","BRL","307.50","0","06:49:36","1","20","12","00","A","","","","",
"1012","PKL","PHI201200A","89183136","PROLONG MEDIO MF ZAMAC AM 3/4 GARDEN","","","2025-10-02","0","0","28","28","UN","28","28","UN","0L","MM 0020, vendas, livre","BRL","65.52","0","06:49:36","1","20","12","00","A","","","","",
"1012","PKL","PHI201200A","89183115","PROLONG LONGO MF ZAMAC AM 1/2 GARDEN","","","2026-01-09","0","0","126","126","UN","126","126","UN","0L","MM 0020, vendas, livre","BRL","473.76","0","08:01:36","1","20","12","00","A","","","","",
"1012","PKL","PHI201200A","89183094","PROLONG CURTO MF ZAMAC AM 1/2 GARDEN","","","2026-01-25","0","0","197","197","UN","197","197","UN","0L","MM 0020, vendas, livre","BRL","466.89","0","13:52:46","1","20","12","00","A","","","","",
"1012","PKL","PHI201200A","89107746","PROLONG INV MF ZAMAC 1/2X3/4 GARDEN","","","2025-10-02","0","0","4","4","UN","4","4","UN","0L","MM 0020, vendas, livre","BRL","13.52","0","06:49:35","1","20","12","00","A","","","","",
"1012","PKL","PHI201200A","89046181","CONECTOR FIXO MET F PEX 20MMX1/2 ASTRA","","","2025-12-02","0","0","4","4","UN","4","4","UN","0L","MM 0020, vendas, livre","BRL","44.88","0","14:39:53","1","20","12","00","A","","","","",
"1012","PKL","PHI201200A","89417482","ISOLAMENTO TERM POLIPEX PT 10X22MM 2M","","","2025-02-08","0","0","38","38","UN","38","38","UN","0L","MM 0020, vendas, livre","BRL","213.18","0","13:52:23","1","20","12","00","A","","","","",
"1012","PKL","PHI201200A","89417475","ISOLAMENTO TERM POLIPEX PT 10X15MM 2M","","","2024-10-24","0","0","45","45","UN","45","45","UN","0L","MM 0020, vendas, livre","BRL","192.60","0","11:16:20","1","20","12","00","A","","","","",
"1012","PKL","PHI201200A","89411504","UNIAO RED PEX 16X20MM ASTRA","","","2025-10-03","0","0","31","31","UN","31","31","UN","0L","MM 0020, vendas, livre","BRL","325.19","0","16:26:05","1","20","12","00","A","","","","",
"1012","PKL","PHI201200A","89610465","NIPLE ROSC BSP LATAO 1/2 FURKIN","","","2025-12-09","0","0","2","2","UN","2","2","UN","0L","MM 0020, vendas, livre","BRL","12.96","0","11:20:45","1","20","12","00","A","","","","",
"1012","PKL","PHI201200A","89499564","NIPLE ROSC BSP LATAO 3/4 RUMO CERTO","","","2025-10-02","0","0","13","13","UN","13","13","UN","0L","MM 0020, vendas, livre","BRL","121.42","0","06:49:36","1","20","12","00","A","","","","",
"1012","PKL","PHI201200A","89499543","NIPLE ROSC BSP LATAO 1.1/4 RUMO CERTO","","","2025-10-02","0","0","50","50","UN","50","50","UN","0L","MM 0020, vendas, livre","BRL","1136.00","0","06:49:36","1","20","12","00","A","","","","",
"1012","PKL","PHI201200A","89499536","NIPLE ROSC BSP LATAO 1.1/2 RUMO CERTO","","","2025-10-02","0","0","27","27","UN","27","27","UN","0L","MM 0020, vendas, livre","BRL","844.02","0","06:49:36","1","20","12","00","A","","","","",
"1012","PKL","PHI201200A","89499522","NIPLE ROSC BSP LATAO 1 RUMO CERTO","","","2025-10-02","0","0","1","1","UN","1","1","UN","0L","MM 0020, vendas, livre","BRL","15.09","0","06:49:36","1","20","12","00","A","","","","",
"1012","PKL","PHI201200A","89499515","MISTURADOR N50 LATAO ANEL 22MM RUMO","","","2025-10-02","0","0","9","9","UN","9","9","UN","0L","MM 0020, vendas, livre","BRL","465.84","0","06:49:36","1","20","12","00","A","","","","",
"1012","PKL","PHI201200A","89499480","LUVA PASSANTE N5 LATAO ANEL 28MM RUMO","","","2025-10-02","0","0","59","59","UN","59","59","UN","0L","MM 0020, vendas, livre","BRL","441.32","0","06:49:36","1","20","12","00","A","","","","",
"1012","PKL","PHI201200A","89498255","TE 713 RR LATAO 3/4X1/2 RUMO CERTO","","","2025-10-02","0","0","37","37","UN","37","37","UN","0L","MM 0020, vendas, livre","BRL","657.86","0","06:49:36","1","20","12","00","A","","","","",
"1012","PKL","PHI201200A","89498262","TE N15 LATAO ANEL 15MM RUMO CERTO","","","2025-10-02","0","0","16","16","UN","16","16","UN","0L","MM 0020, vendas, livre","BRL","105.12","0","06:49:36","1","20","12","00","A","","","","",
"1012","PKL","PHI201200A","89498276","TE N15 LATAO ANEL 22MM RUMO CERTO","","","2025-10-02","0","0","10","10","UN","10","10","UN","0L","MM 0020, vendas, livre","BRL","132.40","0","06:49:36","1","20","12","00","A","","","","",
"1012","PKL","PHI201200A","89498290","TE N15 LATAO ANEL 28MM RUMO CERTO","","","2025-10-02","0","0","47","47","UN","47","47","UN","0L","MM 0020, vendas, livre","BRL","994.99","0","06:49:36","1","20","12","00","A","","","","",
"1012","PKL","PHI201200A","89498304","TE N19 LATAO ANEL 15X1/2 RUMO CERTO","","","2025-10-02","0","0","41","41","UN","41","41","UN","0L","MM 0020, vendas, livre","BRL","578.51","0","06:49:36","1","20","12","00","A","","","","",
"1012","PKL","PHI201200A","89498311","TE N19 LATAO ANEL 22X3/4 RUMO CERTO","","","2025-10-02","0","0","24","24","UN","24","24","UN","0L","MM 0020, vendas, livre","BRL","549.60","0","06:49:36","1","20","12","00","A","","","","",
"1012","PKL","PHI201200A","89498325","TE N20 LATAO ANEL 22X1/2 RUMO CERTO","","","2025-10-02","0","0","14","14","UN","14","14","UN","0L","MM 0020, vendas, livre","BRL","260.54","0","06:49:35","1","20","12","00","A","","","","",
"1012","PKL","PHI201200A","89498353","TE RED CENT 611 LATAO 22X15 RUMO CERTO","","","2025-10-02","0","0","22","22","UN","22","22","UN","0L","MM 0020, vendas, livre","BRL","236.94","0","06:49:36","1","20","12","00","A","","","","",
"1012","PKL","PHI201200A","89498360","TE RED CENT 611 LATAO 28X15 RUMO CERTO","","","2025-10-02","0","0","23","23","UN","23","23","UN","0L","MM 0020, vendas, livre","BRL","448.27","0","06:49:36","1","20","12","00","A","","","","",
"1012","PKL","PHI201200A","89498374","TE RED CENT 611 LATAO 28X22 RUMO CERTO","","","2025-10-02","0","0","37","37","UN","37","37","UN","0L","MM 0020, vendas, livre","BRL","711.14","0","06:49:36","1","20","12","00","A","","","","",
"1012","PKL","PHI201200A","89498381","TE RED CENT 611 LATAO 35X22 RUMO CERTO","","","2025-10-02","0","0","27","27","UN","27","27","UN","0L","MM 0020, vendas, livre","BRL","724.14","0","06:49:36","1","20","12","00","A","","","","",
"1012","PKL","PHI201200A","89498591","UNIAO 733 LATAO 28MM RUMO CERTO","","","2025-10-02","0","0","23","23","UN","23","23","UN","0L","MM 0020, vendas, livre","BRL","770.50","0","06:49:36","1","20","12","00","A","","","","",
"1012","PKL","PHI201200A","89498654","UNIAO N9 LATAO ANEL 15MM RUMO CERTO","","","2025-10-02","0","0","89","89","UN","89","89","UN","0L","MM 0020, vendas, livre","BRL","4845.16","0","06:49:36","1","20","12","00","A","","","","",
"1012","PKL","PHI201200A","89498661","UNIAO N9 LATAO ANEL 22MM RUMO CERTO","","","2025-10-02","0","0","31","31","UN","31","31","UN","0L","MM 0020, vendas, livre","BRL","865.52","0","06:49:36","1","20","12","00","A","","","","",
"1012","PKL","PHI201200A","89498710","CONECTOR 603 F LATAO 28X1 RUMO CERTO","","","2025-10-02","0","0","13","13","UN","13","13","UN","0L","MM 0020, vendas, livre","BRL","157.30","0","06:49:36","1","20","12","00","A","","","","",
"1012","PKL","PHI201200A","89498745","CONECTOR 603 F LATAO 42X1.1/2 RUMO CERTO","","","2025-10-02","0","0","3","3","UN","3","3","UN","0L","MM 0020, vendas, livre","BRL","81.57","0","06:49:36","1","20","12","00","A","","","","",
"1012","PKL","PHI201200A","89498752","CONECTOR 603 F LATAO 54X2 RUMO CERTO","","","2025-10-02","0","0","2","2","UN","2","2","UN","0L","MM 0020, vendas, livre","BRL","111.22","0","06:49:36","1","20","12","00","A","","","","",
"1012","PKL","PHI201200A","89498773","CONECTOR 604 M LATAO 15X1/2 RUMO CERTO","","","2025-10-02","0","0","1","1","UN","1","1","UN","0L","MM 0020, vendas, livre","BRL","5.02","0","06:49:36","1","20","12","00","A","","","","",
"1012","PKL","PHI201200A","89498794","CONECTOR 604 M LATAO 28X1 RUMO CERTO","","","2025-10-02","0","0","39","39","UN","39","39","UN","0L","MM 0020, vendas, livre","BRL","439.53","0","06:49:36","1","20","12","00","A","","","","",
"1012","PKL","PHI201200M","89516385","TUBO COBRE MALEAVEL 1/2 12,70X0,79MM","","","2025-04-17","0","0","77","77","M","77","77","M","0L","MM 0020, vendas, livre","BRL","2441.67","0","17:11:19","1","20","12","00","M","","","","",
"1012","PKL","PHI201200M","89516364","TUBO COBRE MALEAVEL 5/16 7,94X0,79MM","","","2024-11-16","0","0","218","218","M","218","218","M","0L","MM 0020, vendas, livre","BRL","4606.34","0","12:01:10","1","20","12","00","M","","","","",
"1012","PKL","PHI201300A","89735590","KIT MANG REF 7/16 20M VD E1,5 TAIV","","","2026-01-26","0","0","13","13","UN","13","13","UN","0L","MM 0020, vendas, livre","BRL","462.93","0","08:39:37","1","20","13","00","A","","","","",
"1012","PKL","PHI201300A","89735583","KIT MANG REF 7/16 15M VD E1,5 TAIV","","","2026-01-26","0","0","16","16","UN","16","16","UN","0L","MM 0020, vendas, livre","BRL","433.28","0","08:39:36","1","20","13","00","A","","","","",
"1012","PKL","PHI201300A","89735576","KIT MANG REF 7/16 10M VD E1,5 TAIV","","","2026-01-26","0","0","23","23","UN","23","23","UN","0L","MM 0020, vendas, livre","BRL","402.73","0","08:39:36","1","20","13","00","A","","","","",
"1012","PKL","PHI201300A","89735485","MANG LISA PVC 3/4 CRI NIVEL 10M E1,5 TAI","","","2026-01-28","0","0","3","3","UN","3","3","UN","0L","MM 0020, vendas, livre","BRL","58.83","0","20:06:57","1","20","13","00","A","","","","",
"1012","PKL","PHI201300A","89735394","MANG LISA PVC 5/16 CRI NIVEL 15M E1,0 TA","","","2025-11-24","0","0","16","16","UN","16","16","UN","0L","MM 0020, vendas, livre","BRL","179.52","0","11:49:10","1","20","13","00","A","","","","",
"1012","PKL","PHI201300A","89735366","MANG LISA PVC 1/2 CRI NIVEL 25M E1,5 TAI","","","2025-11-24","0","0","2","2","UN","2","2","UN","0L","MM 0020, vendas, livre","BRL","92.50","0","11:49:05","1","20","13","00","A","","","","",
"1012","PKL","PHI201300A","89735345","MANG LISA PVC 1/2 CRI NIVEL 10M E1,5 TAI","","","2025-12-30","0","0","13","13","UN","13","13","UN","0L","MM 0020, vendas, livre","BRL","226.85","0","07:57:32","1","20","13","00","A","","","","",
"1012","PKL","PHI201300A","89659906","CONECTOR MANG C/ BLOQ ER 5/8 E 3/4 TRAMO","","","2026-01-22","0","0","41","41","UN","41","41","UN","0L","MM 0020, vendas, livre","BRL","391.55","0","10:49:55","1","20","13","00","A","","","","",
"1012","PKL","PHI201300A","89659892","CONECTOR MANGUEIRA ER 5/8 E 3/4 TRAMONT","","","2026-01-29","0","0","56","56","UN","56","56","UN","0L","MM 0020, vendas, livre","BRL","518.00","0","11:25:01","1","20","13","00","A","","","","",
"1012","PKL","PHI201300A","89598474","UNIAO RED ESPIGAO PT 3/4X1/2 TAIVI","","","2025-07-16","0","0","58","58","UN","58","58","UN","0L","MM 0020, vendas, livre","BRL","79.46","0","11:36:49","1","20","13","00","A","","","","",
"1012","PKL","PHI201300A","89598460","UNIAO ESPIGAO PT 1 TAIVI","","","2025-11-12","0","0","1","1","UN","1","1","UN","0L","MM 0020, vendas, livre","BRL","2.18","0","18:40:01","1","20","13","00","A","","","","",
"1012","PKL","PHI201300A","89598446","UNIAO ESPIGAO PT 1/2 TAIVI","","","2025-12-30","0","0","86","86","UN","86","86","UN","0L","MM 0020, vendas, livre","BRL","67.94","0","07:57:30","1","20","13","00","A","","","","",
"1012","PKL","PHI201300A","89598432","TE ESPIGAO PT 3/4 TAIVI","","","2025-10-24","0","0","17","17","UN","17","17","UN","0L","MM 0020, vendas, livre","BRL","53.89","0","17:11:32","1","20","13","00","A","","","","",
"1012","PKL","PHI201300A","89598383","JOELHO 90 ESPIGAO PT 1/2 TAIVI","","","2025-07-16","0","0","65","65","UN","65","65","UN","0L","MM 0020, vendas, livre","BRL","105.30","0","11:36:52","1","20","13","00","A","","","","",
"1012","PKL","PHI201300A","89598341","JOELHO 90 ESPIGAO MF PT 1/2 TAIVI","","","2025-07-16","0","0","78","78","UN","78","78","UN","0L","MM 0020, vendas, livre","BRL","141.96","0","11:36:49","1","20","13","00","A","","","","",
"1012","PKL","PHI201300A","89598334","JOELHO 90 ESPIGAO MF PT 3/4 TAIVI","","","2025-07-16","0","0","43","43","UN","43","43","UN","0L","MM 0020, vendas, livre","BRL","105.35","0","11:36:49","1","20","13","00","A","","","","",
"1012","PKL","PHI201300A","89246346","EMENDA MANG ZAMAC 1/2 GARDEN","","","2026-01-09","0","0","66","66","UN","66","66","UN","0L","MM 0020, vendas, livre","BRL","138.60","0","08:01:36","1","20","13","00","A","","","","",
"1012","PKL","PHI201300A","89246332","EMENDA MANG ZAMAC 3/8 GARDEN","","","2026-01-16","0","0","51","51","UN","51","51","UN","0L","MM 0020, vendas, livre","BRL","87.72","0","09:09:56","1","20","13","00","A","","","","",
"1012","PKL","PHI201300A","89181820","SUPORTE PLAST P/ MANG PT OVERTIME","","","2025-10-02","0","0","27","27","UN","27","27","UN","0L","MM 0020, vendas, livre","BRL","99.63","0","06:49:35","1","20","13","00","A","","","","",
"1012","PKL","PHI201300A","89107494","TE EMENDA ESPIGAO ZAMAC 1/2 GARDEN","","","2025-10-17","0","0","22","22","UN","22","22","UN","0L","MM 0020, vendas, livre","BRL","87.12","0","07:55:53","1","20","13","00","A","","","","",
"1012","PKL","PHI201300A","89107403","ADAPT DAKO M P/ GAS 1/2 GARDEN","","","2026-01-16","0","0","15","15","UN","15","15","UN","0L","MM 0020, vendas, livre","BRL","212.85","0","09:09:56","1","20","13","00","A","","","","",
"1012","PKL","PHI201300A","89107396","ADAPT DAKO F P/ GAS 1/2 GARDEN","","","2026-01-16","0","0","18","18","UN","18","18","UN","0L","MM 0020, vendas, livre","BRL","266.04","0","09:09:56","1","20","13","00","A","","","","",
"1012","PKL","PHI201300A","89107333","ESGUICHO ESPIGAO ZAMAC 1/2 GARDEN","","","2025-10-02","0","0","4","4","UN","4","4","UN","0L","MM 0020, vendas, livre","BRL","71.00","0","06:49:35","1","20","13","00","A","","","","",
"1012","PKL","PHI201300A","89107151","BICO TORN ZAMAC CR 3/4 X 1/2 GARDEN","","","2025-10-02","0","0","39","39","UN","39","39","UN","0L","MM 0020, vendas, livre","BRL","56.94","0","06:49:35","1","20","13","00","A","","","","",
"1012","PKL","PHI201300A","89107144","BICO TORN PLAST PT 3/4 X 1/2 GARDEN","","","2025-10-02","0","0","28","28","UN","28","28","UN","0L","MM 0020, vendas, livre","BRL","26.60","0","06:49:35","1","20","13","00","A","","","","",
"1012","PKL","PHI201300A","89107130","BICO TORN PLAST BR 3/4 X 1/2 GARDEN","","","2025-10-02","0","0","5","5","UN","5","5","UN","0L","MM 0020, vendas, livre","BRL","6.25","0","06:49:35","1","20","13","00","A","","","","",
"1012","PKL","PHI201300A","89106955","CONECTOR ER ALUM C/ PINO 3/4X1/2 GARDEN","","","2025-10-02","0","0","26","26","UN","26","26","UN","0L","MM 0020, vendas, livre","BRL","372.84","0","06:49:35","1","20","13","00","A","","","","",
"1012","PKL","PHI201300A","89106815","ESPIGAO FIXO RED M BSP 1/2X3/8 GARDEN","","","2025-12-15","0","0","4","4","UN","4","4","UN","0L","MM 0020, vendas, livre","BRL","34.92","0","11:01:33","1","20","13","00","A","","","","",
"1012","PKL","PHI201300A","89106794","ESPIGAO FIXO F NPT 1/2 GARDEN","","","2025-12-15","0","0","40","40","UN","40","40","UN","0L","MM 0020, vendas, livre","BRL","398.00","0","11:01:33","1","20","13","00","A","","","","",
"1012","PKL","PHI201300A","89643904","ESPIGAO FIXO M BSP ZAMAC 1/2 GARDEN","","","2025-12-15","0","0","27","27","UN","27","27","UN","0L","MM 0020, vendas, livre","BRL","77.22","0","11:01:33","1","20","13","00","A","","","","",
"1012","PKL","PHI201300A","89683706","KIT MANG REF 1/2 20M AM E2,0 TAIVI","","","2025-12-08","0","0","3","3","UN","3","3","UN","0L","MM 0020, vendas, livre","BRL","106.53","0","16:00:47","1","20","13","00","A","","","","",
"1012","PKL","PHI201300A","89735604","KIT MANG REF 7/16 30M VD E1,5 TAIV","","","2026-01-26","0","0","10","10","UN","10","10","UN","0L","MM 0020, vendas, livre","BRL","497.90","0","08:39:37","1","20","13","00","A","","","","",
"1012","PKL","PHI201300A","89598313","ADAPT INT RED M ESPIG PT 3/4X1/2 TAIVI","","","2025-10-02","0","0","16","16","UN","16","16","UN","0L","MM 0020, vendas, livre","BRL","20.00","0","06:49:35","1","20","13","00","A","","","","",
"1012","PKL","PHI201300A","89598306","ADAPT INT M ESPIG PT 1 TAIVI","","","2025-11-12","0","0","25","25","UN","25","25","UN","0L","MM 0020, vendas, livre","BRL","58.00","0","18:40:01","1","20","13","00","A","","","","",
"1012","PKL","PHI201300A","89598285","ADAPT INT M ESPIG PT 1/2 TAIVI","","","2025-12-30","0","0","17","17","UN","17","17","UN","0L","MM 0020, vendas, livre","BRL","17.17","0","07:57:30","1","20","13","00","A","","","","",
"1012","PKL","PHI201300A","89531981","BICO TORN ABS CR 3/4 X 1/2 BOGNAR","","","2025-10-02","0","0","2","2","UN","2","2","UN","0L","MM 0020, vendas, livre","BRL","2.16","0","06:49:35","1","20","13","00","A","","","","",
"1012","PKL","PHI201300A","89443116","ESGUICHO PLAST 1 JATO ER 1/2 TRAMONT","","","2025-11-17","0","0","41","41","UN","41","41","UN","0L","MM 0020, vendas, livre","BRL","1370.22","0","11:30:19","1","20","13","00","A","","","","",
"1012","PKL","PHI201300A","89443095","ESGUICHO PLAST 6 JATOS ER 1/2 TRAMONT","","","2025-11-05","0","0","18","18","UN","18","18","UN","0L","MM 0020, vendas, livre","BRL","381.96","0","11:08:55","1","20","13","00","A","","","","",
"1012","PKL","PHI201300A","89443074","ESGUICHO PLAST RETO ROSCA 1/2 TRAM","","","2024-11-29","0","0","38","38","UN","38","38","UN","0L","MM 0020, vendas, livre","BRL","96.52","0","12:56:41","1","20","13","00","A","","","","",
"1012","PKL","PHI201300A","89443053","UNIAO MANGUEIRA ROSCA 1/2 TRAMONT","","","2025-12-29","0","0","68","68","UN","68","68","UN","0L","MM 0020, vendas, livre","BRL","115.60","0","09:08:48","1","20","13","00","A","","","","",
"1012","PKL","PHI201300A","89443046","CONECTOR MANG C/ BLOQ ER 1/2 TRAMONT","","","2026-01-22","0","0","133","133","UN","133","133","UN","0L","MM 0020, vendas, livre","BRL","309.89","0","10:49:55","1","20","13","00","A","","","","",
"1012","PKL","PHI201300A","89443011","CONECTOR DERIVACAO Y ER 1/2 TRAMONT","","","2024-09-03","0","0","14","14","UN","14","14","UN","0L","MM 0020, vendas, livre","BRL","55.44","0","09:23:27","1","20","13","00","A","","","","",
"1012","PKL","PHI201300A","89443004","UNIAO MANGUEIRA ER 1/2 TRAMONT","","","2026-01-29","0","0","40","40","UN","40","40","UN","0L","MM 0020, vendas, livre","BRL","90.40","0","11:25:01","1","20","13","00","A","","","","",
"1012","PKL","PHI201300A","89824511","ADAPT ROSCA INTERNA 3/4"" TRAMONTINA","","","2025-12-15","0","0","52","52","UN","52","52","UN","0L","MM 0020, vendas, livre","BRL","68.12","0","11:19:09","1","20","13","00","A","","","","",
"1012","PKL","PHI201300A","89824504","ADAPT ROSCA INTERNA 1/2"" TRAMONTINA","","","2026-01-02","0","0","43","43","UN","43","43","UN","0L","MM 0020, vendas, livre","BRL","51.60","0","08:49:46","1","20","13","00","A","","","","",
"1012","PKL","PHI201300A","89824490","ADAPT ROSCA EXTERNA 3/4"" TRAMONTINA","","","2025-10-30","0","0","19","19","UN","19","19","UN","0L","MM 0020, vendas, livre","BRL","22.80","0","10:34:52","1","20","13","00","A","","","","",
"1012","PKL","PHI201300A","89824483","ADAPT ROSCA EXTERNA 1/2"" TRAMONTINA","","","2025-10-30","0","0","44","44","UN","44","44","UN","0L","MM 0020, vendas, livre","BRL","43.12","0","10:34:52","1","20","13","00","A","","","","",
"1012","PKL","PHI201300A","89824434","MANG JARDIM ANTITORC 1/2"" 25M TRAMONTINA","","","2025-12-15","0","0","12","12","UN","12","12","UN","0L","MM 0020, vendas, livre","BRL","1372.44","0","11:19:09","1","20","13","00","A","","","","",
"1012","PKL","PHI201300A","89824210","SUPORTE FIXO MANGUEIRA TRAMONTINA","","","2025-12-09","0","0","64","64","UN","64","64","UN","0L","MM 0020, vendas, livre","BRL","577.28","0","09:33:18","1","20","13","00","A","","","","",
"1012","PKL","PHI201300M","89683734","MANG LISA PVC 1/2 CRI NIVEL E2,0 TAIVI","","","2025-12-30","0","0","26","26","M","26","26","M","0L","MM 0020, vendas, livre","BRL","60.58","0","07:57:30","1","20","13","00","M","","","","",
"1012","PKL","PHI201300M","89683720","MANG LISA PVC 5/16 CRI NIVEL E1,0 TAIVI","","","2025-11-24","0","0","33","33","M","33","33","M","0L","MM 0020, vendas, livre","BRL","24.42","0","11:49:05","1","20","13","00","M","","","","",
"1012","PKL","PHI201300M","89735534","MANG REF PVC 3/4 VD E2,3 TAIVI","","","2026-01-26","0","0","97","97","M","97","97","M","0L","MM 0020, vendas, livre","BRL","460.75","0","08:39:39","1","20","13","00","M","","","","",
"1012","PKL","PHI201300M","89802776","MANG LISA PVC 3/4 LAR SUPERFLEX TAIVI","","","2025-12-30","0","0","34","34","M","34","34","M","0L","MM 0020, vendas, livre","BRL","122.74","0","07:57:32","1","20","13","00","M","","","","",
"1012","PKL","PHI201400A","89840331","TE MACHO GÁS 26MMX3/4 PRENSAR EMMETI","","","2025-06-12","0","0","36","36","UN","36","36","UN","0L","MM 0020, vendas, livre","BRL","1109.88","0","13:36:27","1","20","14","00","A","","","","",
"1012","PKL","PHI201400A","89840310","TE MACHO GÁS 20MMX1/2 PRENSAR EMMETI","","","2025-10-03","0","0","18","18","UN","18","18","UN","0L","MM 0020, vendas, livre","BRL","352.80","0","16:26:06","1","20","14","00","A","","","","",
"1012","PKL","PHI201400A","89840303","TE MACHO GÁS 16MMX1/2 PRENSAR EMMETI","","","2025-04-02","0","0","8","8","UN","8","8","UN","0L","MM 0020, vendas, livre","BRL","129.04","0","10:16:17","1","20","14","00","A","","","","",
"1012","PKL","PHI201400A","89840296","TE FÊMEA GÁS 26MMX3/4 PRENSAR EMMETI","","","2025-06-12","0","0","19","19","UN","19","19","UN","0L","MM 0020, vendas, livre","BRL","702.62","0","13:36:27","1","20","14","00","A","","","","",
"1012","PKL","PHI201400A","89840282","TE FEMEA GAS 20MMX3/4 PRENSAR EMMETI","","","2025-02-21","0","0","19","19","UN","19","19","UN","0L","MM 0020, vendas, livre","BRL","557.08","0","12:34:35","1","20","14","00","A","","","","",
"1012","PKL","PHI201400A","89840275","TE FÊMEA GÁS 20MMX1/2 PRENSAR EMMETI","","","2026-01-16","0","0","20","20","UN","20","20","UN","0L","MM 0020, vendas, livre","BRL","456.20","0","16:11:15","1","20","14","00","A","","","","",
"1012","PKL","PHI201400A","89840254","TE FÊMEA GÁS 16MMX1/2 PRENSAR EMMETI","","","2025-12-12","0","0","6","6","UN","6","6","UN","0L","MM 0020, vendas, livre","BRL","118.14","0","15:18:16","1","20","14","00","A","","","","",
"1012","PKL","PHI201400A","89840170","TE INTERMEDIÁRIO RED GÁS 26X32X26 EMMETI","","","2025-06-12","0","0","17","17","UN","17","17","UN","0L","MM 0020, vendas, livre","BRL","644.81","0","13:36:27","1","20","14","00","A","","","","",
"1012","PKL","PHI201400A","89840163","TE INTERMEDIÁRIO RED GÁS 26X26X20 EMMETI","","","2025-02-21","0","0","9","9","UN","9","9","UN","0L","MM 0020, vendas, livre","BRL","252.63","0","12:34:35","1","20","14","00","A","","","","",
"1012","PKL","PHI201400A","89840156","TE INTERMEDIÁRIO RED GÁS 26X26X16 EMMETI","","","2025-07-09","0","0","19","19","UN","19","19","UN","0L","MM 0020, vendas, livre","BRL","492.29","0","17:36:54","1","20","14","00","A","","","","",
"1012","PKL","PHI201400A","89840142","TE INTERMEDIÁRIO RED GÁS 26X20X26 EMMETI","","","2025-07-09","0","0","19","19","UN","19","19","UN","0L","MM 0020, vendas, livre","BRL","540.55","0","17:36:54","1","20","14","00","A","","","","",
"1012","PKL","PHI201400A","89840135","TE INTERMEDIÁRIO RED GÁS 26X20X20 EMMETI","","","2025-07-09","0","0","44","44","UN","44","44","UN","0L","MM 0020, vendas, livre","BRL","1125.08","0","17:36:54","1","20","14","00","A","","","","",
"1012","PKL","PHI201400A","89840121","COTOVELO COM FLANGE GÁS 20MMX1/2 EMMETI","","","2026-01-08","0","0","40","40","UN","40","40","UN","0L","MM 0020, vendas, livre","BRL","937.20","0","10:33:29","1","20","14","00","A","","","","",
"1012","PKL","PHI201400A","89840065","TE INTERMEDIÁRIO RED GÁS 20X16X20 EMMETI","","","2025-06-03","0","0","21","21","UN","21","21","UN","0L","MM 0020, vendas, livre","BRL","410.76","0","07:48:18","1","20","14","00","A","","","","",
"1012","PKL","PHI201400A","89840044","TE INTERMEDIÁRIO RED GÁS 16X20X16 EMMETI","","","2025-01-14","0","0","11","11","UN","11","11","UN","0L","MM 0020, vendas, livre","BRL","204.27","0","11:41:27","1","20","14","00","A","","","","",
"1012","PKL","PHI201400A","89840030","TE INTERMEDIÁRIO GÁS 26X26X26 EMMETI","","","2026-01-16","0","0","18","18","UN","18","18","UN","0L","MM 0020, vendas, livre","BRL","574.92","0","16:11:15","1","20","14","00","A","","","","",
"1012","PKL","PHI201400A","89840023","TE INTERMEDIÁRIO GÁS 20X20X20 EMMETI","","","2026-01-16","0","0","16","16","UN","16","16","UN","0L","MM 0020, vendas, livre","BRL","351.36","0","16:11:15","1","20","14","00","A","","","","",
"1012","PKL","PHI201400A","89840016","COTOVELO COM FLANGE GÁS 16MMX1/2 EMMETI","","","2026-01-16","0","0","12","12","UN","12","12","UN","0L","MM 0020, vendas, livre","BRL","251.64","0","16:11:15","1","20","14","00","A","","","","",
"1012","PKL","PHI201400A","89841045","COTOVELO FÊMEA GÁS 16MMX1/2 EMMETI","","","2025-10-03","0","0","13","13","UN","13","13","UN","0L","MM 0020, vendas, livre","BRL","184.47","0","16:26:06","1","20","14","00","A","","","","",
"1012","PKL","PHI201400A","89841031","COTOVELO COM FLANGE GÁS 20MMX3/4 EMMETI","","","2025-09-09","0","0","6","6","UN","6","6","UN","0L","MM 0020, vendas, livre","BRL","138.06","0","12:45:02","1","20","14","00","A","","","","",
"1012","PKL","PHI201400A","89305384","ANEL VED ORING P/ FLEXIVEL 10PC","","","2025-10-02","0","0","5","5","UN","5","5","UN","0L","MM 0020, vendas, livre","BRL","11.10","0","06:49:34","1","20","14","00","A","","","","",
"1012","PKL","PHI201400A","89246311","BUCHA RED GAS MF SAE 1/2X3/8 GARDEN","","","2026-01-09","0","0","44","44","UN","44","44","UN","0L","MM 0020, vendas, livre","BRL","284.68","0","08:01:36","1","20","14","00","A","","","","",
"1012","PKL","PHI201400A","89840352","CONEC UNIÃO GÁS 16MMX16 PRENSAR EMMETI","","","2025-08-11","0","0","47","47","UN","47","47","UN","0L","MM 0020, vendas, livre","BRL","381.64","0","15:32:26","1","20","14","00","A","","","","",
"1012","PKL","PHI201400A","89840541","CONECTOR FÊMEA MÓVEL GÁS 26MMX1 EMMETI","","","2026-01-08","0","0","3","3","UN","3","3","UN","0L","MM 0020, vendas, livre","BRL","83.49","0","10:33:29","1","20","14","00","A","","","","",
"1012","PKL","PHI201400A","89840534","CONECTOR FÊMEA MÓVEL GÁS 26MMX3/4 EMMETI","","","2025-04-02","0","0","17","17","UN","17","17","UN","0L","MM 0020, vendas, livre","BRL","324.36","0","10:16:17","1","20","14","00","A","","","","",
"1012","PKL","PHI201400A","89840520","CONECTOR FÊMEA MÓVEL GÁS 20MMX3/4 EMMETI","","","2025-10-03","0","0","11","11","UN","11","11","UN","0L","MM 0020, vendas, livre","BRL","186.34","0","16:26:06","1","20","14","00","A","","","","",
"1012","PKL","PHI201400A","89840513","CONECTOR FÊMEA MÓVEL GÁS 20MMX1/2 EMMETI","","","2025-02-24","0","0","12","12","UN","12","12","UN","0L","MM 0020, vendas, livre","BRL","157.80","0","10:35:15","1","20","14","00","A","","","","",
"1012","PKL","PHI201400A","89840506","CONECTOR FÊMEA MÓVEL GÁS 16MMX3/4 EMMETI","","","2025-10-25","0","0","10","10","UN","10","10","UN","0L","MM 0020, vendas, livre","BRL","151.10","0","10:11:45","1","20","14","00","A","","","","",
"1012","PKL","PHI201400A","89840492","CONECTOR FÊMEA MÓVEL GÁS 16MMX1/2 EMMETI","","","2026-01-16","0","0","10","10","UN","10","10","UN","0L","MM 0020, vendas, livre","BRL","126.00","0","16:11:15","1","20","14","00","A","","","","",
"1012","PKL","PHI201400A","89840485","CONECTOR FÊMEA GÁS 26MMX1 EMMETI","","","2025-01-14","0","0","11","11","UN","11","11","UN","0L","MM 0020, vendas, livre","BRL","249.59","0","11:41:27","1","20","14","00","A","","","","",
"1012","PKL","PHI201400A","89840471","CONECTOR FÊMEA GÁS 26MMX3/4 EMMETI","","","2025-07-09","0","0","12","12","UN","12","12","UN","0L","MM 0020, vendas, livre","BRL","224.76","0","17:36:54","1","20","14","00","A","","","","",
"1012","PKL","PHI201400A","89840464","CONECTOR FÊMEA GÁS 20MMX3/4 EMMETI","","","2025-11-12","0","0","11","11","UN","11","11","UN","0L","MM 0020, vendas, livre","BRL","177.21","0","13:01:07","1","20","14","00","A","","","","",
"1012","PKL","PHI201400A","89840450","COTOVELO FÊMEA GÁS 20MMX1/2 EMMETI","","","2026-01-16","0","0","36","36","UN","36","36","UN","0L","MM 0020, vendas, livre","BRL","648.00","0","16:11:15","1","20","14","00","A","","","","",
"1012","PKL","PHI201400A","89840436","CONECTOR FÊMEA GÁS 16MMX1/2 EMMETI","","","2026-01-16","0","0","15","15","UN","15","15","UN","0L","MM 0020, vendas, livre","BRL","187.50","0","15:55:58","1","20","14","00","A","","","","",
"1012","PKL","PHI201400A","89840422","CONECTOR MACHO GÁS 26MMX1 EMMETI","","","2026-01-08","0","0","11","11","UN","11","11","UN","0L","MM 0020, vendas, livre","BRL","221.76","0","10:33:31","1","20","14","00","A","","","","",
"1012","PKL","PHI201400A","89840555","UNIÃO INTERMED RED GÁS 20MMX16 EMMETI","","","2025-06-03","0","0","17","17","UN","17","17","UN","0L","MM 0020, vendas, livre","BRL","164.05","0","07:48:18","1","20","14","00","A","","","","",
"1012","PKL","PHI201400A","89840562","COTOVELO FÊMEA GÁS 20MMX3/4 EMMETI","","","2025-07-09","0","0","9","9","UN","9","9","UN","0L","MM 0020, vendas, livre","BRL","184.05","0","17:36:54","1","20","14","00","A","","","","",
"1012","PKL","PHI201400A","89840576","UNIÃO INTERMED RED GÁS 26MMX16 EMMETI","","","2025-07-09","0","0","22","22","UN","22","22","UN","0L","MM 0020, vendas, livre","BRL","301.84","0","17:36:54","1","20","14","00","A","","","","",
"1012","PKL","PHI201400A","89840583","UNIÃO INTERMED RED GÁS 26MMX20 EMMETI","","","2025-10-24","0","0","7","7","UN","7","7","UN","0L","MM 0020, vendas, livre","BRL","108.64","0","14:38:21","1","20","14","00","A","","","","",
"1012","PKL","PHI201400A","89840415","CONECTOR MACHO GÁS 26MMX3/4 EMMETI","","","2026-01-16","0","0","17","17","UN","17","17","UN","0L","MM 0020, vendas, livre","BRL","263.50","0","16:11:15","1","20","14","00","A","","","","",
"1012","PKL","PHI201400A","89840401","CONECTOR MACHO GÁS 20MMX3/4 EMMETI","","","2024-12-20","0","0","6","6","UN","6","6","UN","0L","MM 0020, vendas, livre","BRL","74.52","0","11:46:29","1","20","14","00","A","","","","",
"1012","PKL","PHI201400A","89840394","CONECTOR MACHO GÁS 20MMX1/2 EMMETI","","","2026-01-16","0","0","29","29","UN","29","29","UN","0L","MM 0020, vendas, livre","BRL","313.20","0","16:11:15","1","20","14","00","A","","","","",
"1012","PKL","PHI201400A","89840380","CONECTOR MACHO GÁS 16MMX1/2 EMMETI","","","2026-01-16","0","0","27","27","UN","27","27","UN","0L","MM 0020, vendas, livre","BRL","269.46","0","16:11:15","1","20","14","00","A","","","","",
"1012","PKL","PHI201400A","89840373","CONEC UNIÃO GÁS 26MMX26 PRENSAR EMMETI","","","2026-01-16","0","0","18","18","UN","18","18","UN","0L","MM 0020, vendas, livre","BRL","333.72","0","16:11:15","1","20","14","00","A","","","","",
"1012","PKL","PHI201400A","89840366","CONEC UNIÃO GÁS 20MMX20 PRENSAR EMMETI","","","2025-08-11","0","0","2","2","UN","2","2","UN","0L","MM 0020, vendas, livre","BRL","21.22","0","15:32:26","1","20","14","00","A","","","","",
"1012","PKL","PHI201400A","89246353","LUVA ROSC GAS F 1/8 GARDEN","","","2025-10-02","0","0","35","35","UN","35","35","UN","0L","MM 0020, vendas, livre","BRL","100.45","0","06:49:34","1","20","14","00","A","","","","",
"1012","PKL","PHI201400A","89840625","NIPLE SAE 1/2X3/8 COM PORCA 3/8 EMMETI","","","2025-09-11","0","0","37","37","UN","37","37","UN","0L","MM 0020, vendas, livre","BRL","472.12","0","16:35:07","1","20","14","00","A","","","","",
"1012","PKL","PHI201400A","89840744","COTOVELO FÊMEA GÁS 26MMX1 EMMETI","","","2025-10-03","0","0","16","16","UN","16","16","UN","0L","MM 0020, vendas, livre","BRL","456.64","0","16:26:06","1","20","14","00","A","","","","",
"1012","PKL","PHI201400A","89840751","TE INTERMEDIÁRIO GÁS 16X16X16 EMMETI","","","2026-01-22","0","0","1","1","UN","1","1","UN","0L","MM 0020, vendas, livre","BRL","15.69","0","10:08:57","1","20","14","00","A","","","","",
"1012","PKL","PHI201400A","89839316","COTOVELO MACHO GAS 16X1/2 PRENSAR MULTI","","","2025-08-11","0","0","19","19","UN","19","19","UN","0L","MM 0020, vendas, livre","BRL","204.25","0","15:32:26","1","20","14","00","A","","","","",
"1012","PKL","PHI201400A","89839323","COTOVELO MACHO GAS 20X1/2 PRENSAR MULTI","","","2026-01-16","0","0","21","21","UN","21","21","UN","0L","MM 0020, vendas, livre","BRL","284.13","0","15:55:58","1","20","14","00","A","","","","",
"1012","PKL","PHI201400A","89839330","COTOVELO MACHO GAS 20X3/4 PRENSAR MULTI","","","2026-01-08","0","0","18","18","UN","18","18","UN","0L","MM 0020, vendas, livre","BRL","264.24","0","10:33:29","1","20","14","00","A","","","","",
"1012","PKL","PHI201400A","89839365","COTOVELO GAS 16X16 PRENSAR MULTI EMMETI","","","2026-01-16","0","0","77","77","UN","77","77","UN","0L","MM 0020, vendas, livre","BRL","927.85","0","16:11:15","1","20","14","00","A","","","","",
"1012","PKL","PHI201400A","89839372","COTOVELO GAS 20X20 PRENSAR MULTI EMMETI","","","2026-01-16","0","0","96","96","UN","96","96","UN","0L","MM 0020, vendas, livre","BRL","1521.60","0","16:11:15","1","20","14","00","A","","","","",
"1012","PKL","PHI201400A","89522636","JOELHO 90 F GAS 16MMX1/2 EMMETI","","","2025-08-14","0","0","3","3","UN","3","3","UN","0L","MM 0020, vendas, livre","BRL","41.40","0","15:13:14","1","20","14","00","A","","","","",
"1012","PKL","PHI201400A","89522643","JOELHO 90 F GAS 20MMX1/2 EMMETI","","","2025-10-07","0","0","2","2","UN","2","2","UN","0L","MM 0020, vendas, livre","BRL","34.42","0","07:42:52","1","20","14","00","A","","","","",
"1012","PKL","PHI201400A","89522650","JOELHO 90 F GAS 20MMX3/4 EMMETI","","","2024-09-23","0","0","11","11","UN","11","11","UN","0L","MM 0020, vendas, livre","BRL","301.29","0","09:01:25","1","20","14","00","A","","","","",
"1012","PKL","PHI201400A","89522664","JOELHO 90 M GAS 16MMX1/2 EMMETI","","","2024-09-23","0","0","13","13","UN","13","13","UN","0L","MM 0020, vendas, livre","BRL","176.41","0","09:01:25","1","20","14","00","A","","","","",
"1012","PKL","PHI201400A","89522671","JOELHO 90 M GAS 20MMX1/2 EMMETI","","","2025-10-22","0","0","18","18","UN","18","18","UN","0L","MM 0020, vendas, livre","BRL","307.44","0","15:11:29","1","20","14","00","A","","","","",
"1012","PKL","PHI201400A","89522804","TE TERMINAL F GAS 16MMX3/4 EMMETI","","","2024-09-23","0","0","11","11","UN","11","11","UN","0L","MM 0020, vendas, livre","BRL","388.85","0","09:01:25","1","20","14","00","A","","","","",
"1012","PKL","PHI201400A","89522972","CONECTOR FIXO M GAS 20MMX3/4 EMMETI","","","2025-10-04","0","0","12","12","UN","12","12","UN","0L","MM 0020, vendas, livre","BRL","209.52","0","14:34:37","1","20","14","00","A","","","","",
"1012","PKL","PHI201400A","89523063","CONECTOR MOVEL F GAS 20MMX1/2 EMMETI","","","2025-10-16","0","0","1","1","UN","1","1","UN","0L","MM 0020, vendas, livre","BRL","22.15","0","10:41:27","1","20","14","00","A","","","","",
"1012","PKL","PHI201400A","89660816","ALICATE PRENSA GAS DN16-20 EMMETI","","","2025-02-24","0","0","1","1","UN","1","1","UN","0L","MM 0020, vendas, livre","BRL","865.24","0","10:35:15","1","20","14","00","A","","","","",
"1012","PKL","PHI201400A","89660823","ALICATE PRENSA GAS MATRIZ DN16-32 EMMETI","","","2025-10-24","0","0","1","1","UN","1","1","UN","0L","MM 0020, vendas, livre","BRL","1323.57","0","14:38:21","1","20","14","00","A","","","","",
"1012","PKL","PHI201400A","89643834","NIPLE ROSC BSP ZAMAC 3/4 GARDEN","","","2025-10-02","0","0","40","40","UN","40","40","UN","0L","MM 0020, vendas, livre","BRL","161.20","0","06:49:34","1","20","14","00","A","","","","",
"1012","PKL","PHI201400A","89643841","NIPLE ROSC BSP ZAMAC 3/8 GARDEN","","","2025-10-02","0","0","32","32","UN","32","32","UN","0L","MM 0020, vendas, livre","BRL","54.72","0","06:49:34","1","20","14","00","A","","","","",
"1012","PKL","PHI201400A","89643904","ESPIGAO FIXO M BSP ZAMAC 1/2 GARDEN","","","2025-11-29","0","0","32","32","UN","32","32","UN","0L","MM 0020, vendas, livre","BRL","91.52","0","16:24:29","1","20","14","00","A","","","","",
"1012","PKL","PHI201400A","89643911","ESPIGAO FIXO M BSP ZAMAC 3/4 GARDEN","","","2025-10-02","0","0","30","30","UN","30","30","UN","0L","MM 0020, vendas, livre","BRL","131.10","0","06:49:34","1","20","14","00","A","","","","",
"1012","PKL","PHI201400A","89643946","NIPLE ROSC BSP ZAMAC 1/2 GARDEN","","","2025-10-02","0","0","4","4","UN","4","4","UN","0L","MM 0020, vendas, livre","BRL","11.92","0","06:49:34","1","20","14","00","A","","","","",
"1012","PKL","PHI201400A","89430110","REG BLOQ CORTA FOGO P/ GAS 1/2X3/8"" BLUK","","","2026-01-23","0","0","3","3","UN","3","3","UN","0L","MM 0020, vendas, livre","BRL","105.03","0","09:31:46","1","20","14","00","A","","","","",
"1012","PKL","PHI201400A","89430124","REG BLOQ CORTA FOGO P/ GAS 1/2X1/2"" BLUK","","","2024-09-16","0","0","8","8","UN","8","8","UN","0L","MM 0020, vendas, livre","BRL","233.04","0","10:35:34","1","20","14","00","A","","","","",
"1012","PKL","PHI201400A","89430131","REG BLOQ CORTA FOGO P/ GAS 1/8"" BLUKIT","","","2025-05-15","0","0","11","11","UN","11","11","UN","0L","MM 0020, vendas, livre","BRL","222.20","0","13:59:13","1","20","14","00","A","","","","",
"1012","PKL","PHI201400A","89106794","ESPIGAO FIXO F NPT 1/2 GARDEN","","","2025-12-08","0","0","1","1","UN","1","1","UN","0L","MM 0020, vendas, livre","BRL","9.95","0","15:32:28","1","20","14","00","A","","","","",
"1012","PKL","PHI201400A","89106815","ESPIGAO FIXO RED M BSP 1/2X3/8 GARDEN","","","2025-10-12","0","0","23","23","UN","23","23","UN","0L","MM 0020, vendas, livre","BRL","200.79","0","15:20:08","1","20","14","00","A","","","","",
"1012","PKL","PHI201400A","89107403","ADAPT DAKO M P/ GAS 1/2 GARDEN","","","2025-12-21","0","0","12","12","UN","12","12","UN","0L","MM 0020, vendas, livre","BRL","170.28","0","15:01:13","1","20","14","00","A","","","","",
"1012","PKL","PHI201400A","89123104","JOELHO 90 M GAS BSP 1/2X3/8 TM","","","2025-06-27","0","0","40","40","UN","40","40","UN","0L","MM 0020, vendas, livre","BRL","723.20","0","15:16:39","1","20","14","00","A","","","","",
"1012","PKL","PHI201400A","89123062","TORN AGULHA GAS NPT 1/8","","","2025-12-01","0","0","43","43","UN","43","43","UN","0L","MM 0020, vendas, livre","BRL","544.38","0","17:37:24","1","20","14","00","A","","","","",
"1012","PKL","PHI201400A","89123041","VALV RETENCAO GAS MF 7/16X1/2 NPT","","","2025-10-02","0","0","3","3","UN","3","3","UN","0L","MM 0020, vendas, livre","BRL","39.00","0","06:49:34","1","20","14","00","A","","","","",
"1012","PKL","PHI201400A","89122992","ADAPT DAKO M P/ GAS 1/2X3/8 ER TM HIDROG","","","2025-09-09","0","0","81","81","UN","81","81","UN","0L","MM 0020, vendas, livre","BRL","1016.55","0","10:57:27","1","20","14","00","A","","","","",
"1012","PKL","PHI201400A","89122803","UNIAO ROSC GAS M 1/2 NPT X 3/8 SAE","","","2026-01-09","0","0","20","20","UN","20","20","UN","0L","MM 0020, vendas, livre","BRL","107.20","0","08:57:02","1","20","14","00","A","","","","",
"1012","PKL","PHI201400A","89107613","NIPLE RED ROSC M BSP LATAO 1/2X1/4 GARDE","","","2025-10-17","0","0","14","14","UN","14","14","UN","0L","MM 0020, vendas, livre","BRL","121.66","0","07:55:53","1","20","14","00","A","","","","",
"1012","PKL","PHI201400A","89107522","NIPLE ROSC BSP LATAO 1/4 GARDEN","","","2025-10-02","0","0","55","55","UN","55","55","UN","0L","MM 0020, vendas, livre","BRL","248.05","0","06:49:34","1","20","14","00","A","","","","",
"1012","PKL","PHI201400A","89107445","LUVA ROSC GAS F 1/4 GARDEN","","","2025-10-17","0","0","27","27","UN","27","27","UN","0L","MM 0020, vendas, livre","BRL","98.82","0","07:55:53","1","20","14","00","A","","","","",
"1012","PKL","PHI201400M","89522545","TUBO PEX GAS AM DN16 EMMETI","","","2025-01-17","0","0","90","90","M","90","90","M","0L","MM 0020, vendas, livre","BRL","538.20","0","11:44:01","1","20","14","00","M","","","","",
"1012","PKL","PHI201400M","89522552","TUBO PEX GAS AM DN20 EMMETI","","","2025-08-09","0","0","7","7","M","7","7","M","0L","MM 0020, vendas, livre","BRL","56.00","0","11:16:07","1","20","14","00","M","","","","",
"1012","PKL","PHI201400M","89522594","TUBO PEX GAS BR-UV DN16 BRANCO EMMETI","","","2024-09-23","0","0","11","11","M","11","11","M","0L","MM 0020, vendas, livre","BRL","66.33","0","09:03:52","1","20","14","00","M","","","","",
"1012","PKL","PHI201400M","89913124","TUBO PEX GAS AMARELO DN16 EMMETI","","","2025-12-04","0","0","28","28","M","28","28","M","0L","MM 0020, vendas, livre","BRL","178.92","0","14:21:01","1","20","14","00","M","","","","",
"1012","PKL","PHI201400M","89913131","TUBO PEX GAS BR-UV DN16 BRANCO EMMETI","","","2025-10-24","0","0","80","80","M","80","80","M","0L","MM 0020, vendas, livre","BRL","524.00","0","14:38:21","1","20","14","00","M","","","","",
"1012","PKL","PHI201400M","89913145","TUBO PEX GAS AMARELO DN20 EMMETI","","","2025-12-04","0","0","24","24","M","24","24","M","0L","MM 0020, vendas, livre","BRL","207.84","0","14:21:01","1","20","14","00","M","","","","",
"1012","PKL","PHI201400M","89913152","TUBO PEX GAS BR-UV DN20 BRANCO EMMETI","","","2025-11-27","0","0","103","103","M","103","103","M","0L","MM 0020, vendas, livre","BRL","847.69","0","13:53:59","1","20","14","00","M","","","","",
"1012","PKL","PHI201400M","89841080","TUBO PEX GAS AM DN26 EMMETI","","","2026-01-08","0","0","52","52","M","52","52","M","0L","MM 0020, vendas, livre","BRL","696.28","0","10:33:31","1","20","14","00","M","","","","",
"1012","PKL","PHI201600A","89611445","VALV ESF GAS MF BSP BORB 1/2 ASTRA","","","2026-01-14","0","0","17","17","UN","17","17","UN","0L","MM 0020, vendas, livre","BRL","396.95","0","08:37:23","1","20","16","00","A","","","","",
"1012","PKL","PHI201600A","89715710","MANG PVC GAS GLP 1,2M PLASBOHN","","","2025-10-08","0","0","140","140","UN","140","140","UN","0L","MM 0020, vendas, livre","BRL","1367.80","0","13:03:22","1","20","16","00","A","","","","",
"1012","PKL","PHI201600A","89766425","REGUL GAS DOM 1KG/H VINIGAS","","","2026-01-30","0","0","25","25","UN","25","25","UN","0L","MM 0020, vendas, livre","BRL","268.00","0","08:57:03","1","20","16","00","A","","","","",
"1012","PKL","PHI201600A","89683223","FITA VEDA ROSCA GAS 18MMX25M FIRLON","","","2026-01-30","0","0","59","59","UN","59","59","UN","0L","MM 0020, vendas, livre","BRL","544.57","0","10:39:12","1","20","16","00","A","","","","",
"1012","PKL","PHI201600A","89643925","LUVA ROSC GAS F ZAMAC 1/2 GARDEN","","","2025-11-29","0","0","2","2","UN","2","2","UN","0L","MM 0020, vendas, livre","BRL","10.22","0","09:27:54","1","20","16","00","A","","","","",
"1012","PKL","PHI201600A","89393983","ENGATE FLEX METAL MF GAS 2M 1/2 HAENKE","","","2025-10-11","0","0","1","1","UN","1","1","UN","0L","MM 0020, vendas, livre","BRL","130.43","0","16:34:06","1","20","16","00","A","","","","",
"1012","PKL","PHI201600A","89393990","ENGATE FLEX METAL MF GAS 3M 1/2 HAENKE","","","2024-11-16","0","0","17","17","UN","17","17","UN","0L","MM 0020, vendas, livre","BRL","3068.33","0","12:01:12","1","20","16","00","A","","","","",
"1012","PKL","PHI201600A","89122691","NIPLE BORB BOTIJAO GAS UNC 5/8X1/8NPT","","","2025-10-03","0","0","8","8","UN","8","8","UN","0L","MM 0020, vendas, livre","BRL","70.96","0","13:48:39","1","20","16","00","A","","","","",
"1012","PKL","PHI201600A","89122705","PIGTAIL ULTRAGAZ GAS UNF7/16X500MM","","","2025-06-27","0","0","10","10","UN","10","10","UN","0L","MM 0020, vendas, livre","BRL","115.90","0","15:16:39","1","20","16","00","A","","","","",
"1012","PKL","PHI201600A","89123090","MEDIDOR GAS DIAFRAG RESID 0,6 LAO","","","2024-11-16","0","0","9","9","UN","9","9","UN","0L","MM 0020, vendas, livre","BRL","1842.30","0","12:01:07","1","20","16","00","A","","","","",
"1012","PKL","PHI201600A","89123111","VALV BOTIJAO GAS UNC 5/8X1/2 NPT SICAP","","","2025-10-03","0","0","7","7","UN","7","7","UN","0L","MM 0020, vendas, livre","BRL","112.00","0","13:48:39","1","20","16","00","A","","","","",
"1012","PKL","PHI201600A","89123146","REGUL GAS IND 12KG/H ALIANCA","","","2026-01-12","0","0","9","9","UN","9","9","UN","0L","MM 0020, vendas, livre","BRL","803.79","0","18:24:34","1","20","16","00","A","","","","",
"1012","PKL","PHI201600A","89123174","ENGATE FLEX METAL MF GAS 40CM 1/2 HAENK","","","2026-01-09","0","0","38","38","UN","38","38","UN","0L","MM 0020, vendas, livre","BRL","1906.46","0","08:57:02","1","20","16","00","A","","","","",
"1012","PKL","PHI201600A","89123181","ENGATE FLEX METAL MF GAS 60CM 1/2 HAENK","","","2025-08-27","0","0","20","20","UN","20","20","UN","0L","MM 0020, vendas, livre","BRL","1318.00","0","09:10:18","1","20","16","00","A","","","","",
"1012","PKL","PHI201600A","89123202","ENGATE FLEX METAL MF GAS 1M 1/2 HAENKE","","","2025-10-23","0","0","25","25","UN","25","25","UN","0L","MM 0020, vendas, livre","BRL","1987.00","0","12:57:28","1","20","16","00","A","","","","",
"1012","PKL","PHI201600A","89123223","ENGATE FLEX METAL MF GAS 1,2M 1/2 HAENK","","","2025-10-03","0","0","22","22","UN","22","22","UN","0L","MM 0020, vendas, livre","BRL","1952.72","0","13:48:39","1","20","16","00","A","","","","",
"1012","PKL","PHI201600A","89123272","SUPORTE COLETOR PAREDE AM GAS","","","2026-01-12","0","0","52","52","UN","52","52","UN","0L","MM 0020, vendas, livre","BRL","447.72","0","18:24:34","1","20","16","00","A","","","","",
"1012","PKL","PHI201600A","89123335","COLETOR SIMPLES 1 SAIDA 1/2X270MM","","","2025-12-08","0","0","7","7","UN","7","7","UN","0L","MM 0020, vendas, livre","BRL","293.16","0","15:32:28","1","20","16","00","A","","","","",
"1012","PKL","PHI201600A","89198725","ABRAC TP ROSC S/ FIM 3/4""X1"","","","2025-10-02","0","0","9","9","UN","9","9","UN","0L","MM 0020, vendas, livre","BRL","35.64","0","06:49:33","1","20","16","00","A","","","","",
"1012","PKL","PHI201600A","89293302","REGUL GAS DOM 1KG/H 504/01 ALIANCA","","","2025-06-01","0","0","39","39","UN","39","39","UN","0L","MM 0020, vendas, livre","BRL","709.02","0","10:28:14","1","20","16","00","A","","","","",
"1012","PKL","PHI201600A","89293316","REGUL GAS DOM 1KG/H C/ MANOM ALIANCA","","","2025-09-18","0","0","27","27","UN","27","27","UN","0L","MM 0020, vendas, livre","BRL","849.96","0","09:09:22","1","20","16","00","A","","","","",
"1012","PKL","PHI201600A","89293323","REGUL GAS DOM 1KG/H C/ MANG 1,20M ALIANC","","","2025-11-26","0","0","52","52","UN","52","52","UN","0L","MM 0020, vendas, livre","BRL","1710.80","0","09:06:36","1","20","16","00","A","","","","",
"1012","PKL","PHI201600A","89293330","REGUL GAS DOM 1KG/H 505/01 ALIANCA","","","2025-12-23","0","0","49","49","UN","49","49","UN","0L","MM 0020, vendas, livre","BRL","645.82","0","10:36:17","1","20","16","00","A","","","","",
"1012","PKL","PHI201600A","89293365","REGUL GAS DOM 2KG/H 506/01 BM ALIANCA","","","2026-01-07","0","0","19","19","UN","19","19","UN","0L","MM 0020, vendas, livre","BRL","543.59","0","17:57:29","1","20","16","00","A","","","","",
"1012","PKL","PHI201600A","89293372","REGUL GAS DOM 2KG/H C/ MANOM ALIANCA","","","2025-10-23","0","0","14","14","UN","14","14","UN","0L","MM 0020, vendas, livre","BRL","564.48","0","10:03:06","1","20","16","00","A","","","","",
"1012","PKL","PHI201600A","89293386","REGUL GAS DOM 2KG/H 506/09 SAE ALIANCA","","","2024-10-03","0","0","23","23","UN","23","23","UN","0L","MM 0020, vendas, livre","BRL","631.12","0","10:28:12","1","20","16","00","A","","","","",
"1012","PKL","PHI201600A","89294135","ABRAC ENCAIXE TUBO PEX E GAS 25MM 5PC","","","2025-11-14","0","0","25","25","UN","25","25","UN","0L","MM 0020, vendas, livre","BRL","256.75","0","11:41:18","1","20","16","00","A","","","","",
"1012","PKL","PHI201600A","89304460","ABRAC ENCAIXE TUBO PEX E GAS 15MM 10PC","","","2024-09-20","0","0","54","54","UN","54","54","UN","0L","MM 0020, vendas, livre","BRL","630.72","0","15:36:15","1","20","16","00","A","","","","",
"1012","PKL","PHI201600A","89304474","ABRAC ENCAIXE TUBO PEX E GAS 20MM 10PC","","","2025-11-17","0","0","14","14","UN","14","14","UN","0L","MM 0020, vendas, livre","BRL","192.36","0","14:33:02","1","20","16","00","A","","","","",
"1012","PKL","PHI201600A","89304481","ABRAC ENCAIXE TUBO PEX E GAS 22MM 5PC","","","2024-09-20","0","0","72","72","UN","72","72","UN","0L","MM 0020, vendas, livre","BRL","470.16","0","15:36:15","1","20","16","00","A","","","","",
"1012","PKL","PHI201600A","89304495","ABRAC ENCAIXE TUBO PEX E GAS 16MM 10PC","","","2025-11-17","0","0","48","48","UN","48","48","UN","0L","MM 0020, vendas, livre","BRL","589.44","0","14:33:02","1","20","16","00","A","","","","",
"1012","PKL","PHI201600A","89333181","ENGATE FLEX METAL MF GAS 30CM 1/2X3/4","","","2025-06-27","0","0","15","15","UN","15","15","UN","0L","MM 0020, vendas, livre","BRL","908.25","0","15:16:39","1","20","16","00","A","","","","",
"1012","PKL","PHI201600A","89840380","CONECTOR MACHO GÁS 16MMX1/2 EMMETI","","","2025-10-02","0","0","1","1","UN","1","1","UN","0L","MM 0020, vendas, livre","BRL","9.98","0","06:49:33","1","20","16","00","A","","","","",
"1012","PKL","PHI201600A","89634412","REGUL GAS DOM 1KG/H C/ MANG 1,25M VINIGA","","","2025-12-08","0","0","119","119","UN","119","119","UN","0L","MM 0020, vendas, livre","BRL","2506.14","0","11:10:59","1","20","16","00","A","","","","",
"1012","PKL","PHI201600A","89435213","ENGATE FLEX METAL MF GAS 40CM 3/4 HAENK","","","2025-10-03","0","0","17","17","UN","17","17","UN","0L","MM 0020, vendas, livre","BRL","2345.83","0","13:48:39","1","20","16","00","A","","","","",
"1012","PKL","PHI201600A","89443452","KIT INJ FOGAO ELECTROLUX GN 6X0,95+1,35","","","2025-01-13","0","0","18","18","UN","18","18","UN","0L","MM 0020, vendas, livre","BRL","196.92","0","11:46:43","1","20","16","00","A","","","","",
"1012","PKL","PHI201600A","89443466","KIT INJ FOGAO ELECTROLUX GN 6X0,97+1,35","","","2024-11-16","0","0","16","16","UN","16","16","UN","0L","MM 0020, vendas, livre","BRL","175.04","0","12:01:10","1","20","16","00","A","","","","",
"1012","PKL","PHI201600A","89451551","VALV ESF 90 GAS MF BSP 1/2 EMMETI","","","2026-01-16","0","0","64","64","UN","64","64","UN","0L","MM 0020, vendas, livre","BRL","1013.12","0","16:11:15","1","20","16","00","A","","","","",
"1012","PKL","PHI201600A","89451565","VALV ESF 90 GAS MM BSP 1/2 EMMETI","","","2025-10-25","0","0","23","23","UN","23","23","UN","0L","MM 0020, vendas, livre","BRL","346.15","0","11:43:32","1","20","16","00","A","","","","",
"1012","PKL","PHI201600A","89451642","VALV ESF RETA GAS M 1/2X3/8 ESPIGAO EMET","","","2025-04-30","0","0","3","3","UN","3","3","UN","0L","MM 0020, vendas, livre","BRL","65.37","0","09:14:50","1","20","16","00","A","","","","",
"1012","PKL","PHI201600A","89451684","VALV ESF GAS FF BSP BORB 1/2 EMMETI","","","2025-12-04","0","0","18","18","UN","18","18","UN","0L","MM 0020, vendas, livre","BRL","356.22","0","14:21:01","1","20","16","00","A","","","","",
"1012","PKL","PHI201600A","89451691","VALV ESF GAS FF BSP BORB 3/4 EMMETI","","","2026-01-16","0","0","49","49","UN","49","49","UN","0L","MM 0020, vendas, livre","BRL","1310.26","0","16:11:15","1","20","16","00","A","","","","",
"1012","PKL","PHI201600A","89451712","VALV ESF GAS FF BSP ALAV 1/2 EMMETI","","","2026-01-16","0","0","38","38","UN","38","38","UN","0L","MM 0020, vendas, livre","BRL","775.58","0","15:55:58","1","20","16","00","A","","","","",
"1012","PKL","PHI201600A","89451726","VALV ESF GAS FF BSP ALAV 3/4 EMMETI","","","2024-09-09","0","0","28","28","UN","28","28","UN","0L","MM 0020, vendas, livre","BRL","715.12","0","12:11:24","1","20","16","00","A","","","","",
"1012","PKL","PHI201600A","89451754","VALV ESF GAS MF BSP ALAV 1/2 EMMETI","","","2025-07-20","0","0","34","34","UN","34","34","UN","0L","MM 0020, vendas, livre","BRL","621.52","0","14:07:47","1","20","16","00","A","","","","",
"1012","PKL","PHI201600A","89451775","VALV ESF GAS MF BSP ALAV 3/4 EMMETI","","","2025-10-03","0","0","8","8","UN","8","8","UN","0L","MM 0020, vendas, livre","BRL","208.56","0","16:26:05","1","20","16","00","A","","","","",
"1012","PKL","PHI201600A","89451796","VALV ESF GAS MF BSP BORB 1/2 EMMETI","","","2026-01-08","0","0","13","13","UN","13","13","UN","0L","MM 0020, vendas, livre","BRL","262.99","0","10:33:31","1","20","16","00","A","","","","",
"1012","PKL","PHI201600A","89451803","VALV ESF GAS MF BSP BORB 3/4 EMMETI","","","2025-09-03","0","0","40","40","UN","40","40","UN","0L","MM 0020, vendas, livre","BRL","1129.20","0","18:22:22","1","20","16","00","A","","","","",
"1012","PKL","PHI201600A","89469044","VALV ESF RETA GAS F 1/2X3/8 ESPIGA EMETI","","","2026-01-08","0","0","29","29","UN","29","29","UN","0L","MM 0020, vendas, livre","BRL","798.37","0","10:33:29","1","20","16","00","A","","","","",
"1012","PKL","PHI201600A","89611396","VALV ESF 90 GAS M 1/2X3/8 ESPIGAO ASTRA","","","2025-12-12","0","0","6","6","UN","6","6","UN","0L","MM 0020, vendas, livre","BRL","130.56","0","09:00:01","1","20","16","00","A","","","","",
"1012","PKL","PHI402100A","89440673","JOELHO 90 ESG SR PVC DN50 AMANCO","","","2026-01-26","0","0","60","60","UN","60","60","UN","0L","MM 0020, vendas, livre","BRL","253.80","0","14:10:08","1","40","21","00","A","","","","",
"1012","PKL","PHI402100A","89290201","JUNCAO SIMPLES ESG SN PVC DN50 FORTLEV","","","2025-10-17","0","0","119","119","UN","119","119","UN","0L","MM 0020, vendas, livre","BRL","675.92","0","13:11:21","1","40","21","00","A","","","","",
"1012","PKL","PHI402100A","89207790","CURVA 90 LONGA ESG SN PVC DN50 FORTLEV","","","2025-12-11","0","0","20","20","UN","20","20","UN","0L","MM 0020, vendas, livre","BRL","174.60","0","17:32:30","1","40","21","00","A","","","","",
"1012","PKL","PHI402100A","89043052","ANEL VED TUBOS ESG DN150 TIGRE","","","2026-01-29","0","0","111","111","UN","111","111","UN","0L","MM 0020, vendas, livre","BRL","675.99","0","11:28:18","1","40","21","00","A","","","","",
"1012","PKL","PHI402100A","89040574","TE RED ESG SN PVC DN150X100 TIGRE","","","2025-10-23","0","0","6","6","UN","6","6","UN","0L","MM 0020, vendas, livre","BRL","328.20","0","15:53:50","1","40","21","00","A","","","","",
"1012","PKL","PHI402100A","89040532","TE ESG SN PVC DN150 TIGRE","","","2025-12-16","0","0","13","13","UN","13","13","UN","0L","MM 0020, vendas, livre","BRL","598.52","0","18:51:40","1","40","21","00","A","","","","",
"1012","PKL","PHI402100A","89040280","JUNCAO RED ESG SN PVC DN150X100 TIGRE","","","2025-10-23","0","0","7","7","UN","7","7","UN","0L","MM 0020, vendas, livre","BRL","375.76","0","15:53:50","1","40","21","00","A","","","","",
"1012","PKL","PHI402100A","89040105","JOELHO 45 ESG SN PVC DN150 TIGRE","","","2025-12-16","0","0","2","2","UN","2","2","UN","0L","MM 0020, vendas, livre","BRL","85.16","0","18:51:35","1","40","21","00","A","","","","",
"1012","PKL","PHI402100A","89039881","CAP ESG SN PVC DN150 TIGRE","","","2026-01-06","0","0","6","6","UN","6","6","UN","0L","MM 0020, vendas, livre","BRL","237.30","0","13:43:52","1","40","21","00","A","","","","",
"1012","PKL","PHI402100A","89708486","TUBO ESG SR PVC 1M DN150 AMBARTECH-TIGRE","","","2025-10-02","0","0","4","4","UN","4","4","UN","0L","MM 0020, vendas, livre","BRL","263.00","0","06:49:31","1","40","21","00","A","","","","",
"1012","PKL","PHI402100A","89440981","TUBO ESG SR 3M DN75 AMANCO","","","2025-11-13","0","0","6","6","UN","6","6","UN","0L","MM 0020, vendas, livre","BRL","373.56","0","12:36:08","1","40","21","00","A","","","","",
"1012","PKL","PHI402100A","89440974","TUBO ESG SR 3M DN50 AMANCO","","","2024-12-30","0","0","17","17","UN","17","17","UN","0L","MM 0020, vendas, livre","BRL","453.90","0","11:41:08","1","40","21","00","A","","","","",
"1012","PKL","PHI402100A","89440960","TUBO ESG SR 3M DN40 AMANCO","","","2025-12-24","0","0","24","24","UN","24","24","UN","0L","MM 0020, vendas, livre","BRL","532.32","0","10:21:59","1","40","21","00","A","","","","",
"1012","PKL","PHI402100A","89440932","TUBO ESG SR 3M DN100 AMANCO","","","2025-01-29","0","0","8","8","UN","8","8","UN","0L","MM 0020, vendas, livre","BRL","640.64","0","11:55:00","1","40","21","00","A","","","","",
"1012","PKL","PHI402100A","89440806","LUVA SIMPLES ESG SR PVC DN50 AMANCO","","","2026-01-26","0","0","37","37","UN","37","37","UN","0L","MM 0020, vendas, livre","BRL","146.15","0","14:10:08","1","40","21","00","A","","","","",
"1012","PKL","PHI402100A","89440792","LUVA SIMPLES ESG SR PVC DN40 AMANCO","","","2025-12-05","0","0","30","30","UN","30","30","UN","0L","MM 0020, vendas, livre","BRL","79.80","0","09:23:10","1","40","21","00","A","","","","",
"1012","PKL","PHI402100A","89440764","JUNCAO SIMPLES ESG SR PVC DN75 AMANCO","","","2026-01-26","0","0","23","23","UN","23","23","UN","0L","MM 0020, vendas, livre","BRL","583.97","0","14:10:03","1","40","21","00","A","","","","",
"1012","PKL","PHI402100A","89440645","JOELHO 90 ESG SR PVC DN40 AMANCO","","","2026-01-26","0","0","78","78","UN","78","78","UN","0L","MM 0020, vendas, livre","BRL","211.38","0","14:10:03","1","40","21","00","A","","","","",
"1012","PKL","PHI402300A","89440813","LUVA SIMPLES ESG SR PVC DN75 AMANCO","","","2025-10-02","0","0","82","82","UN","82","82","UN","0L","MM 0020, vendas, livre","BRL","592.04","0","06:49:31","1","40","23","00","A","","","","",
"1012","PKL","PHI402300A","89440820","LUVA SIMPLES ESG SR PVC DN100 AMANCO","","","2025-10-02","0","0","36","36","UN","36","36","UN","0L","MM 0020, vendas, livre","BRL","280.80","0","06:49:31","1","40","23","00","A","","","","",
"1012","PKL","PHI402300A","89440834","CAP ESG SR PVC DN150 AMANCO","","","2025-10-02","0","0","60","60","UN","60","60","UN","0L","MM 0020, vendas, livre","BRL","2617.80","0","06:49:31","1","40","23","00","A","","","","",
"1012","PKL","PHI402300A","89440862","REDUCAO EXC ESG SR PVC DN150X100 AMANCO","","","2025-10-02","0","0","20","20","UN","20","20","UN","0L","MM 0020, vendas, livre","BRL","584.80","0","06:49:31","1","40","23","00","A","","","","",
"1012","PKL","PHI402300A","89440876","REDUCAO EXC ESG SR PVC DN75X50 AMANCO","","","2025-10-02","0","0","48","48","UN","48","48","UN","0L","MM 0020, vendas, livre","BRL","287.04","0","06:49:31","1","40","23","00","A","","","","",
"1012","PKL","PHI402300A","89440904","TE ESG SR PVC DN50 AMANCO","","","2025-10-02","0","0","104","104","UN","104","104","UN","0L","MM 0020, vendas, livre","BRL","1027.52","0","06:49:31","1","40","23","00","A","","","","",
"1012","PKL","PHI402300A","89440911","TE ESG SR PVC DN75 AMANCO","","","2025-10-02","0","0","45","45","UN","45","45","UN","0L","MM 0020, vendas, livre","BRL","827.55","0","06:49:31","1","40","23","00","A","","","","",
"1012","PKL","PHI402300A","89440953","TUBO ESG SR 3M DN150 AMANCO","","","2025-10-02","0","0","13","13","UN","13","13","UN","0L","MM 0020, vendas, livre","BRL","1670.50","0","06:49:31","1","40","23","00","A","","","","",
"1012","PKL","PHI402300A","89440960","TUBO ESG SR 3M DN40 AMANCO","","","2025-10-02","0","0","4","4","UN","4","4","UN","0L","MM 0020, vendas, livre","BRL","88.72","0","06:49:31","1","40","23","00","A","","","","",
"1012","PKL","PHI402300A","89441051","CAP ESG SR PVC DN50 AMANCO","","","2025-10-02","0","0","69","69","UN","69","69","UN","0L","MM 0020, vendas, livre","BRL","407.10","0","06:49:31","1","40","23","00","A","","","","",
"1012","PKL","PHI402300A","89708486","TUBO ESG SR PVC 1M DN150 AMBARTECH-TIGRE","","","2025-10-02","0","0","2","2","UN","2","2","UN","0L","MM 0020, vendas, livre","BRL","131.50","0","06:49:31","1","40","23","00","A","","","","",
"1012","PKL","PHI402300A","89708493","TUBO ESG SR PVC 1M DN40 AMBARTECH-TIGRE","","","2025-10-02","0","0","25","25","UN","25","25","UN","0L","MM 0020, vendas, livre","BRL","261.75","0","06:49:31","1","40","23","00","A","","","","",
"1012","PKL","PHI402300A","89708514","TUBO ESG SR PVC 1M DN75 AMBARTECH-TIGRE","","","2025-10-02","0","0","5","5","UN","5","5","UN","0L","MM 0020, vendas, livre","BRL","121.60","0","06:49:31","1","40","23","00","A","","","","",
"1012","PKL","PHI402300A","89039916","CURVA 45 LONGA ESG SN PVC DN100 TIGRE","","","2026-01-06","0","0","8","8","UN","8","8","UN","0L","MM 0020, vendas, livre","BRL","364.32","0","13:43:54","1","40","23","00","A","","","","",
"1012","PKL","PHI402300A","89040014","CURVA 90 LONGA ESG SN PVC DN100 TIGRE","","","2026-01-06","0","0","17","17","UN","17","17","UN","0L","MM 0020, vendas, livre","BRL","620.67","0","13:43:54","1","40","23","00","A","","","","",
"1012","PKL","PHI402300A","89040042","CURVA 45 GIRATORIA ESG SN DN100 TIGRE","","","2026-01-06","0","0","5","5","UN","5","5","UN","0L","MM 0020, vendas, livre","BRL","163.05","0","13:43:56","1","40","23","00","A","","","","",
"1012","PKL","PHI402300A","89040091","JOELHO 45 ESG SN PVC DN100 TIGRE","","","2025-11-25","0","0","184","184","UN","184","184","UN","0L","MM 0020, vendas, livre","BRL","1081.92","0","13:25:27","1","40","23","00","A","","","","",
"1012","PKL","PHI402300A","89040105","JOELHO 45 ESG SN PVC DN150 TIGRE","","","2025-11-04","0","0","3","3","UN","3","3","UN","0L","MM 0020, vendas, livre","BRL","127.74","0","12:46:21","1","40","23","00","A","","","","",
"1012","PKL","PHI402300A","89040175","JOELHO 90 ESG SN PVC DN150 TIGRE","","","2026-01-06","0","0","29","29","UN","29","29","UN","0L","MM 0020, vendas, livre","BRL","1146.37","0","13:43:59","1","40","23","00","A","","","","",
"1012","PKL","PHI402300A","89040224","JUNCAO SIMPLES ESG SN PVC DN100 TIGRE","","","2026-01-16","0","0","24","24","UN","24","24","UN","0L","MM 0020, vendas, livre","BRL","370.32","0","11:46:41","1","40","23","00","A","","","","",
"1012","PKL","PHI402300A","89040280","JUNCAO RED ESG SN PVC DN150X100 TIGRE","","","2025-12-16","0","0","14","14","UN","14","14","UN","0L","MM 0020, vendas, livre","BRL","751.52","0","18:51:38","1","40","23","00","A","","","","",
"1012","PKL","PHI402300A","89040336","LUVA CORRER ESG SN PVC DN150 TIGRE","","","2025-10-09","0","0","9","9","UN","9","9","UN","0L","MM 0020, vendas, livre","BRL","355.77","0","16:22:41","1","40","23","00","A","","","","",
"1012","PKL","PHI402300A","89040385","LUVA SIMPLES ESG SN PVC DN100 TIGRE","","","2026-01-07","0","0","189","189","UN","189","189","UN","0L","MM 0020, vendas, livre","BRL","820.26","0","15:28:33","1","40","23","00","A","","","","",
"1012","PKL","PHI402300A","89040392","LUVA SIMPLES ESG SN PVC DN150 TIGRE","","","2026-01-20","0","0","10","10","UN","10","10","UN","0L","MM 0020, vendas, livre","BRL","216.00","0","14:42:42","1","40","23","00","A","","","","",
"1012","PKL","PHI402300A","89040462","REDUCAO EXC ESG SN PVC DN100X75 TIGRE","","","2026-01-30","0","0","88","88","UN","88","88","UN","0L","MM 0020, vendas, livre","BRL","601.92","0","11:59:55","1","40","23","00","A","","","","",
"1012","PKL","PHI402300A","89040483","REDUCAO EXC ESG SN PVC DN150X100 TIGRE","","","2026-01-29","0","0","12","12","UN","12","12","UN","0L","MM 0020, vendas, livre","BRL","244.20","0","11:28:15","1","40","23","00","A","","","","",
"1012","PKL","PHI402300A","89040574","TE RED ESG SN PVC DN150X100 TIGRE","","","2025-10-02","0","0","2","2","UN","2","2","UN","0L","MM 0020, vendas, livre","BRL","109.40","0","06:49:31","1","40","23","00","A","","","","",
"1012","PKL","PHI402300A","89040672","TUBO ESG SN PVC 3M DN150 TIGRE","","","2026-01-06","0","0","5","5","UN","5","5","UN","0L","MM 0020, vendas, livre","BRL","512.85","0","13:44:29","1","40","23","00","A","","","","",
"1012","PKL","PHI402300A","89847163","BUCHA RED SOLD CURTA 110X85MM AMANCO","","","2025-12-05","0","0","1","1","UN","1","1","UN","0L","MM 0020, vendas, livre","BRL","54.19","0","09:23:10","1","40","23","00","A","","","","",
"1012","PKL","PHI402300A","89847345","CURVA 90 SOLD 75MM AMANCO","","","2025-11-28","0","0","6","6","UN","6","6","UN","0L","MM 0020, vendas, livre","BRL","283.44","0","14:41:21","1","40","23","00","A","","","","",
"1012","PKL","PHI402300A","89847380","JOELHO 45 SOLD PVC 85MM AMANCO","","","2025-12-05","0","0","11","11","UN","11","11","UN","0L","MM 0020, vendas, livre","BRL","541.97","0","09:23:10","1","40","23","00","A","","","","",
"1012","PKL","PHI402300A","89800326","CURVA 90 LONGA ESG SN PVC DN200 FORTLEV","","","2025-10-02","0","0","6","6","UN","6","6","UN","0L","MM 0020, vendas, livre","BRL","719.40","0","06:49:30","1","40","23","00","A","","","","",
"1012","PKL","PHI402300A","89800333","JOELHO 45 ESG SN PVC DN200 FORTLEV","","","2026-01-28","0","0","4","4","UN","4","4","UN","0L","MM 0020, vendas, livre","BRL","265.76","0","18:29:58","1","40","23","00","A","","","","",
"1012","PKL","PHI402300A","89800340","JOELHO 90 ESG SN PVC DN200 FORTLEV","","","2025-08-08","0","0","6","6","UN","6","6","UN","0L","MM 0020, vendas, livre","BRL","450.00","0","11:47:10","1","40","23","00","A","","","","",
"1012","PKL","PHI402300A","89800354","LUVA ESG SN DN 200 FORTLEV","","","2026-01-28","0","0","10","10","UN","10","10","UN","0L","MM 0020, vendas, livre","BRL","312.90","0","18:29:58","1","40","23","00","A","","","","",
"1012","PKL","PHI402300A","89800361","REDUCAO EXC ESG SN PVC DN200X150 FORTLEV","","","2025-05-28","0","0","3","3","UN","3","3","UN","0L","MM 0020, vendas, livre","BRL","105.66","0","10:28:56","1","40","23","00","A","","","","",
"1012","PKL","PHI402300A","89800375","TE ESG SN PVC DN200 FORTLEV","","","2025-10-31","0","0","9","9","UN","9","9","UN","0L","MM 0020, vendas, livre","BRL","1376.55","0","17:30:05","1","40","23","00","A","","","","",
"1012","PKL","PHI402300A","89800396","ANEL VED TUBOS ESG DN200 FORTLEV","","","2026-01-30","0","0","27","27","UN","27","27","UN","0L","MM 0020, vendas, livre","BRL","252.72","0","10:54:02","1","40","23","00","A","","","","",
"1012","PKL","PHI402300A","89440673","JOELHO 90 ESG SR PVC DN50 AMANCO","","","2025-10-02","0","0","27","27","UN","27","27","UN","0L","MM 0020, vendas, livre","BRL","114.21","0","06:49:31","1","40","23","00","A","","","","",
"1012","PKL","PHI402300A","89440680","JOELHO 90 ESG SR PVC DN75 AMANCO","","","2025-10-02","0","0","14","14","UN","14","14","UN","0L","MM 0020, vendas, livre","BRL","117.60","0","06:49:31","1","40","23","00","A","","","","",
"1012","PKL","PHI402300A","89440701","JUNCAO RED ESG SR PVC DN100X50 AMANCO","","","2025-10-02","0","0","15","15","UN","15","15","UN","0L","MM 0020, vendas, livre","BRL","317.10","0","06:49:31","1","40","23","00","A","","","","",
"1012","PKL","PHI402300A","89440736","JUNCAO SIMPLES ESG SR PVC DN100 AMANCO","","","2025-10-02","0","0","3","3","UN","3","3","UN","0L","MM 0020, vendas, livre","BRL","92.34","0","06:49:31","1","40","23","00","A","","","","",
"1012","PKL","PHI402300A","89440743","JUNCAO SIMPLES ESG SR PVC DN40 AMANCO","","","2025-10-02","0","0","22","22","UN","22","22","UN","0L","MM 0020, vendas, livre","BRL","114.84","0","06:49:31","1","40","23","00","A","","","","",
"1012","PKL","PHI402300A","89440750","JUNCAO SIMPLES ESG SR PVC DN50 AMANCO","","","2025-10-02","0","0","25","25","UN","25","25","UN","0L","MM 0020, vendas, livre","BRL","319.25","0","06:49:31","1","40","23","00","A","","","","",
"1012","PKL","PHI402300A","89440764","JUNCAO SIMPLES ESG SR PVC DN75 AMANCO","","","2025-10-02","0","0","2","2","UN","2","2","UN","0L","MM 0020, vendas, livre","BRL","50.78","0","06:49:31","1","40","23","00","A","","","","",
"1012","PKL","PHI402300A","89440792","LUVA SIMPLES ESG SR PVC DN40 AMANCO","","","2025-10-02","0","0","19","19","UN","19","19","UN","0L","MM 0020, vendas, livre","BRL","50.54","0","06:49:31","1","40","23","00","A","","","","",
"1012","PKL","PHI402500A","89847632","TE DE RED 90 SOLD PVC 85X75MM AMANCO","","","2025-06-11","0","0","8","8","UN","8","8","UN","0L","MM 0020, vendas, livre","BRL","1061.04","0","15:01:00","1","40","25","00","A","","","","",
"1012","PKL","PHI402500A","89288150","VALV RETENCAO PTA ESG SN DN100x75 ESTREL","","","2026-01-30","0","0","26","26","UN","26","26","UN","0L","MM 0020, vendas, livre","BRL","593.84","0","10:15:25","1","40","25","00","A","","","","",
"1012","PKL","PHI402500A","89043052","ANEL VED TUBOS ESG DN150 TIGRE","","","2025-10-02","0","0","48","48","UN","48","48","UN","0L","MM 0020, vendas, livre","BRL","292.32","0","06:49:30","1","40","25","00","A","","","","",
"1012","PKL","PHI402500A","89040665","TUBO ESG SN PVC 3M DN100 TIGRE","","","2026-01-06","0","0","70","70","UN","70","70","UN","0L","MM 0020, vendas, livre","BRL","2891.70","0","13:44:22","1","40","25","00","A","","","","",
"1012","PKL","PHI402500A","89040553","TE RED ESG SN PVC DN100X50 TIGRE","","","2026-01-16","0","0","34","34","UN","34","34","UN","0L","MM 0020, vendas, livre","BRL","353.26","0","11:46:41","1","40","25","00","A","","","","",
"1012","PKL","PHI402500A","89040525","TE ESG SN PVC DN100 TIGRE","","","2026-01-30","0","0","1","1","UN","1","1","UN","0L","MM 0020, vendas, livre","BRL","10.71","0","12:32:00","1","40","25","00","A","","","","",
"1012","PKL","PHI402500A","89040273","JUNCAO RED ESG SN PVC DN100X75 TIGRE","","","2026-01-06","0","0","30","30","UN","30","30","UN","0L","MM 0020, vendas, livre","BRL","458.40","0","13:44:02","1","40","25","00","A","","","","",
"1012","PKL","PHI402500A","89040266","JUNCAO RED ESG SN PVC DN100X50 TIGRE","","","2026-01-06","0","0","52","52","UN","52","52","UN","0L","MM 0020, vendas, livre","BRL","596.96","0","13:44:02","1","40","25","00","A","","","","",
"1012","PKL","PHI402500A","89040112","JOELHO 90 VISITA ESG SN DN100X50 TIGRE","","","2025-12-16","0","0","20","20","UN","20","20","UN","0L","MM 0020, vendas, livre","BRL","381.20","0","18:51:17","1","40","25","00","A","","","","",
"1012","PKL","PHI402500A","89039972","CURVA 90 CURTA ESG SN PVC DN100 TIGRE","","","2026-01-06","0","0","40","40","UN","40","40","UN","0L","MM 0020, vendas, livre","BRL","607.20","0","13:43:55","1","40","25","00","A","","","","",
"1012","PKL","PHI402500A","89407710","VALV RETENCAO MEIO ESG SN DN100 ESTRELA","","","2026-01-30","0","0","30","30","UN","30","30","UN","0L","MM 0020, vendas, livre","BRL","1150.20","0","10:15:26","1","40","25","00","A","","","","",
"1012","PKL","PHI402500A","89800333","JOELHO 45 ESG SN PVC DN200 FORTLEV","","","2025-10-02","0","0","9","9","UN","9","9","UN","0L","MM 0020, vendas, livre","BRL","597.96","0","06:49:30","1","40","25","00","A","","","","",
"1012","PKL","PHI402500A","89800312","CAP ESG SN PVC DN200 FORTLEV","","","2025-10-02","0","0","8","8","UN","8","8","UN","0L","MM 0020, vendas, livre","BRL","425.20","0","06:49:30","1","40","25","00","A","","","","",
"1012","PKL","PHI402700A","89240571","TUBO ESG SN PVC 1M DN100 AMBARTECH-TIGRE","","","2025-10-02","0","0","7","7","UN","7","7","UN","0L","MM 0020, vendas, livre","BRL","150.78","0","06:49:30","1","40","27","00","A","","","","",
"1012","PKL","PHI402700A","89111316","MINI PRESSURIZADOR RW9 9MCA 220V ROWA","","","2025-11-19","0","0","6","6","UN","6","6","UN","0L","MM 0020, vendas, livre","BRL","1513.14","0","16:23:08","1","40","27","00","A","","","","",
"1012","PKL","PHI402700A","89042961","RALO SIF QUAD PVC BR DN100 TIGRE","","","2025-10-02","0","0","4","4","UN","4","4","UN","0L","MM 0020, vendas, livre","BRL","69.80","0","06:49:30","1","40","27","00","A","","","","",
"1012","PKL","PHI402700A","89040595","TE INSPECAO ESG SN PVC DN100X75 TIGRE","","","2025-10-02","0","0","6","6","UN","6","6","UN","0L","MM 0020, vendas, livre","BRL","197.40","0","06:49:30","1","40","27","00","A","","","","",
"1012","PKL","PHI402700A","89040273","JUNCAO RED ESG SN PVC DN100X75 TIGRE","","","2025-10-02","0","0","3","3","UN","3","3","UN","0L","MM 0020, vendas, livre","BRL","45.84","0","06:49:30","1","40","27","00","A","","","","",
"1012","PKL","PHI402700A","89040042","CURVA 45 GIRATORIA ESG SN DN100 TIGRE","","","2025-10-02","0","0","7","7","UN","7","7","UN","0L","MM 0020, vendas, livre","BRL","228.27","0","06:49:30","1","40","27","00","A","","","","",
"1012","PKL","PHI402700A","89040014","CURVA 90 LONGA ESG SN PVC DN100 TIGRE","","","2025-10-02","0","0","8","8","UN","8","8","UN","0L","MM 0020, vendas, livre","BRL","292.08","0","06:49:30","1","40","27","00","A","","","","",
"1012","PKL","PHI402700A","89039916","CURVA 45 LONGA ESG SN PVC DN100 TIGRE","","","2025-10-02","0","0","7","7","UN","7","7","UN","0L","MM 0020, vendas, livre","BRL","318.78","0","06:49:30","1","40","27","00","A","","","","",
"1012","PKL","PHI402700A","89760034","PRESS SUP TP 825 G3 BIV 3 BANH 1/2CV KOM","","","2026-01-29","0","0","9","9","UN","9","9","UN","0L","MM 0020, vendas, livre","BRL","6938.64","0","13:42:18","1","40","27","00","A","","","","",
"1012","PKL","PHI402700A","89760020","PRESS SUP TP 820 G3 BIV 2 BANH 3/4CV KOM","","","2025-11-12","0","0","10","10","UN","10","10","UN","0L","MM 0020, vendas, livre","BRL","7649.70","0","12:52:58","1","40","27","00","A","","","","",
"1012","PKL","PHI402700A","89916645","PLACA COLETOR SOLAR KOCS MX 1X1M","","","2025-12-10","0","0","5","5","UN","5","5","UN","0L","MM 0020, vendas, livre","BRL","2275.80","0","13:46:20","1","40","27","00","A","","","","",
"1012","PKL","PHI402700A","89562270","BOMBA RECIRC AGUA TP120 350W 127V KOMECO","","","2026-02-02","0","0","5","5","UN","5","5","UN","0L","MM 0020, vendas, livre","BRL","2879.60","0","12:37:24","1","40","27","00","A","","","","",
"1012","PKL","PHI402700A","89561934","BOMBA PRESS AGUA TQC200 200W BIV KOMECO","","","2025-10-02","0","0","2","2","UN","2","2","UN","0L","MM 0020, vendas, livre","BRL","1785.12","0","12:09:37","1","40","27","00","A","","","","",
"1012","PKL","PHI402700A","89521152","MINI PRESSURIZADOR RW12 12MCA 127V ROWA","","","2026-01-23","0","0","1","1","UN","1","1","UN","0L","MM 0020, vendas, livre","BRL","271.09","0","19:10:56","1","40","27","00","A","","","","",
"1012","PKL","PHI402700A","89521145","MINI PRESSURIZADOR RW9 9MCA 127V ROWA","","","2025-12-10","0","0","3","3","UN","3","3","UN","0L","MM 0020, vendas, livre","BRL","770.01","0","08:05:11","1","40","27","00","A","","","","",
"1012","PKL","PHI402700A","89821473","BOMBA AUTOASP PRESS WMPA130H 127V CLAW","","","2026-01-19","0","0","4","4","UN","4","4","UN","0L","MM 0020, vendas, livre","BRL","1046.72","0","09:05:42","1","40","27","00","A","","","","",
"1012","PKL","PHI402700A","89821256","BOMBA PRESS WMCP-20H BIVOLT CLAW","","*","","4","0","8","8","UN","8","8","UN","0L","MM 0020, vendas, livre","BRL","1725.28","0","00:00:00","1","40","27","00","A","","","","",
"1012","PKL","PHI402900A","89847744","UNIAO SOLD 75MM AMANCO","","","2025-11-10","0","0","8","8","UN","8","8","UN","0L","MM 0020, vendas, livre","BRL","833.04","0","14:38:25","1","40","29","00","A","","","","",
"1012","PKL","PHI402900A","89847695","TE 90 SOLD PVC 85MM AMANCO","","","2025-09-22","0","0","2","2","UN","2","2","UN","0L","MM 0020, vendas, livre","BRL","138.92","0","14:16:52","1","40","29","00","A","","","","",
"1012","PKL","PHI402900A","89847681","TE SOLD 75MM AMANCO","","","2025-10-03","0","0","3","3","UN","3","3","UN","0L","MM 0020, vendas, livre","BRL","117.69","0","11:47:46","1","40","29","00","A","","","","",
"1012","PKL","PHI402900A","89847520","LUVA SOLD PVC 85MM AMANCO","","","2026-01-03","0","0","21","21","UN","21","21","UN","0L","MM 0020, vendas, livre","BRL","788.34","0","18:56:27","1","40","29","00","A","","","","",
"1012","PKL","PHI402900A","89847513","LUVA SOLD 75MM AMANCO","","","2026-01-24","0","0","3","3","UN","3","3","UN","0L","MM 0020, vendas, livre","BRL","50.25","0","15:30:26","1","40","29","00","A","","","","",
"1012","PKL","PHI402900A","89847485","LUVA RED SOLD 75X60MM AMANCO","","","2026-01-26","0","0","8","8","UN","8","8","UN","0L","MM 0020, vendas, livre","BRL","262.00","0","14:10:12","1","40","29","00","A","","","","",
"1012","PKL","PHI402900A","89847415","JOELHO 90 SOLD 75MM AMANCO","","","2025-11-03","0","0","3","3","UN","3","3","UN","0L","MM 0020, vendas, livre","BRL","163.17","0","15:48:57","1","40","29","00","A","","","","",
"1012","PKL","PHI402900A","89847373","JOELHO 45 SOLD 75MM AMANCO","","","2025-10-02","0","0","10","10","UN","10","10","UN","0L","MM 0020, vendas, livre","BRL","477.70","0","06:48:41","1","40","29","00","A","","","","",
"1012","PKL","PHI402900A","89847240","CAP SOLD 85MM AMANCO","","","2026-01-22","0","0","3","3","UN","3","3","UN","0L","MM 0020, vendas, livre","BRL","106.86","0","18:27:49","1","40","29","00","A","","","","",
"1012","PKL","PHI402900A","89847142","BUCHA RED SOLD CURTA 75X60MM AMANCO","","","2025-12-05","0","0","11","11","UN","11","11","UN","0L","MM 0020, vendas, livre","BRL","148.28","0","09:23:10","1","40","29","00","A","","","","",
"1012","PKL","PHI402900A","89847100","ADAPT SOLD CURTO BOLS ROSC 85MMX3"" AMANC","","","2025-12-05","0","0","12","12","UN","12","12","UN","0L","MM 0020, vendas, livre","BRL","271.92","0","09:23:10","1","40","29","00","A","","","","",
"1012","PKL","PHI402900A","89847086","ADAPT SOLD CURTO 75MMX2.1/2 AMANCO","","","2025-11-07","0","0","18","18","UN","18","18","UN","0L","MM 0020, vendas, livre","BRL","339.48","0","10:02:07","1","40","29","00","A","","","","",
"1012","PKL","PHI402900A","89845952","UNIÃO SOLD PVC 110MM AMANCO","","","2025-12-05","0","0","5","5","UN","5","5","UN","0L","MM 0020, vendas, livre","BRL","2001.55","0","09:23:10","1","40","29","00","A","","","","",
"1012","PKL","PHI402900A","89337654","MANOMETRO 63MM 0-25BAR INOX 1/4 GENEBRE","","","2025-12-16","0","0","19","19","UN","19","19","UN","0L","MM 0020, vendas, livre","BRL","913.90","0","14:05:16","1","40","29","00","A","","","","",
"1012","PKL","PHI402900A","89337633","MANOMETRO 63MM 0-10BAR ACO 1/4 GENEBRE","","","2025-10-16","0","0","77","77","UN","77","77","UN","0L","MM 0020, vendas, livre","BRL","1846.46","0","08:40:58","1","40","29","00","A","","","","",
"1012","PKL","PHI402900A","89337626","MANOMETRO 53MM 0-10BAR ABS 1/4 GENEBRE","","","2026-01-12","0","0","30","30","UN","30","30","UN","0L","MM 0020, vendas, livre","BRL","525.30","0","18:24:34","1","40","29","00","A","","","","",
"1012","PKL","PHI402900A","89111372","TANQUE EXPANSAO AGUA ACO CARB 24L","","","2025-10-02","0","0","4","4","UN","4","4","UN","0L","MM 0020, vendas, livre","BRL","1140.08","0","06:49:29","1","40","29","00","A","","","","",
"1012","PKL","PHI402900A","89111253","PRESS SUP TANGO SFL14 220V 3 BANH ROWA","","","2025-10-02","0","0","1","1","UN","1","1","UN","0L","MM 0020, vendas, livre","BRL","939.26","0","06:49:29","1","40","29","00","A","","","","",
"1012","PKL","PHI402900A","89407654","ENGATE RIG METAL MF 40CM 1/2 DISTAK","","","2025-10-02","0","0","13","13","UN","13","13","UN","0L","MM 0020, vendas, livre","BRL","443.95","0","06:49:29","1","40","29","00","A","","","","",
"1012","PKL","PHI402900A","89451523","VALV SEGURANCA SOLAR FF 4BAR 1/2 EMETI","","","2026-01-16","0","0","22","22","UN","22","22","UN","0L","MM 0020, vendas, livre","BRL","702.46","0","15:55:58","1","40","29","00","A","","","","",
"1012","PKL","PHI402900A","89451495","VALV REDUT PRES BSP 3/4 160MCA EMMETI","","","2025-11-13","0","0","4","4","UN","4","4","UN","0L","MM 0020, vendas, livre","BRL","645.84","0","11:30:18","1","40","29","00","A","","","","",
"1012","PKL","PHI402900A","89437691","RESERVATORIO TERMICO KORT INOX 200L AP","","","2025-05-19","0","0","1","1","UN","1","1","UN","0L","MM 0020, vendas, livre","BRL","2015.73","0","16:07:54","1","40","29","00","A","","","","",
"1012","PKL","PHI402900A","89437656","RESERVATORIO TERMICO KORT INOX 200L BP","","","2025-08-29","0","0","1","1","UN","1","1","UN","0L","MM 0020, vendas, livre","BRL","1425.38","0","14:10:52","1","40","29","00","A","","","","",
"1012","PKL","PHI403100A","89451523","VALV SEGURANCA SOLAR FF 4BAR 1/2 EMETI","","","2025-10-02","0","0","11","11","UN","11","11","UN","0L","MM 0020, vendas, livre","BRL","351.23","0","06:49:28","1","40","31","00","A","","","","",
"1012","PKL","PHI403100A","89451530","PRESSOSTATO AGUA 0-4KG EMMETI","","","2025-10-02","0","0","7","7","UN","7","7","UN","0L","MM 0020, vendas, livre","BRL","818.16","0","06:49:28","1","40","31","00","A","","","","",
"1012","PKL","PHI403100A","89469030","VALV DESVIADORA TERMOST 45 1 EMMETI","","","2025-10-02","0","0","4","4","UN","4","4","UN","0L","MM 0020, vendas, livre","BRL","2336.84","0","06:49:28","1","40","31","00","A","","","","",
"1012","PKL","PHI403100A","89469072","VALV MISTURADORA TERMOST 3/4 EMMETI","","","2025-10-02","0","0","15","15","UN","15","15","UN","0L","MM 0020, vendas, livre","BRL","4408.50","0","06:49:28","1","40","31","00","A","","","","",
"1012","PKL","PHI403100A","89580792","TUBO SAIDA AR SANF ALUM 1,5M 90MM","","","2026-01-14","0","0","19","19","UN","19","19","UN","0L","MM 0020, vendas, livre","BRL","712.31","0","19:21:36","1","40","31","00","A","","","","",
"1012","PKL","PHI403100A","89673724","MISTURADOR EXT AQUEC GAS OU SOLAR FURKIN","","","2025-10-02","0","0","5","5","UN","5","5","UN","0L","MM 0020, vendas, livre","BRL","292.80","0","06:49:28","1","40","31","00","A","","","","",
"1012","PKL","PHI403100A","89873315","AQUEC GAS M09 GLP MECANICO BR 9L RINNAI","","","2025-12-05","0","0","3","3","UN","3","3","UN","0L","MM 0020, vendas, livre","BRL","1998.33","0","12:03:11","1","40","31","00","A","","","","",
"1012","PKL","PHI403100A","89152105","ENGATE FLEX MANGOTE 1X50CM ROWA","","","2025-10-02","0","0","21","21","UN","21","21","UN","0L","MM 0020, vendas, livre","BRL","2095.17","0","06:49:28","1","40","31","00","A","","","","",
"1012","PKL","PHI403100A","89152091","ENGATE FLEX MANGOTE 1X80CM ROWA","","","2025-10-02","0","0","21","21","UN","21","21","UN","0L","MM 0020, vendas, livre","BRL","2298.87","0","06:49:28","1","40","31","00","A","","","","",
"1012","PKL","PHI403100A","89103861","VALV ALIVIO DISCO MET BSP 1 DECA","","","2025-10-02","0","0","7","7","UN","7","7","UN","0L","MM 0020, vendas, livre","BRL","1369.27","0","06:49:28","1","40","31","00","A","","","","",
"1012","PKL","PHI403100A","89412162","CHAPEU T ALUM 20CM 130MM DISTAK","","","2024-09-03","0","0","3","3","UN","3","3","UN","0L","MM 0020, vendas, livre","BRL","129.36","0","15:39:32","1","40","31","00","A","","","","",
"1012","PKL","PHI403100A","89412036","LUVA GALV EXAUSTAO 100MM DISTAK","","","2025-11-10","0","0","8","8","UN","8","8","UN","0L","MM 0020, vendas, livre","BRL","102.16","0","10:12:16","1","40","31","00","A","","","","",
"1012","PKL","PHI403100A","89412022","LUVA GALV EXAUSTAO 90MM DISTAK","","","2026-01-14","0","0","5","5","UN","5","5","UN","0L","MM 0020, vendas, livre","BRL","59.70","0","19:23:31","1","40","31","00","A","","","","",
"1012","PKL","PHI403100A","89411994","LUVA GALV EXAUSTAO 60MM DISTAK","","","2025-12-09","0","0","1","1","UN","1","1","UN","0L","MM 0020, vendas, livre","BRL","10.67","0","17:26:30","1","40","31","00","A","","","","",
"1012","PKL","PHI403100A","89411770","ARO ABRAC ARREM ALUM 100MM DISTAK","","","2025-10-23","0","0","7","7","UN","7","7","UN","0L","MM 0020, vendas, livre","BRL","155.68","0","11:28:32","1","40","31","00","A","","","","",
"1012","PKL","PHI403100A","89411763","ARO ABRAC ARREM ALUM 90MM DISTAK","","","2026-01-14","0","0","12","12","UN","12","12","UN","0L","MM 0020, vendas, livre","BRL","268.92","0","19:21:36","1","40","31","00","A","","","","",
"1012","PKL","PHI403100A","89411756","ARO ABRAC ARREM ALUM 80MM DISTAK","","","2025-12-29","0","0","7","7","UN","7","7","UN","0L","MM 0020, vendas, livre","BRL","140.84","0","10:15:35","1","40","31","00","A","","","","",
"1012","PKL","PHI403100A","89411721","ARO ABRAC ARREM ALUM 60MM DISTAK","","","2025-11-10","0","0","6","6","UN","6","6","UN","0L","MM 0020, vendas, livre","BRL","112.08","0","10:12:16","1","40","31","00","A","","","","",
"1012","PKL","PHI403100A","89411693","TUBO SAIDA AR SANF ALUM 1,5M 100MM","","","2026-01-16","0","0","34","34","UN","34","34","UN","0L","MM 0020, vendas, livre","BRL","1426.30","0","18:40:39","1","40","31","00","A","","","","",
"1012","PKL","PHI403100A","89411672","TUBO SAIDA AR SANF ALUM 1,5M 60MM","","","2026-01-24","0","0","17","17","UN","17","17","UN","0L","MM 0020, vendas, livre","BRL","519.69","0","15:34:48","1","40","31","00","A","","","","",
"1012","PKL","PHI403100A","89403356","REGULADOR PRESSAO C/ MANOMETRO 3/4 CENSI","","","2025-10-02","0","0","17","17","UN","17","17","UN","0L","MM 0020, vendas, livre","BRL","2401.93","0","06:49:28","1","40","31","00","A","","","","",
"1012","PKL","PHI403100A","89873343","AQUEC GAS M15 GN MECANICO BR 15L","","","2025-11-14","0","0","1","1","UN","1","1","UN","0L","MM 0020, vendas, livre","BRL","1063.14","0","13:00:52","1","40","31","00","A","","","","",
"1012","PKL","PHI403100A","89873336","AQUEC GAS M15 GLP MECANICO BR 15L","","","2025-11-14","0","0","1","1","UN","1","1","UN","0L","MM 0020, vendas, livre","BRL","1063.14","0","13:00:52","1","40","31","00","A","","","","",
"1012","PKL","PHI403100A","89451516","VALV ELIM AR SOLAR M 1/2 10BAR EMMETI","","","2025-10-02","0","0","25","25","UN","25","25","UN","0L","MM 0020, vendas, livre","BRL","850.50","0","06:49:28","1","40","31","00","A","","","","",
"1012","PKL","PHI403100A","89451502","VALV REDUT PRES BSP M 1.1/2 EMMETI","","","2025-10-02","0","0","10","10","UN","10","10","UN","0L","MM 0020, vendas, livre","BRL","6639.60","0","06:49:28","1","40","31","00","A","","","","",
"1012","PKL","PHI403100A","89451495","VALV REDUT PRES BSP 3/4 160MCA EMMETI","","","2025-10-02","0","0","1","1","UN","1","1","UN","0L","MM 0020, vendas, livre","BRL","161.46","0","06:49:28","1","40","31","00","A","","","","",
"1012","PKL","PHI403100A","89808236","AQUEC GAS GN MEC PILHA BR 7L","","","2026-02-02","0","0","6","6","UN","6","6","UN","0L","MM 0020, vendas, livre","BRL","2476.02","0","12:37:24","1","40","31","00","A","","","","",
"1012","PKL","PHI403100A","89807655","AQUEC GAS GLP HOME DIG BIV BR 26L","","","2025-06-03","0","0","1","1","UN","1","1","UN","0L","MM 0020, vendas, livre","BRL","1830.18","0","13:30:52","1","40","31","00","A","","","","",
"1012","PKL","PHI403100A","89807613","AQUEC GAS GLP HOME DIG BIV BR 21L","","","2026-02-02","0","0","3","3","UN","3","3","UN","0L","MM 0020, vendas, livre","BRL","3618.03","0","12:37:24","1","40","31","00","A","","","","",
"1012","PKL","PHI403100A","89807606","AQUEC GAS GN HOME DIG BIV BR 21L","","","2026-02-02","0","0","2","2","UN","2","2","UN","0L","MM 0020, vendas, livre","BRL","2412.02","0","12:37:24","1","40","31","00","A","","","","",
"1012","PKL","PHI403100A","89807550","AQUEC GAS GN HOME DIG BIV BR 16L","","","2025-05-30","0","0","2","2","UN","2","2","UN","0L","MM 0020, vendas, livre","BRL","2035.16","0","12:23:31","1","40","31","00","A","","","","",
"1012","PKL","PHI403300A","89873322","AQUEC GAS M09 GN MECANICO BR 9L RINNAI","","","2025-10-02","0","0","1","1","UN","1","1","UN","0L","MM 0020, vendas, livre","BRL","663.75","0","06:49:27","1","40","33","00","A","","","","",
"1012","PKL","PHI403300A","89407633","KIT AQUEC ENGATE MET 30CM VALV 1/2 DISTA","","","2025-12-29","0","0","10","10","UN","10","10","UN","0L","MM 0020, vendas, livre","BRL","1220.20","0","10:15:35","1","40","33","00","A","","","","",
"1012","PKL","PHI403300A","89407640","KIT AQUEC ENGATE MET 40CM VALV 1/2 DISTA","","","2025-12-29","0","0","44","44","UN","44","44","UN","0L","MM 0020, vendas, livre","BRL","5721.32","0","10:15:35","1","40","33","00","A","","","","",
"1012","PKL","PHI403300A","89411672","TUBO SAIDA AR SANF ALUM 1,5M 60MM","","","2025-10-02","0","0","5","5","UN","5","5","UN","0L","MM 0020, vendas, livre","BRL","152.85","0","06:49:27","1","40","33","00","A","","","","",
"1012","PKL","PHI403300A","89411686","TUBO SAIDA AR SANF ALUM 1,5M 80MM","","","2025-10-02","0","0","11","11","UN","11","11","UN","0L","MM 0020, vendas, livre","BRL","382.58","0","06:49:27","1","40","33","00","A","","","","",
"1012","PKL","PHI403300A","89411700","TUBO SAIDA AR SANF ALUM 1,5M 120MM","","","2025-11-21","0","0","19","19","UN","19","19","UN","0L","MM 0020, vendas, livre","BRL","965.96","0","08:52:02","1","40","33","00","A","","","","",
"1012","PKL","PHI403300A","89411714","TUBO SAIDA AR SANF ALUM 1,5M 150MM","","","2025-02-10","0","0","8","8","UN","8","8","UN","0L","MM 0020, vendas, livre","BRL","545.76","0","19:54:54","1","40","33","00","A","","","","",
"1012","PKL","PHI403300A","89411721","ARO ABRAC ARREM ALUM 60MM DISTAK","","","2025-10-02","0","0","4","4","UN","4","4","UN","0L","MM 0020, vendas, livre","BRL","74.72","0","06:49:27","1","40","33","00","A","","","","",
"1012","PKL","PHI403300A","89411756","ARO ABRAC ARREM ALUM 80MM DISTAK","","","2025-10-02","0","0","3","3","UN","3","3","UN","0L","MM 0020, vendas, livre","BRL","60.36","0","06:49:27","1","40","33","00","A","","","","",
"1012","PKL","PHI403300A","89411784","ARO ABRAC ARREM ALUM 110MM DISTAK","","","2025-10-02","0","0","13","13","UN","13","13","UN","0L","MM 0020, vendas, livre","BRL","308.36","0","06:49:27","1","40","33","00","A","","","","",
"1012","PKL","PHI403300A","89357786","AQUEC GAS E21 GLP DIG BIV BR 21L","","","2024-10-22","0","0","1","1","UN","1","1","UN","0L","MM 0020, vendas, livre","BRL","1655.50","0","12:11:12","1","40","33","00","A","","","","",
"1012","PKL","PHI403300A","89357744","AQUEC GAS E21 GN DIG BIV BR 21L","","","2025-08-01","0","0","2","2","UN","2","2","UN","0L","MM 0020, vendas, livre","BRL","3509.70","0","14:25:37","1","40","33","00","A","","","","",
"1012","PKL","PHI403300A","89412092","LUVA GALV EXAUSTAO 137MM DISTAK","","","2025-06-11","0","0","10","10","UN","10","10","UN","0L","MM 0020, vendas, livre","BRL","139.00","0","11:59:39","1","40","33","00","A","","","","",
"1012","PKL","PHI403300A","89412085","LUVA GALV EXAUSTAO 130MM DISTAK","","","2025-10-02","0","0","11","11","UN","11","11","UN","0L","MM 0020, vendas, livre","BRL","150.15","0","06:49:27","1","40","33","00","A","","","","",
"1012","PKL","PHI403300A","89412050","LUVA GALV EXAUSTAO 120MM DISTAK","","","2025-10-02","0","0","9","9","UN","9","9","UN","0L","MM 0020, vendas, livre","BRL","120.24","0","06:49:27","1","40","33","00","A","","","","",
"1012","PKL","PHI403300A","89412043","LUVA GALV EXAUSTAO 110MM DISTAK","","","2025-10-02","0","0","9","9","UN","9","9","UN","0L","MM 0020, vendas, livre","BRL","118.71","0","06:49:27","1","40","33","00","A","","","","",
"1012","PKL","PHI403300A","89412036","LUVA GALV EXAUSTAO 100MM DISTAK","","","2025-10-02","0","0","2","2","UN","2","2","UN","0L","MM 0020, vendas, livre","BRL","25.54","0","06:49:27","1","40","33","00","A","","","","",
"1012","PKL","PHI403300A","89412015","LUVA GALV EXAUSTAO 80MM DISTAK","","","2025-10-02","0","0","15","15","UN","15","15","UN","0L","MM 0020, vendas, livre","BRL","172.50","0","06:49:28","1","40","33","00","A","","","","",
"1012","PKL","PHI403300A","89411994","LUVA GALV EXAUSTAO 60MM DISTAK","","","2025-10-02","0","0","12","12","UN","12","12","UN","0L","MM 0020, vendas, livre","BRL","128.04","0","06:49:28","1","40","33","00","A","","","","",
"1012","PKL","PHI403300A","89411952","AMPLIACAO ALUM 60X80MM DISTAK","","","2025-12-08","0","0","2","2","UN","2","2","UN","0L","MM 0020, vendas, livre","BRL","28.64","0","09:39:00","1","40","33","00","A","","","","",
"1012","PKL","PHI403300A","89411896","ADAPT ALUM 137X100MM DISTAK","","","2025-06-11","0","0","10","10","UN","10","10","UN","0L","MM 0020, vendas, livre","BRL","164.10","0","11:59:39","1","40","33","00","A","","","","",
"1012","PKL","PHI403300A","89411875","ADAPT ALUM 120X100MM DISTAK","","","2025-06-11","0","0","13","13","UN","13","13","UN","0L","MM 0020, vendas, livre","BRL","207.22","0","11:59:39","1","40","33","00","A","","","","",
"1012","PKL","PHI403300A","89411861","ADAPT ALUM 100X80MM DISTAK","","","2025-06-11","0","0","9","9","UN","9","9","UN","0L","MM 0020, vendas, livre","BRL","132.39","0","11:59:39","1","40","33","00","A","","","","",
"1012","PKL","PHI403300A","89411840","ADAPT ALUM 130X100MM DISTAK","","","2025-10-23","0","0","13","13","UN","13","13","UN","0L","MM 0020, vendas, livre","BRL","205.40","0","18:12:31","1","40","33","00","A","","","","",
"1012","PKL","PHI403300A","89411833","ARO ABRAC ARREM ALUM 150MM DISTAK","","","2025-10-02","0","0","7","7","UN","7","7","UN","0L","MM 0020, vendas, livre","BRL","219.94","0","06:49:28","1","40","33","00","A","","","","",
"1012","PKL","PHI403300A","89411791","ARO ABRAC ARREM ALUM 120MM DISTAK","","","2025-10-02","0","0","16","16","UN","16","16","UN","0L","MM 0020, vendas, livre","BRL","411.04","0","06:49:28","1","40","33","00","A","","","","",
"1012","PKL","PHI403300A","89688634","AQUEC GAS E10 GN DIG BIV BR 10L","","","2024-10-22","0","0","2","2","UN","2","2","UN","0L","MM 0020, vendas, livre","BRL","1995.08","0","12:11:12","1","40","33","00","A","","","","",
"1012","PKL","PHI403300A","89580792","TUBO SAIDA AR SANF ALUM 1,5M 90MM","","","2025-10-02","0","0","1","1","UN","1","1","UN","0L","MM 0020, vendas, livre","BRL","37.49","0","06:49:27","1","40","33","00","A","","","","",
"1012","PKL","PHI403300A","89518912","AQUEC GAS E15 GN DIG BIV BR 15L","","","2024-12-16","0","0","3","3","UN","3","3","UN","0L","MM 0020, vendas, livre","BRL","3649.26","0","12:42:46","1","40","33","00","A","","","","",
"1012","PKL","PHI403300A","89518793","AQUEC GAS E15 GLP DIG BIV CZ 15L","","","2024-10-22","0","0","1","1","UN","1","1","UN","0L","MM 0020, vendas, livre","BRL","1255.22","0","12:11:14","1","40","33","00","A","","","","",
"1012","PKL","PHI403300A","89518786","AQUEC GAS E15 GN DIG BIV CZ 15L","","","2024-10-22","0","0","2","2","UN","2","2","UN","0L","MM 0020, vendas, livre","BRL","2510.44","0","12:11:14","1","40","33","00","A","","","","",
"1012","PKL","PHI403300A","89518772","AQUEC GAS E15 GLP DIG BIV BR 15L","","","2024-10-22","0","0","1","1","UN","1","1","UN","0L","MM 0020, vendas, livre","BRL","1195.45","0","12:11:14","1","40","33","00","A","","","","",
"1012","PKL","PHI403300A","89537483","TUBO SAIDA AR SANF ALUM 5M 90MM DISTAK","","","2026-01-28","0","0","12","12","UN","12","12","UN","0L","MM 0020, vendas, livre","BRL","1338.24","0","17:32:50","1","40","33","00","A","","","","",
"1012","PKL","PHI403300A","89537462","TUBO SAIDA AR SANF ALUM 5M 60MM DISTAK","","","2025-12-08","0","0","6","6","UN","6","6","UN","0L","MM 0020, vendas, livre","BRL","525.66","0","09:39:00","1","40","33","00","A","","","","",
"1012","PKL","PHI403300A","89537420","TUBO SAIDA AR SANF ALUM 5M 130MM DISTAK","","","2025-12-08","0","0","5","5","UN","5","5","UN","0L","MM 0020, vendas, livre","BRL","884.45","0","09:39:00","1","40","33","00","A","","","","",
"1012","PKL","PHI403300A","89537413","TUBO SAIDA AR SANF ALUM 5M 120MM DISTAK","","","2025-10-02","0","0","3","3","UN","3","3","UN","0L","MM 0020, vendas, livre","BRL","433.56","0","06:49:27","1","40","33","00","A","","","","",
"1012","PKL","PHI403300A","89808243","AQUEC GAS GLP HOME DIG BIV BR 16L","","","2025-10-02","0","0","1","1","UN","1","1","UN","0L","MM 0020, vendas, livre","BRL","1016.49","0","06:49:27","1","40","33","00","A","","","","",
"1012","PKL","PHI403500A","89411973","AMPLIACAO ALUM 80x100MM DISTAK","","","2025-06-11","0","0","13","13","UN","13","13","UN","0L","MM 0020, vendas, livre","BRL","190.32","0","11:59:39","1","40","35","00","A","","","","",
"1012","PKL","PHI403500A","89807641","AQUEC GAS GN HOME DIG BIV BR 26L","","","2025-10-02","0","0","1","1","UN","1","1","UN","0L","MM 0020, vendas, livre","BRL","1776.19","0","06:49:27","1","40","35","00","A","","","","",
"1012","PKL","PHI403500A","89537392","TUBO SAIDA AR SANF ALUM 5M 100MM DISTAK","","","2024-09-03","0","0","13","13","UN","13","13","UN","0L","MM 0020, vendas, livre","BRL","1536.99","0","15:39:33","1","40","35","00","A","","","","",
"1012","PKL","PHI403500A","89537406","TUBO SAIDA AR SANF ALUM 5M 110MM DISTAK","","","2025-12-29","0","0","8","8","UN","8","8","UN","0L","MM 0020, vendas, livre","BRL","1077.60","0","10:15:35","1","40","35","00","A","","","","",
"1012","PKL","PHI403500A","89537455","TUBO SAIDA AR SANF ALUM 5M 150MM DISTAK","","","2024-09-03","0","0","9","9","UN","9","9","UN","0L","MM 0020, vendas, livre","BRL","1853.46","0","15:39:33","1","40","35","00","A","","","","",
"1012","PKL","PHI403500A","89537476","TUBO SAIDA AR SANF ALUM 5M 80MM DISTAK","","","2025-10-02","0","0","8","8","UN","8","8","UN","0L","MM 0020, vendas, livre","BRL","872.32","0","06:49:27","1","40","35","00","A","","","","",
"1012","PKL","PHI403500A","89518821","AQUEC GAS E21 GN DIG BIV PT 21L","","","2024-10-22","0","0","2","2","UN","2","2","UN","0L","MM 0020, vendas, livre","BRL","3311.00","0","12:11:12","1","40","35","00","A","","","","",
"1012","PKL","PHI403500A","89518835","AQUEC GAS E21 GLP DIG BIV PT 21L","","","2025-12-05","0","0","2","2","UN","2","2","UN","0L","MM 0020, vendas, livre","BRL","3410.36","0","12:03:11","1","40","35","00","A","","","","",
"1012","PKL","PHI403500A","89411840","ADAPT ALUM 130X100MM DISTAK","","","2025-10-02","0","0","16","16","UN","16","16","UN","0L","MM 0020, vendas, livre","BRL","252.80","0","06:49:27","1","40","35","00","A","","","","",
"1012","PKL","PHI403500A","89411903","AMPLIACAO ALUM 100X130MM DISTAK","","","2025-10-23","0","0","13","13","UN","13","13","UN","0L","MM 0020, vendas, livre","BRL","205.27","0","18:12:31","1","40","35","00","A","","","","",
"1012","PKL","PHI403500A","89411924","AMPLIACAO ALUM 100X150MM DISTAK","","","2025-06-11","0","0","2","2","UN","2","2","UN","0L","MM 0020, vendas, livre","BRL","34.96","0","11:59:39","1","40","35","00","A","","","","",
"1012","PKL","PHI403500A","89411931","AMPLIACAO ALUM 60X100MM DISTAK","","","2025-10-02","0","0","10","10","UN","10","10","UN","0L","MM 0020, vendas, livre","BRL","149.40","0","06:49:27","1","40","35","00","A","","","","",
"1012","PKL","PHI403500A","89411945","AMPLIACAO ALUM 60X130MM DISTAK","","","2025-12-28","0","0","14","14","UN","14","14","UN","0L","MM 0020, vendas, livre","BRL","225.82","0","11:22:20","1","40","35","00","A","","","","",
"1012","PKL","PHI403500A","89411952","AMPLIACAO ALUM 60X80MM DISTAK","","","2025-10-02","0","0","11","11","UN","11","11","UN","0L","MM 0020, vendas, livre","BRL","157.52","0","06:49:27","1","40","35","00","A","","","","",
"1012","PKL","PHI403500A","89412022","LUVA GALV EXAUSTAO 90MM DISTAK","","","2025-10-02","0","0","9","9","UN","9","9","UN","0L","MM 0020, vendas, livre","BRL","107.46","0","06:49:27","1","40","35","00","A","","","","",
"1012","PKL","PHI403500A","89412540","CHAPEU T ALUM 20CM 60MM DISTAK","","","2026-01-24","0","0","18","18","UN","18","18","UN","0L","MM 0020, vendas, livre","BRL","400.14","0","15:34:48","1","40","35","00","A","","","","",
"1012","PKL","PHI403500A","89412120","CHAPEU T ALUM 20CM 80MM DISTAK","","","2025-12-08","0","0","7","7","UN","7","7","UN","0L","MM 0020, vendas, livre","BRL","186.83","0","09:39:00","1","40","35","00","A","","","","",
"1012","PKL","PHI403500A","89412134","CHAPEU T ALUM 20CM 90MM DISTAK","","","2026-01-16","0","0","9","9","UN","9","9","UN","0L","MM 0020, vendas, livre","BRL","280.44","0","18:40:39","1","40","35","00","A","","","","",
"1012","PKL","PHI403500A","89412141","CHAPEU T ALUM 20CM 100MM DISTAK","","","2025-12-08","0","0","6","6","UN","6","6","UN","0L","MM 0020, vendas, livre","BRL","191.76","0","09:39:00","1","40","35","00","A","","","","",
"1012","PKL","PHI403500A","89412176","CHAPEU T ALUM 20CM 150MM DISTAK","","","2024-09-03","0","0","2","2","UN","2","2","UN","0L","MM 0020, vendas, livre","BRL","118.88","0","15:39:31","1","40","35","00","A","","","","",
"1012","PKL","PHI403500A","89424216","AQUEC GAS E33 GLP DIG BIV BR 32,5L","","","2025-11-28","0","0","2","2","UN","2","2","UN","0L","MM 0020, vendas, livre","BRL","6014.14","0","13:24:34","1","40","35","00","A","","","","",
"1012","PKL","PHI403500A","89357751","AQUEC GAS E21 GN DIG BIV CZ 21L","","","2026-01-21","0","0","1","1","UN","1","1","UN","0L","MM 0020, vendas, livre","BRL","1754.86","0","14:40:09","1","40","35","00","A","","","","",
"1012","PKL","PHI403500A","89357793","AQUEC GAS E21 GLP DIG BIV CZ 21L","","","2025-11-28","0","0","2","2","UN","2","2","UN","0L","MM 0020, vendas, livre","BRL","3509.72","0","13:24:34","1","40","35","00","A","","","","",
"1012","RES","RHI012700A","89127780","BOMBA AUTOASP AP-3C MONO 1CV BIV DANCOR","","","2025-10-21","0","0","33","33","UN","33","33","UN","0L","MM 0020, vendas, livre","BRL","22097.79","0","14:57:06","1","01","27","00","A","","","","",
"1012","RES","RHI012700A","89127794","BOMBA AUTOASP AP-3C 2CV BIVOLT DANCOR","","","2025-10-21","0","0","2","2","UN","2","2","UN","0L","MM 0020, vendas, livre","BRL","2068.56","0","14:57:04","1","01","27","00","A","","","","",
"1012","RES","RHI012700B","89127843","AREIA FILTRO PISCINA 15KG DANCOR","","","2025-12-16","0","0","50","50","UN","50","50","UN","0L","MM 0020, vendas, livre","BRL","1006.00","0","10:13:45","1","01","27","00","B","","","","",
"1012","RES","RHI012701A","89044655","CLORO GRAN ESTAB 10KG 3X1 GENCO","","","2026-01-23","0","0","80","80","UN","80","80","UN","0L","MM 0020, vendas, livre","BRL","9520.00","0","10:29:31","1","01","27","01","A","","","","",
"1012","RES","RHI012702A","89821641","CLORO PISCINA PACE AÇÃO TOTAL 10KG HTH","","","2025-04-09","0","0","64","64","UN","64","64","UN","0L","MM 0020, vendas, livre","BRL","6877.44","0","10:39:31","1","01","27","02","A","","","","",
"1012","RES","RHI012702B","89821641","CLORO PISCINA PACE AÇÃO TOTAL 10KG HTH","","","2025-04-09","0","0","64","64","UN","64","64","UN","0L","MM 0020, vendas, livre","BRL","6877.44","0","10:39:31","1","01","27","02","B","","","","",
"1012","RES","RHI012703A","89867155","BOMBA AUTOASPIRA WMA75H 3/4CV 127V CLAW","","","2026-01-09","0","0","53","53","UN","53","53","UN","0L","MM 0020, vendas, livre","BRL","16698.18","0","10:21:28","1","01","27","03","A","","","","",
"1012","RES","RHI012703A","89044795","SULFATO ALUMINIO 2KG GENCO","","","2025-10-16","0","0","176","176","UN","176","176","UN","0L","MM 0020, vendas, livre","BRL","1689.60","0","11:24:54","1","01","27","03","A","","","","",
"1012","RES","RHI012703B","89821144","BOMBA AUTOASP WMA100H 127V CLAW","","","2026-01-09","0","0","23","23","UN","23","23","UN","0L","MM 0020, vendas, livre","BRL","8916.87","0","10:21:29","1","01","27","03","B","","","","",
"1012","RES","RHI012703B","89867155","BOMBA AUTOASPIRA WMA75H 3/4CV 127V CLAW","","","2026-01-09","0","0","23","23","UN","23","23","UN","0L","MM 0020, vendas, livre","BRL","7246.38","0","10:21:26","1","01","27","03","B","","","","",
"1012","RES","RHI012704A","89876745","CLORO PISCINA TRADICIONAL 10KG HTH","","","2026-01-26","0","0","48","48","UN","48","48","UN","0L","MM 0020, vendas, livre","BRL","9729.60","0","16:31:22","1","01","27","04","A","","","","",
"1012","RES","RHI012705A","89824462","MANG JARDIM FLEX ENG SUP 20M TRAMONTINA","","","2025-11-25","0","0","96","96","UN","96","96","UN","0L","MM 0020, vendas, livre","BRL","4268.16","0","11:48:51","1","01","27","05","A","","","","",
"1012","RES","RHI012705B","89824462","MANG JARDIM FLEX ENG SUP 20M TRAMONTINA","","","2025-11-25","0","0","96","96","UN","96","96","UN","0L","MM 0020, vendas, livre","BRL","4268.16","0","11:48:53","1","01","27","05","B","","","","",
"1012","RES","RHI012900A","89044655","CLORO GRAN ESTAB 10KG 3X1 GENCO","","","2026-01-23","0","0","68","68","UN","68","68","UN","0L","MM 0020, vendas, livre","BRL","8092.00","0","10:29:26","1","01","29","00","A","","","","",
"1012","RES","RHI012900B","89821473","BOMBA AUTOASP PRESS WMPA130H 127V CLAW","","","2026-01-12","0","0","12","12","UN","12","12","UN","0L","MM 0020, vendas, livre","BRL","3140.16","0","09:34:25","1","01","29","00","B","","","","",
"1012","RES","RHI012900B","89821186","BOMBA AUTOASP WMA200H 127V CLAW","","","2026-01-12","0","0","6","6","UN","6","6","UN","0L","MM 0020, vendas, livre","BRL","3952.68","0","09:34:25","1","01","29","00","B","","","","",
"1012","RES","RHI012900B","89821172","BOMBA AUTOASP WMA150H 127V CLAW","","","2026-01-12","0","0","2","2","UN","2","2","UN","0L","MM 0020, vendas, livre","BRL","808.22","0","09:34:28","1","01","29","00","B","","","","",
"1012","RES","RHI012900B","89821144","BOMBA AUTOASP WMA100H 127V CLAW","","","2026-01-12","0","0","9","9","UN","9","9","UN","0L","MM 0020, vendas, livre","BRL","3489.21","0","09:34:28","1","01","29","00","B","","","","",
"1012","RES","RHI012900B","89821123","BOMBA AUTOASP WMA50H 127V CLAW","","","2026-01-12","0","0","18","18","UN","18","18","UN","0L","MM 0020, vendas, livre","BRL","4863.78","0","09:34:29","1","01","29","00","B","","","","",
"1012","RES","RHI012901A","89876745","CLORO PISCINA TRADICIONAL 10KG HTH","","","2026-01-26","0","0","48","48","UN","48","48","UN","0L","MM 0020, vendas, livre","BRL","9729.60","0","16:31:20","1","01","29","01","A","","","","",
"1012","RES","RHI012901B","89821641","CLORO PISCINA PACE AÇÃO TOTAL 10KG HTH","","","2025-04-09","0","0","48","48","UN","48","48","UN","0L","MM 0020, vendas, livre","BRL","5158.08","0","10:39:28","1","01","29","01","B","","","","",
"1012","RES","RHI012901B","89821396","BOMBA SUB CONTROL W2.5SDIM2/11 127V CLAW","","","2026-01-12","0","0","3","3","UN","3","3","UN","0L","MM 0020, vendas, livre","BRL","946.17","0","09:34:33","1","01","29","01","B","","","","",
"1012","RES","RHI012901B","89821172","BOMBA AUTOASP WMA150H 127V CLAW","","","2026-01-12","0","0","7","7","UN","7","7","UN","0L","MM 0020, vendas, livre","BRL","2828.77","0","09:34:33","1","01","29","01","B","","","","",
"1012","RES","RHI012902A","89821641","CLORO PISCINA PACE AÇÃO TOTAL 10KG HTH","","","2025-04-09","0","0","28","28","UN","28","28","UN","0L","MM 0020, vendas, livre","BRL","3008.88","0","10:39:31","1","01","29","02","A","","","","",
"1012","RES","RHI012902B","89440456","TUBO DESCARGA SOBREPOR 40MMX1,60M AMANCO","","","2026-01-26","0","0","210","210","UN","210","210","UN","0L","MM 0020, vendas, livre","BRL","2442.30","0","14:10:16","1","01","29","02","B","","","","",
"1012","RES","RHI012903B","89820094","BOMBA AUTOASP DPA-40 MONO 1/2CV 127/220V","","","2026-01-09","0","0","152","152","UN","152","152","UN","0L","MM 0020, vendas, livre","BRL","24827.68","0","11:41:49","1","01","29","03","B","","","","",
"1012","RES","RHI012905B","89836586","KIT VASO SANIT C/CX ACOPL ASPEN 3/6L BR","","","2025-11-06","0","0","9","9","UN","9","9","UN","0L","MM 0020, vendas, livre","BRL","4830.21","0","11:09:20","1","01","29","05","B","","","","",
"1012","RES","RHI013100A","89838882","MOTOBOMBA SUBM W2.5Sdim2/16 1/2Cv 127V","","","2025-11-19","0","0","1","1","UN","1","1","UN","0L","MM 0020, vendas, livre","BRL","387.67","0","09:56:46","1","01","31","00","A","","","","",
"1012","RES","RHI013100A","89208595","TUBO SOLD AF PVC 3M 32MM FORTLEV","","","2025-10-30","0","0","100","100","UN","100","100","UN","0L","MM 0020, vendas, livre","BRL","1736.00","0","17:02:45","1","01","31","00","A","","","","",
"1012","RES","RHI013100A","89127780","BOMBA AUTOASP AP-3C MONO 1CV BIV DANCOR","","","2026-01-05","0","0","1","1","UN","1","1","UN","0L","MM 0020, vendas, livre","BRL","669.63","0","09:19:42","1","01","31","00","A","","","","",
"1012","RES","RHI013100A","89643743","BOMBA SUBMERSIV AGUA DS-5 1/2CV 127V","","","2025-10-02","0","0","1","1","UN","1","1","UN","0L","MM 0020, vendas, livre","BRL","311.82","0","06:49:13","1","01","31","00","A","","","","",
"1012","RES","RHI013100A","89772284","BOMBA AUTOASP TPS-60 MONO 1/2CV 127/220V","","","2025-01-17","0","0","1","1","UN","1","1","UN","0L","MM 0020, vendas, livre","BRL","149.45","0","09:57:00","1","01","31","00","A","","","","",
"1012","RES","RHI013100A","89871243","BOMBA BP1/2CV IP21 127/220 MONO BLUEPOOL","","","2026-01-07","0","0","2","2","UN","2","2","UN","0L","MM 0020, vendas, livre","BRL","682.36","0","20:45:28","1","01","31","00","A","","","","",
"1012","RES","RHI013100A","89949566","BOMBA PERIF CP-60H 1/2CV 127V CLAW","","","2026-01-31","0","0","1","1","UN","1","1","UN","0L","MM 0020, vendas, livre","BRL","84.95","0","19:26:54","1","01","31","00","A","","","","",
"1012","RES","RHI013100A","89890710","BOMBA PERIF ACQUAPUMP 1/2CV 127V FERRARI","","","2025-09-30","0","0","1","1","UN","1","1","UN","0L","MM 0020, vendas, livre","BRL","91.68","0","20:10:28","1","01","31","00","A","","","","",
"1012","RES","RHI013100A","89660893","BOMBA CENTRI PERIF 1/2CV 127V ACQUAFLOW","","","2025-09-30","0","0","1","1","UN","1","1","UN","0L","MM 0020, vendas, livre","BRL","100.52","0","20:10:28","1","01","31","00","A","","","","",
"1012","RES","RHI013100A","89470332","BOMBA SUB 400L 50MCA 127V 3/4 BLUMA 5.0","","","2025-10-29","0","0","2","2","UN","2","2","UN","0L","MM 0020, vendas, livre","BRL","309.76","0","16:43:59","1","01","31","00","A","","","","",
"1012","RES","RHI013100A","89540311","BOMBA CENTRI ULTRA DC-4 MONO 1/2CV 127V","","","2026-01-12","0","0","1","1","UN","1","1","UN","0L","MM 0020, vendas, livre","BRL","284.85","0","18:04:34","1","01","31","00","A","","","","",
"1012","RES","RHI013100A","89540283","BOMBA AUTOASP ULTRA DA-2 MONO 1/2CV 127V","","","2026-01-12","0","0","1","1","UN","1","1","UN","0L","MM 0020, vendas, livre","BRL","339.72","0","15:50:39","1","01","31","00","A","","","","",
"1012","RES","RHI013100A","89821445","BOMBA CENTRI WMCM 158H 127V CLAW","","","2025-12-11","0","0","2","2","UN","2","2","UN","0L","MM 0020, vendas, livre","BRL","590.08","0","09:36:53","1","01","31","00","A","","","","",
"1012","RES","RHI013100A","89821396","BOMBA SUB CONTROL W2.5SDIM2/11 127V CLAW","","","2026-01-12","0","0","1","1","UN","1","1","UN","0L","MM 0020, vendas, livre","BRL","315.39","0","12:58:32","1","01","31","00","A","","","","",
"1012","RES","RHI013100A","89821375","BOMBA SUB CONTROL W2.5SDIM2/8 127V CLAW","","","2025-11-22","0","0","1","1","UN","1","1","UN","0L","MM 0020, vendas, livre","BRL","297.21","0","17:48:18","1","01","31","00","A","","","","",
"1012","RES","RHI013100A","89821200","BOMBA PERIF CP-60H 1/2CV 127V CLAW","","","2025-10-06","0","0","3","3","UN","3","3","UN","0L","MM 0020, vendas, livre","BRL","261.99","0","10:41:54","1","01","31","00","A","","","","",
"1012","RES","RHI013100A","89821172","BOMBA AUTOASP WMA150H 127V CLAW","","","2026-01-03","0","0","3","3","UN","3","3","UN","0L","MM 0020, vendas, livre","BRL","1212.33","0","17:26:23","1","01","31","00","A","","","","",
"1012","RES","RHI013100A","89821144","BOMBA AUTOASP WMA100H 127V CLAW","","","2026-01-06","0","0","5","5","UN","5","5","UN","0L","MM 0020, vendas, livre","BRL","1938.45","0","11:20:36","1","01","31","00","A","","","","",
"1012","RES","RHI013100A","89813171","BOMBA CENTRI PERIF 1CV BIV BA-50","","","2025-09-30","0","0","1","1","UN","1","1","UN","0L","MM 0020, vendas, livre","BRL","241.36","0","20:10:28","1","01","31","00","A","","","","",
"1012","RES","RHI013100A","89825463","BOMBA DE ÁGUA PERIF 1/2CV BA-40 FERRARI","","","2026-01-02","0","0","3","3","UN","3","3","UN","0L","MM 0020, vendas, livre","BRL","423.24","0","15:32:26","1","01","31","00","A","","","","",
"1012","RES","RHI013100A","89820094","BOMBA AUTOASP DPA-40 MONO 1/2CV 127/220V","","","2026-01-04","0","0","1","1","UN","1","1","UN","0L","MM 0020, vendas, livre","BRL","163.34","0","10:25:26","1","01","31","00","A","","","","",
"1012","RES","RHI013100B","89821172","BOMBA AUTOASP WMA150H 127V CLAW","","","2026-01-09","0","0","39","39","UN","39","39","UN","0L","MM 0020, vendas, livre","BRL","15760.29","0","10:21:24","1","01","31","00","B","","","","",
"1012","RES","RHI013101A","89127843","AREIA FILTRO PISCINA 15KG DANCOR","","","2026-01-09","0","0","50","50","UN","50","50","UN","0L","MM 0020, vendas, livre","BRL","1006.00","0","11:41:59","1","01","31","01","A","","","","",
"1012","RES","RHI013101B","89876745","CLORO PISCINA TRADICIONAL 10KG HTH","","","2026-01-26","0","0","48","48","UN","48","48","UN","0L","MM 0020, vendas, livre","BRL","9729.60","0","16:31:24","1","01","31","01","B","","","","",
"1012","RES","RHI013102A","89127843","AREIA FILTRO PISCINA 15KG DANCOR","","","2025-11-03","0","0","49","49","UN","49","49","UN","0L","MM 0020, vendas, livre","BRL","985.88","0","10:02:35","1","01","31","02","A","","","","",
"1012","RES","RHI013103B","89127913","BOMBA PISCINA PF-17 MONO 1/2CV 127/220V","","","2025-12-16","0","0","1","1","UN","1","1","UN","0L","MM 0020, vendas, livre","BRL","603.67","0","10:13:49","1","01","31","03","B","","","","",
"1012","RES","RHI013103B","89127794","BOMBA AUTOASP AP-3C 2CV BIVOLT DANCOR","","","2025-12-16","0","0","1","1","UN","1","1","UN","0L","MM 0020, vendas, livre","BRL","1034.28","0","10:13:52","1","01","31","03","B","","","","",
"1012","RES","RHI013103B","89127780","BOMBA AUTOASP AP-3C MONO 1CV BIV DANCOR","","","2025-11-29","0","0","1","1","UN","1","1","UN","0L","MM 0020, vendas, livre","BRL","669.63","0","16:23:49","1","01","31","03","B","","","","",
"1012","RES","RHI013103B","89540311","BOMBA CENTRI ULTRA DC-4 MONO 1/2CV 127V","","","2025-12-16","0","0","1","1","UN","1","1","UN","0L","MM 0020, vendas, livre","BRL","284.85","0","10:13:51","1","01","31","03","B","","","","",
"1012","RES","RHI013103B","89540283","BOMBA AUTOASP ULTRA DA-2 MONO 1/2CV 127V","","","2025-12-29","0","0","6","6","UN","6","6","UN","0L","MM 0020, vendas, livre","BRL","2038.32","0","10:09:00","1","01","31","03","B","","","","",
"1012","RES","RHI013103B","89820094","BOMBA AUTOASP DPA-40 MONO 1/2CV 127/220V","","","2026-01-03","0","0","11","11","UN","11","11","UN","0L","MM 0020, vendas, livre","BRL","1796.74","0","09:55:24","1","01","31","03","B","","","","",
"1012","RES","RHI013104A","89417482","ISOLAMENTO TERM POLIPEX PT 10X22MM 2M","","","2025-02-08","0","0","100","100","UN","100","100","UN","0L","MM 0020, vendas, livre","BRL","561.00","0","13:52:23","1","01","31","04","A","","","","",
"1012","RES","RHI013105B","89843124","JANELA 2FLS C/GD AL BRI ECO 100X100CM","","","2025-09-30","0","0","20","20","UN","20","20","UN","0L","MM 0020, vendas, livre","BRL","3237.20","0","19:44:03","1","01","31","05","B","","","","",
"1012","RES","RHI013105B","89824462","MANG JARDIM FLEX ENG SUP 20M TRAMONTINA","","","2025-11-25","0","0","96","96","UN","96","96","UN","0L","MM 0020, vendas, livre","BRL","4268.16","0","11:48:54","1","01","31","05","B","","","","",
"1012","AEL","THI010100A","89440932","TUBO ESG SR 3M DN100 AMANCO","","","2025-01-29","0","0","29","29","UN","29","29","UN","0L","MM 0020, vendas, livre","BRL","2322.32","0","11:55:00","1","01","01","00","A","","","","",
"1012","AEL","THI010100A","89440974","TUBO ESG SR 3M DN50 AMANCO","","","2024-12-30","0","0","35","35","UN","35","35","UN","0L","MM 0020, vendas, livre","BRL","934.50","0","11:41:08","1","01","01","00","A","","","","",
"1012","AEL","THI010100A","89440981","TUBO ESG SR 3M DN75 AMANCO","","","2025-10-17","0","0","100","100","UN","100","100","UN","0L","MM 0020, vendas, livre","BRL","6226.00","0","10:23:42","1","01","01","00","A","","","","",
"1012","AEL","THI010100A","89039601","TUBO SOLD AF PVC 3M 20MM TIGRE","","","2026-01-06","0","0","160","160","UN","160","160","UN","0L","MM 0020, vendas, livre","BRL","1632.00","0","13:43:39","1","01","01","00","A","","","","",
"1012","AEL","THI010100A","89039615","TUBO SOLD AF PVC 3M 25MM TIGRE","","","2026-01-06","0","0","1450","1450","UN","1450","1450","UN","0L","MM 0020, vendas, livre","BRL","16124.00","0","13:43:39","1","01","01","00","A","","","","",
"1012","AEL","THI010100A","89039636","TUBO SOLD AF PVC 3M 40MM TIGRE","","","2026-01-06","0","0","60","60","UN","60","60","UN","0L","MM 0020, vendas, livre","BRL","2418.00","0","13:43:39","1","01","01","00","A","","","","",
"1012","AEL","THI010100A","89039643","TUBO SOLD AF PVC 3M 50MM TIGRE","","","2025-12-16","0","0","200","200","UN","200","200","UN","0L","MM 0020, vendas, livre","BRL","8088.00","0","18:51:12","1","01","01","00","A","","","","",
"1012","AEL","THI010100A","89039650","TUBO SOLD AF PVC 3M 60MM TIGRE","","","2025-12-16","0","0","97","97","UN","97","97","UN","0L","MM 0020, vendas, livre","BRL","9496.30","0","18:51:15","1","01","01","00","A","","","","",
"1012","AEL","THI010100A","89040665","TUBO ESG SN PVC 3M DN100 TIGRE","","","2026-01-06","0","0","80","80","UN","80","80","UN","0L","MM 0020, vendas, livre","BRL","3304.80","0","13:44:22","1","01","01","00","A","","","","",
"1012","AEL","THI010100A","89040672","TUBO ESG SN PVC 3M DN150 TIGRE","","","2026-01-06","0","0","72","72","UN","72","72","UN","0L","MM 0020, vendas, livre","BRL","7385.04","0","13:44:29","1","01","01","00","A","","","","",
"1012","AEL","THI010100A","89208483","TUBO SOLD AF PVC 3M 25MM FORTLEV","","","2026-01-14","0","0","1680","1680","UN","1680","1680","UN","0L","MM 0020, vendas, livre","BRL","12314.40","0","11:39:10","1","01","01","00","A","","","","",
"1012","AEL","THI010100A","89207230","TUBO ESG SN PVC 3M DN40 FORTLEV","","","2026-01-22","0","0","350","350","UN","350","350","UN","0L","MM 0020, vendas, livre","BRL","3927.00","0","11:52:34","1","01","01","00","A","","","","",
"1012","AEL","THI010100A","89207265","TUBO ESG SN PVC 3M DN100 FORTLEV","","","2026-01-22","0","0","360","360","UN","360","360","UN","0L","MM 0020, vendas, livre","BRL","9187.20","0","11:52:34","1","01","01","00","A","","","","",
"1012","AEL","THI010100A","89847016","TUBO SOLD PP 75X3M AMANCO","","","2025-12-12","0","0","93","93","UN","93","93","UN","0L","MM 0020, vendas, livre","BRL","12701.01","0","09:54:21","1","01","01","00","A","","","","",
"1012","AEL","THI010100A","89847023","TUBO SOLD PP 85X3M AMANCO","","","2025-11-10","0","0","35","35","UN","35","35","UN","0L","MM 0020, vendas, livre","BRL","5865.65","0","14:31:01","1","01","01","00","A","","","","",
"1012","AEL","THI010100A","89847030","TUBO SOLD PP 110X3M AMANCO","","","2025-11-14","0","0","103","103","UN","103","103","UN","0L","MM 0020, vendas, livre","BRL","29906.05","0","16:19:52","1","01","01","00","A","","","","",
"(2.818)","","","","","","","","","","","1","SAC","","","","","","","","","","","","","","","","","","",
"","","","","","","","","","","","8873","M","","","","","","","","","","","","","","","","","","",
"","","","","","","","","","","","260822","UN","","","","","","","","","","","","","","","","","","",
